index,latitude,longitude,x_m,y_m,dr_x_m,dr_y_m,dr_yaw_deg,direction,mode,drive_level,wheel,event
0,37.2889816667,127.107651,0.0,0.0,0.0,0.0,0.0,1,1,2.0,0,NONE
1,37.2889813333,127.1076493333,-0.148,-0.037,0.0,0.0,0.0,1,1,2.0,0,NONE
2,37.2889808333,127.1076476667,-0.295,-0.093,0.0,0.0,0.0,1,1,2.0,0,NONE
3,37.2889813333,127.107646,-0.443,-0.037,0.0,0.0,0.0,1,1,2.0,0,NONE
4,37.288982,127.1076441667,-0.605,0.037,0.0,0.0,0.0,1,1,2.0,0,NONE
5,37.2889828333,127.1076425,-0.753,0.13,0.0,0.0,0.0,1,1,2.0,0,NONE
6,37.2889835,127.1076401667,-0.959,0.204,0.0,0.0,0.0,1,1,2.0,0,NONE
7,37.2889841667,127.107638,-1.151,0.278,0.0,0.0,0.0,1,1,2.0,0,NONE
8,37.2889846667,127.1076363333,-1.299,0.334,0.0,0.0,0.0,1,1,2.0,0,NONE
9,37.2889851667,127.1076345,-1.461,0.39,0.0,0.0,0.0,1,1,2.0,0,NONE
10,37.288986,127.1076326667,-1.624,0.482,0.0,0.0,0.0,1,1,2.0,0,NONE
11,37.2889868333,127.1076308333,-1.786,0.575,0.0,0.0,0.0,1,1,2.0,0,NONE
12,37.2889873333,127.107629,-1.948,0.631,0.0,0.0,0.0,1,1,2.0,0,NONE
13,37.2889875,127.1076268333,-2.14,0.649,0.0,0.0,0.0,1,1,2.0,0,NONE
14,37.2889878333,127.1076245,-2.347,0.686,0.0,0.0,0.0,1,1,2.0,0,NONE
15,37.2889883333,127.1076225,-2.524,0.742,0.0,0.0,0.0,1,1,2.0,0,NONE
16,37.2889888333,127.1076205,-2.701,0.798,0.0,0.0,0.0,1,1,2.0,0,NONE
17,37.2889896667,127.1076183333,-2.893,0.891,0.0,0.0,0.0,1,1,2.0,0,NONE
18,37.2889901667,127.1076165,-3.055,0.946,0.0,0.0,0.0,1,1,2.0,0,NONE
19,37.2889906667,127.1076145,-3.233,1.002,0.0,0.0,0.0,1,1,2.0,0,NONE
20,37.288991,127.107612,-3.454,1.039,0.0,0.0,0.0,1,1,2.0,0,NONE
21,37.2889915,127.10761,-3.631,1.095,0.0,0.0,0.0,1,1,2.0,0,NONE
22,37.288992,127.107608,-3.808,1.15,0.0,0.0,0.0,1,1,2.0,0,NONE
23,37.2889926667,127.1076058333,-4.0,1.225,0.0,0.0,0.0,1,1,2.0,0,NONE
24,37.2889933333,127.1076035,-4.207,1.299,0.0,0.0,0.0,1,1,2.0,0,NONE
25,37.2889938333,127.1076013333,-4.399,1.354,0.0,0.0,0.0,1,1,2.0,0,NONE
26,37.2889943333,127.1075988333,-4.62,1.41,0.0,0.0,0.0,1,1,2.0,0,NONE
27,37.2889948333,127.1075965,-4.827,1.466,0.0,0.0,0.0,1,1,2.0,0,NONE
28,37.2889955,127.1075945,-5.004,1.54,0.0,0.0,0.0,1,1,2.0,0,NONE
29,37.2889963333,127.1075921667,-5.211,1.633,0.0,0.0,0.0,1,1,2.0,0,NONE
30,37.288997,127.1075898333,-5.417,1.707,0.0,0.0,0.0,1,1,2.0,0,NONE
31,37.2889975,127.1075876667,-5.609,1.763,0.0,0.0,0.0,1,1,2.0,0,NONE
32,37.288998,127.107585,-5.845,1.818,0.0,0.0,0.0,1,1,2.0,0,NONE
33,37.2889983333,127.1075826667,-6.052,1.855,0.0,0.0,0.0,1,1,2.0,0,NONE
34,37.288999,127.1075805,-6.244,1.93,0.0,0.0,0.0,1,1,2.0,0,NONE
35,37.2889996667,127.107578,-6.465,2.004,0.0,0.0,0.0,1,1,2.0,0,NONE
36,37.2890006667,127.1075756667,-6.672,2.115,0.0,0.0,0.0,1,1,2.0,0,NONE
37,37.2890011667,127.1075733333,-6.879,2.171,0.0,0.0,0.0,1,1,2.0,0,NONE
38,37.2890016667,127.1075708333,-7.1,2.226,0.0,0.0,0.0,1,1,2.0,0,NONE
39,37.2890021667,127.1075686667,-7.292,2.282,0.0,0.0,0.0,1,1,2.0,0,NONE
40,37.2890028333,127.1075665,-7.484,2.356,0.0,0.0,0.0,1,1,2.0,0,NONE
41,37.2890036667,127.1075641667,-7.69,2.449,0.0,0.0,0.0,1,1,2.0,0,NONE
42,37.2890045,127.107562,-7.882,2.542,0.0,0.0,0.0,1,1,2.0,0,NONE
43,37.289005,127.1075596667,-8.089,2.597,0.0,0.0,0.0,1,1,2.0,0,NONE
44,37.2890055,127.1075571667,-8.31,2.653,0.0,0.0,0.0,1,1,2.0,0,NONE
45,37.289006,127.107555,-8.502,2.709,0.0,0.0,0.0,1,1,2.0,0,NONE
46,37.2890065,127.1075528333,-8.694,2.764,0.0,0.0,0.0,1,1,2.0,0,NONE
47,37.2890073333,127.1075506667,-8.886,2.857,0.0,0.0,0.0,1,1,2.0,0,NONE
48,37.289008,127.1075485,-9.078,2.931,0.0,0.0,0.0,1,1,2.0,0,NONE
49,37.2890083333,127.1075461667,-9.285,2.969,0.0,0.0,0.0,1,1,2.0,0,NONE
50,37.2890086667,127.1075435,-9.521,3.006,0.0,0.0,0.0,1,1,2.0,0,NONE
51,37.289009,127.1075411667,-9.727,3.043,0.0,0.0,0.0,1,1,2.0,0,NONE
52,37.2890095,127.1075386667,-9.949,3.098,0.0,0.0,0.0,1,1,2.0,0,NONE
53,37.2890101667,127.1075361667,-10.17,3.173,0.0,0.0,0.0,1,1,2.0,0,NONE
54,37.2890108333,127.1075336667,-10.392,3.247,0.0,0.0,0.0,1,1,2.0,0,NONE
55,37.2890111667,127.107531,-10.628,3.284,0.0,0.0,0.0,1,1,2.0,0,NONE
56,37.2890116667,127.1075283333,-10.864,3.34,0.0,0.0,0.0,1,1,2.0,0,NONE
57,37.2890121667,127.1075258333,-11.085,3.395,0.0,0.0,0.0,1,1,2.0,0,NONE
58,37.289013,127.1075231667,-11.322,3.488,0.0,0.0,0.0,1,1,2.0,0,NONE
59,37.2890136667,127.1075203333,-11.573,3.562,0.0,0.0,0.0,1,1,2.0,0,NONE
60,37.2890143333,127.1075176667,-11.809,3.636,0.0,0.0,0.0,1,1,2.0,0,NONE
61,37.2890146667,127.1075148333,-12.06,3.674,0.0,0.0,0.0,1,1,2.0,0,NONE
62,37.2890151667,127.1075123333,-12.281,3.729,0.0,0.0,0.0,1,1,2.0,0,NONE
63,37.2890156667,127.1075096667,-12.517,3.785,0.0,0.0,0.0,1,1,2.0,0,NONE
64,37.2890165,127.107507,-12.753,3.878,0.0,0.0,0.0,1,1,2.0,0,NONE
65,37.2890173333,127.1075043333,-12.99,3.97,0.0,0.0,0.0,1,1,2.0,0,NONE
66,37.289018,127.1075016667,-13.226,4.045,0.0,0.0,0.0,1,1,2.0,0,NONE
67,37.2890186667,127.107499,-13.462,4.119,0.0,0.0,0.0,1,1,2.0,0,NONE
68,37.2890191667,127.1074965,-13.683,4.175,0.0,0.0,0.0,1,1,2.0,0,NONE
69,37.2890201667,127.107494,-13.905,4.286,0.0,0.0,0.0,1,1,2.0,0,NONE
70,37.2890211667,127.1074913333,-14.141,4.397,0.0,0.0,0.0,1,1,2.0,0,NONE
71,37.289022,127.107489,-14.348,4.49,0.0,0.0,0.0,1,1,2.0,0,NONE
72,37.2890226667,127.1074863333,-14.584,4.564,0.0,0.0,0.0,1,1,2.0,0,NONE
73,37.2890231667,127.1074836667,-14.82,4.62,0.0,0.0,0.0,1,1,2.0,0,NONE
74,37.2890238333,127.1074813333,-15.027,4.694,0.0,0.0,0.0,1,1,2.0,0,NONE
75,37.2890245,127.1074786667,-15.263,4.768,0.0,0.0,0.0,1,1,2.0,0,NONE
76,37.2890253333,127.1074763333,-15.469,4.861,0.0,0.0,0.0,1,1,2.0,0,NONE
77,37.2890258333,127.1074736667,-15.706,4.917,0.0,0.0,0.0,1,1,2.0,0,NONE
78,37.2890265,127.107471,-15.942,4.991,0.0,0.0,0.0,1,1,2.0,0,NONE
79,37.289027,127.1074685,-16.163,5.047,0.0,0.0,0.0,1,1,2.0,0,NONE
80,37.2890275,127.1074661667,-16.37,5.102,0.0,0.0,0.0,1,1,2.0,0,NONE
81,37.2890283333,127.1074636667,-16.591,5.195,0.0,0.0,0.0,1,1,2.0,0,NONE
82,37.289029,127.107461,-16.827,5.269,0.0,0.0,0.0,1,1,2.0,0,NONE
83,37.2890296667,127.1074585,-17.049,5.343,0.0,0.0,0.0,1,1,2.0,0,NONE
84,37.2890303333,127.1074556667,-17.3,5.418,0.0,0.0,0.0,1,1,2.0,0,NONE
85,37.2890308333,127.107453,-17.536,5.473,0.0,0.0,0.0,1,1,2.0,0,NONE
86,37.2890315,127.1074505,-17.757,5.547,0.0,0.0,0.0,1,1,2.0,0,NONE
87,37.2890325,127.1074478333,-17.993,5.659,0.0,0.0,0.0,1,1,2.0,0,NONE
88,37.2890331667,127.1074453333,-18.215,5.733,0.0,0.0,0.0,1,1,2.0,0,NONE
89,37.289034,127.1074426667,-18.451,5.826,0.0,0.0,0.0,1,1,2.0,0,NONE
90,37.2890345,127.10744,-18.687,5.881,0.0,0.0,0.0,1,1,2.0,0,NONE
91,37.2890351667,127.1074375,-18.909,5.956,0.0,0.0,0.0,1,1,2.0,0,NONE
92,37.289036,127.1074348333,-19.145,6.048,0.0,0.0,0.0,1,1,2.0,0,NONE
93,37.2890368333,127.1074323333,-19.366,6.141,0.0,0.0,0.0,1,1,2.0,0,NONE
94,37.2890376667,127.1074298333,-19.588,6.234,0.0,0.0,0.0,1,1,2.0,0,NONE
95,37.2890383333,127.1074271667,-19.824,6.308,0.0,0.0,0.0,1,1,2.0,0,NONE
96,37.2890388333,127.1074246667,-20.045,6.364,0.0,0.0,0.0,1,1,2.0,0,NONE
97,37.2890395,127.1074221667,-20.267,6.438,0.0,0.0,0.0,1,1,2.0,0,NONE
98,37.2890403333,127.1074195,-20.503,6.531,0.0,0.0,0.0,1,1,2.0,0,NONE
99,37.2890411667,127.1074171667,-20.709,6.624,0.0,0.0,0.0,1,1,2.0,0,NONE
100,37.2890418333,127.1074146667,-20.931,6.698,0.0,0.0,0.0,1,1,2.0,0,NONE
101,37.2890425,127.107412,-21.167,6.772,0.0,0.0,0.0,1,1,2.0,0,NONE
102,37.289043,127.1074095,-21.388,6.828,0.0,0.0,0.0,1,1,2.0,0,NONE
103,37.2890436667,127.107407,-21.61,6.902,0.0,0.0,0.0,1,1,2.0,0,NONE
104,37.2890443333,127.1074045,-21.831,6.976,0.0,0.0,0.0,1,1,2.0,0,NONE
105,37.289045,127.107402,-22.053,7.05,0.0,0.0,0.0,1,1,2.0,0,NONE
106,37.2890456667,127.1073995,-22.274,7.124,0.0,0.0,0.0,1,1,2.0,0,NONE
107,37.2890461667,127.1073971667,-22.481,7.18,0.0,0.0,0.0,1,1,2.0,0,NONE
108,37.2890466667,127.1073948333,-22.687,7.236,0.0,0.0,0.0,1,1,2.0,0,NONE
109,37.2890473333,127.1073928333,-22.865,7.31,0.0,0.0,0.0,1,1,2.0,0,NONE
110,37.2890478333,127.107391,-23.027,7.366,0.0,0.0,0.0,1,1,2.0,0,NONE
111,37.2890471667,127.1073925,-22.894,7.291,0.0,0.0,0.0,1,1,2.0,0,NONE
112,37.2890473333,127.1073921667,-22.924,7.31,0.0,0.0,0.0,1,2,2.0,0,NONE
113,37.289048,127.1073905,-23.071,7.384,0.0,0.0,0.0,1,2,2.0,0,NONE
114,37.2890486667,127.1073886667,-23.234,7.458,0.0,0.0,0.0,1,2,2.0,0,NONE
115,37.289049,127.107387,-23.381,7.496,0.0,0.0,0.0,1,2,2.0,0,NONE
116,37.2890493333,127.1073851667,-23.544,7.533,0.0,0.0,0.0,1,2,2.0,0,NONE
117,37.2890496667,127.1073828333,-23.75,7.57,0.0,0.0,0.0,1,2,2.0,0,NONE
118,37.2890501667,127.107381,-23.913,7.625,0.0,0.0,0.0,1,2,2.0,0,NONE
119,37.289051,127.1073786667,-24.119,7.718,0.0,0.0,0.0,1,2,2.0,0,NONE
120,37.2890516667,127.107377,-24.267,7.792,0.0,0.0,0.0,1,2,2.0,0,NONE
121,37.2890523333,127.1073746667,-24.473,7.867,0.0,0.0,0.0,1,2,2.0,0,NONE
122,37.2890526667,127.107373,-24.621,7.904,0.0,0.0,0.0,1,2,2.0,0,NONE
123,37.289053,127.1073713333,-24.769,7.941,0.0,0.0,0.0,1,2,2.0,0,NONE
124,37.2890535,127.1073693333,-24.946,7.996,0.0,0.0,0.0,1,2,2.0,0,NONE
125,37.2890541667,127.107367,-25.152,8.071,0.0,0.0,0.0,1,2,2.0,0,NONE
126,37.2890548333,127.1073648333,-25.344,8.145,0.0,0.0,0.0,1,2,2.0,0,NONE
127,37.2890555,127.1073631667,-25.492,8.219,0.0,0.0,0.0,1,2,2.0,0,NONE
128,37.2890556667,127.107361,-25.684,8.238,0.0,0.0,0.0,1,2,2.0,0,NONE
129,37.2890561667,127.1073593333,-25.831,8.293,0.0,0.0,0.0,1,2,2.0,0,NONE
130,37.2890568333,127.1073576667,-25.979,8.368,0.0,0.0,0.0,1,2,2.0,0,NONE
131,37.2890578333,127.1073555,-26.171,8.479,0.0,0.0,0.0,1,2,2.0,0,NONE
132,37.2890585,127.1073538333,-26.319,8.553,0.0,0.0,0.0,1,2,2.0,0,NONE
133,37.2890591667,127.1073516667,-26.51,8.627,0.0,0.0,0.0,1,2,2.0,0,NONE
134,37.2890595,127.10735,-26.658,8.664,0.0,0.0,0.0,1,2,2.0,0,NONE
135,37.28906,127.1073481667,-26.82,8.72,0.0,0.0,0.0,1,2,2.0,0,NONE
136,37.2890608333,127.107346,-27.012,8.813,0.0,0.0,0.0,1,2,2.0,0,NONE
137,37.2890618333,127.107344,-27.189,8.924,0.0,0.0,0.0,1,2,2.0,0,NONE
138,37.2890623333,127.1073421667,-27.352,8.98,0.0,0.0,0.0,1,2,2.0,0,NONE
139,37.2890626667,127.1073398333,-27.559,9.017,0.0,0.0,0.0,1,2,2.0,0,NONE
140,37.2890628333,127.1073378333,-27.736,9.035,0.0,0.0,0.0,1,2,2.0,0,NONE
141,37.2890633333,127.1073358333,-27.913,9.091,0.0,0.0,0.0,1,2,2.0,0,NONE
142,37.2890641667,127.107334,-28.075,9.184,0.0,0.0,0.0,1,2,2.0,0,NONE
143,37.2890648333,127.1073321667,-28.237,9.258,0.0,0.0,0.0,1,2,2.0,0,NONE
144,37.2890648333,127.1073301667,-28.415,9.258,0.0,0.0,0.0,1,2,2.0,0,NONE
145,37.289065,127.1073281667,-28.592,9.277,0.0,0.0,0.0,1,2,2.0,0,NONE
146,37.2890658333,127.1073261667,-28.769,9.369,0.0,0.0,0.0,1,2,2.0,0,NONE
147,37.2890665,127.1073243333,-28.931,9.444,0.0,0.0,0.0,1,2,2.0,0,NONE
148,37.2890671667,127.1073225,-29.094,9.518,0.0,0.0,0.0,1,2,2.0,0,NONE
149,37.2890676667,127.1073203333,-29.286,9.574,0.0,0.0,0.0,1,2,2.0,0,NONE
150,37.289068,127.1073178333,-29.507,9.611,0.0,0.0,0.0,1,2,2.0,0,NONE
151,37.2890685,127.1073156667,-29.699,9.666,0.0,0.0,0.0,1,2,2.0,0,NONE
152,37.2890693333,127.1073141667,-29.832,9.759,0.0,0.0,0.0,1,2,2.0,0,NONE
153,37.28907,127.1073118333,-30.038,9.833,0.0,0.0,0.0,1,2,2.0,0,NONE
154,37.2890706667,127.1073096667,-30.23,9.907,0.0,0.0,0.0,1,2,2.0,0,NONE
155,37.2890708333,127.1073073333,-30.437,9.926,0.0,0.0,0.0,1,2,2.0,0,NONE
156,37.2890715,127.1073055,-30.599,10.0,0.0,0.0,0.0,1,2,2.0,0,NONE
157,37.2890725,127.1073036667,-30.762,10.112,0.0,0.0,0.0,1,2,2.0,0,NONE
158,37.2890735,127.107302,-30.909,10.223,0.0,0.0,0.0,1,2,2.0,0,NONE
159,37.2890741667,127.1072998333,-31.101,10.297,0.0,0.0,0.0,1,2,2.0,0,NONE
160,37.2890745,127.1072978333,-31.278,10.334,0.0,0.0,0.0,1,2,2.0,0,NONE
161,37.2890748333,127.107296,-31.441,10.371,0.0,0.0,0.0,1,2,2.0,0,NONE
162,37.2890755,127.1072943333,-31.588,10.446,0.0,0.0,0.0,1,2,2.0,0,NONE
163,37.2890763333,127.1072928333,-31.721,10.538,0.0,0.0,0.0,1,2,2.0,0,NONE
164,37.2890768333,127.107291,-31.883,10.594,0.0,0.0,0.0,1,2,2.0,0,NONE
165,37.289077,127.1072886667,-32.09,10.613,0.0,0.0,0.0,1,2,2.0,0,NONE
166,37.289077,127.1072866667,-32.267,10.613,0.0,0.0,0.0,1,2,2.0,0,NONE
167,37.2890778333,127.1072851667,-32.4,10.705,0.0,0.0,0.0,1,2,2.0,0,NONE
168,37.2890788333,127.1072836667,-32.533,10.817,0.0,0.0,0.0,1,2,2.0,0,NONE
169,37.2890795,127.1072821667,-32.666,10.891,0.0,0.0,0.0,1,2,2.0,0,NONE
170,37.2890798333,127.1072805,-32.813,10.928,0.0,0.0,0.0,1,2,2.0,0,NONE
171,37.28908,127.1072786667,-32.976,10.946,0.0,0.0,0.0,1,2,2.0,0,NONE
172,37.2890803333,127.1072766667,-33.153,10.984,0.0,0.0,0.0,1,2,2.0,0,NONE
173,37.2890811667,127.1072748333,-33.315,11.076,0.0,0.0,0.0,1,2,2.0,0,NONE
174,37.2890818333,127.1072731667,-33.463,11.151,0.0,0.0,0.0,1,2,2.0,0,NONE
175,37.2890823333,127.1072715,-33.61,11.206,0.0,0.0,0.0,1,2,2.0,0,NONE
176,37.2890825,127.107269,-33.832,11.225,0.0,0.0,0.0,1,2,2.0,0,NONE
177,37.2890828333,127.1072671667,-33.994,11.262,0.0,0.0,0.0,1,2,2.0,0,NONE
178,37.2890831667,127.1072661667,-34.083,11.299,0.0,0.0,0.0,1,2,2.0,0,STOP_LINE
179,37.2890843333,127.1072651667,-34.171,11.429,0.0,0.0,0.0,1,2,2.0,0,NONE
180,37.2890848333,127.1072631667,-34.348,11.485,0.0,0.0,0.0,1,2,2.0,0,NONE
181,37.289085,127.1072608333,-34.555,11.503,0.0,0.0,0.0,1,2,2.0,0,NONE
182,37.2890855,127.1072586667,-34.747,11.559,0.0,0.0,0.0,1,2,2.0,0,NONE
183,37.2890858333,127.107257,-34.895,11.596,0.0,0.0,0.0,1,2,2.0,0,NONE
184,37.2890865,127.1072551667,-35.057,11.67,0.0,0.0,0.0,1,2,2.0,0,NONE
185,37.289087,127.1072533333,-35.219,11.726,0.0,0.0,0.0,1,2,2.0,0,NONE
186,37.2890875,127.1072513333,-35.397,11.781,0.0,0.0,0.0,1,2,2.0,0,NONE
187,37.2890878333,127.1072491667,-35.588,11.818,0.0,0.0,0.0,1,2,2.0,0,NONE
188,37.2890883333,127.1072471667,-35.766,11.874,0.0,0.0,0.0,1,2,2.0,0,NONE
189,37.289089,127.1072453333,-35.928,11.948,0.0,0.0,0.0,1,2,2.0,0,NONE
190,37.2890898333,127.1072435,-36.09,12.041,0.0,0.0,0.0,1,2,2.0,0,NONE
191,37.2890905,127.1072416667,-36.253,12.115,0.0,0.0,0.0,1,2,2.0,0,NONE
192,37.2890908333,127.1072398333,-36.415,12.152,0.0,0.0,0.0,1,2,2.0,0,NONE
193,37.2890913333,127.107238,-36.577,12.208,0.0,0.0,0.0,1,2,2.0,0,NONE
194,37.2890916667,127.107236,-36.755,12.245,0.0,0.0,0.0,1,2,2.0,0,NONE
195,37.2890921667,127.107234,-36.932,12.301,0.0,0.0,0.0,1,2,2.0,0,NONE
196,37.2890928333,127.1072321667,-37.094,12.375,0.0,0.0,0.0,1,2,2.0,0,NONE
197,37.2890936667,127.1072303333,-37.256,12.468,0.0,0.0,0.0,1,2,2.0,0,NONE
198,37.2890941667,127.1072285,-37.419,12.524,0.0,0.0,0.0,1,2,2.0,0,NONE
199,37.2890946667,127.1072265,-37.596,12.579,0.0,0.0,0.0,1,2,2.0,0,NONE
200,37.289095,127.1072245,-37.773,12.616,0.0,0.0,0.0,1,2,2.0,0,NONE
201,37.2890956667,127.1072228333,-37.921,12.69,0.0,0.0,0.0,1,2,2.0,0,NONE
202,37.2890963333,127.1072208333,-38.098,12.765,0.0,0.0,0.0,1,2,2.0,0,NONE
203,37.2890971667,127.1072188333,-38.275,12.857,0.0,0.0,0.0,1,2,2.0,0,NONE
204,37.2890978333,127.107217,-38.437,12.932,0.0,0.0,0.0,1,2,2.0,0,NONE
205,37.2890981667,127.107215,-38.614,12.969,0.0,0.0,0.0,1,2,2.0,0,NONE
206,37.2890985,127.1072126667,-38.821,13.006,0.0,0.0,0.0,1,2,2.0,0,NONE
207,37.2890988333,127.1072106667,-38.998,13.043,0.0,0.0,0.0,1,2,2.0,0,NONE
208,37.2890993333,127.1072085,-39.19,13.099,0.0,0.0,0.0,1,2,2.0,0,NONE
209,37.2891,127.1072063333,-39.382,13.173,0.0,0.0,0.0,1,2,2.0,0,NONE
210,37.2891005,127.1072041667,-39.574,13.229,0.0,0.0,0.0,1,2,2.0,0,NONE
211,37.2891008333,127.1072016667,-39.795,13.266,0.0,0.0,0.0,1,2,2.0,0,NONE
212,37.2891011667,127.1071991667,-40.017,13.303,0.0,0.0,0.0,1,2,2.0,0,NONE
213,37.2891018333,127.107197,-40.209,13.377,0.0,0.0,0.0,1,2,2.0,0,NONE
214,37.2891025,127.1071946667,-40.415,13.451,0.0,0.0,0.0,1,2,2.0,0,NONE
215,37.289103,127.1071925,-40.607,13.507,0.0,0.0,0.0,1,2,2.0,0,NONE
216,37.2891036667,127.1071903333,-40.799,13.581,0.0,0.0,0.0,1,2,2.0,0,NONE
217,37.289104,127.107188,-41.006,13.618,0.0,0.0,0.0,1,2,2.0,0,NONE
218,37.2891048333,127.1071846667,-41.301,13.711,0.0,0.0,0.0,1,2,2.0,0,NONE
219,37.2891055,127.1071825,-41.493,13.785,0.0,0.0,0.0,1,2,2.0,0,NONE
220,37.2891061667,127.1071803333,-41.685,13.859,0.0,0.0,0.0,1,2,2.0,0,NONE
221,37.2891066667,127.1071783333,-41.862,13.915,0.0,0.0,0.0,1,2,2.0,0,NONE
222,37.289107,127.1071761667,-42.054,13.952,0.0,0.0,0.0,1,2,2.0,0,NONE
223,37.2891075,127.107174,-42.246,14.008,0.0,0.0,0.0,1,2,2.0,0,NONE
224,37.2891081667,127.1071721667,-42.408,14.082,0.0,0.0,0.0,1,2,2.0,0,NONE
225,37.289109,127.10717,-42.6,14.175,0.0,0.0,0.0,1,2,2.0,0,NONE
226,37.2891096667,127.1071681667,-42.762,14.249,0.0,0.0,0.0,1,2,2.0,0,NONE
227,37.2891101667,127.1071661667,-42.939,14.305,0.0,0.0,0.0,1,2,2.0,0,NONE
228,37.2891105,127.1071638333,-43.146,14.342,0.0,0.0,0.0,1,2,2.0,0,NONE
229,37.2891111667,127.107162,-43.308,14.416,0.0,0.0,0.0,1,2,2.0,0,NONE
230,37.2891118333,127.10716,-43.485,14.49,0.0,0.0,0.0,1,2,2.0,0,NONE
231,37.2891125,127.1071578333,-43.677,14.564,0.0,0.0,0.0,1,2,2.0,0,NONE
232,37.289113,127.107156,-43.84,14.62,0.0,0.0,0.0,1,2,2.0,0,NONE
233,37.2891135,127.1071538333,-44.032,14.676,0.0,0.0,0.0,1,2,2.0,0,NONE
234,37.2891138333,127.1071518333,-44.209,14.713,0.0,0.0,0.0,1,2,2.0,0,NONE
235,37.2891145,127.10715,-44.371,14.787,0.0,0.0,0.0,1,2,2.0,0,NONE
236,37.2891151667,127.107148,-44.548,14.861,0.0,0.0,0.0,1,2,2.0,0,NONE
237,37.2891156667,127.1071461667,-44.711,14.917,0.0,0.0,0.0,1,2,2.0,0,NONE
238,37.2891161667,127.1071445,-44.858,14.973,0.0,0.0,0.0,1,2,2.0,0,NONE
239,37.2891165,127.1071426667,-45.021,15.01,0.0,0.0,0.0,1,2,2.0,0,NONE
240,37.2891168333,127.107141,-45.168,15.047,0.0,0.0,0.0,1,2,2.0,0,NONE
241,37.2891176667,127.1071386667,-45.375,15.14,0.0,0.0,0.0,1,2,2.0,0,NONE
242,37.2891183333,127.1071366667,-45.552,15.214,0.0,0.0,0.0,1,2,2.0,0,NONE
243,37.2891188333,127.1071346667,-45.729,15.269,0.0,0.0,0.0,1,2,2.0,0,NONE
244,37.289119,127.1071341667,-45.773,15.288,0.0,0.0,0.0,1,3,2.0,0,NONE
245,37.2891195,127.1071325,-45.921,15.344,0.0,0.0,0.0,1,3,2.0,0,NONE
246,37.28912,127.1071308333,-46.069,15.399,0.0,0.0,0.0,1,3,2.0,0,NONE
247,37.2891206667,127.107129,-46.231,15.473,0.0,0.0,0.0,1,3,2.0,0,NONE
248,37.2891211667,127.1071266667,-46.438,15.529,0.0,0.0,0.0,1,3,2.0,0,NONE
249,37.2891216667,127.1071248333,-46.6,15.585,0.0,0.0,0.0,1,3,2.0,0,NONE
250,37.2891223333,127.107123,-46.762,15.659,0.0,0.0,0.0,1,3,2.0,0,NONE
251,37.2891231667,127.1071211667,-46.925,15.752,0.0,0.0,0.0,1,3,2.0,0,NONE
252,37.289124,127.107119,-47.117,15.845,0.0,0.0,0.0,1,3,2.0,0,NONE
253,37.2891246667,127.1071166667,-47.323,15.919,0.0,0.0,0.0,1,3,2.0,0,NONE
254,37.2891255,127.1071141667,-47.545,16.012,0.0,0.0,0.0,1,3,2.0,0,NONE
255,37.2891263333,127.107112,-47.737,16.104,0.0,0.0,0.0,1,3,2.0,0,NONE
256,37.2891273333,127.1071096667,-47.943,16.216,0.0,0.0,0.0,1,3,2.0,0,NONE
257,37.2891281667,127.1071073333,-48.15,16.308,0.0,0.0,0.0,1,3,2.0,0,NONE
258,37.2891288333,127.107105,-48.357,16.383,0.0,0.0,0.0,1,3,2.0,0,NONE
259,37.2891293333,127.1071021667,-48.607,16.438,0.0,0.0,0.0,1,3,2.0,0,NONE
260,37.28913,127.1070998333,-48.814,16.512,0.0,0.0,0.0,1,3,2.0,0,NONE
261,37.2891308333,127.1070973333,-49.036,16.605,0.0,0.0,0.0,1,3,2.0,0,NONE
262,37.2891315,127.1070948333,-49.257,16.679,0.0,0.0,0.0,1,3,2.0,0,NONE
263,37.2891321667,127.1070923333,-49.478,16.754,0.0,0.0,0.0,1,3,2.0,0,NONE
264,37.2891328333,127.1070896667,-49.715,16.828,0.0,0.0,0.0,1,3,2.0,0,NONE
265,37.2891335,127.1070871667,-49.936,16.902,0.0,0.0,0.0,1,3,2.0,0,NONE
266,37.2891341667,127.1070848333,-50.143,16.976,0.0,0.0,0.0,1,3,2.0,0,NONE
267,37.289135,127.1070821667,-50.379,17.069,0.0,0.0,0.0,1,3,2.0,0,NONE
268,37.2891356667,127.1070796667,-50.6,17.143,0.0,0.0,0.0,1,3,2.0,0,NONE
269,37.2891363333,127.1070771667,-50.822,17.217,0.0,0.0,0.0,1,3,2.0,0,NONE
270,37.2891368333,127.1070746667,-51.043,17.273,0.0,0.0,0.0,1,3,2.0,0,NONE
271,37.2891375,127.1070723333,-51.25,17.347,0.0,0.0,0.0,1,3,2.0,0,NONE
272,37.2891383333,127.1070698333,-51.471,17.44,0.0,0.0,0.0,1,3,2.0,0,NONE
273,37.289139,127.1070673333,-51.692,17.514,0.0,0.0,0.0,1,3,2.0,0,NONE
274,37.2891395,127.107065,-51.899,17.57,0.0,0.0,0.0,1,3,2.0,0,NONE
275,37.28914,127.1070623333,-52.135,17.626,0.0,0.0,0.0,1,3,2.0,0,NONE
276,37.2891406667,127.1070598333,-52.357,17.7,0.0,0.0,0.0,1,3,2.0,0,NONE
277,37.2891415,127.1070573333,-52.578,17.793,0.0,0.0,0.0,1,3,2.0,0,NONE
278,37.2891421667,127.1070546667,-52.814,17.867,0.0,0.0,0.0,1,3,2.0,0,NONE
279,37.2891428333,127.1070521667,-53.036,17.941,0.0,0.0,0.0,1,3,2.0,0,NONE
280,37.2891436667,127.1070496667,-53.257,18.034,0.0,0.0,0.0,1,3,2.0,0,NONE
281,37.2891445,127.107046,-53.582,18.127,0.0,0.0,0.0,1,3,2.0,0,NONE
282,37.2891453333,127.1070435,-53.803,18.219,0.0,0.0,0.0,1,3,2.0,0,NONE
283,37.2891461667,127.1070411667,-54.01,18.312,0.0,0.0,0.0,1,3,2.0,0,NONE
284,37.2891468333,127.1070386667,-54.231,18.386,0.0,0.0,0.0,1,3,2.0,0,NONE
285,37.2891473333,127.1070361667,-54.453,18.442,0.0,0.0,0.0,1,3,2.0,0,NONE
286,37.2891478333,127.1070333333,-54.704,18.498,0.0,0.0,0.0,1,3,2.0,0,NONE
287,37.2891486667,127.107031,-54.91,18.59,0.0,0.0,0.0,1,3,2.0,0,NONE
288,37.2891495,127.1070283333,-55.147,18.683,0.0,0.0,0.0,1,3,2.0,0,NONE
289,37.2891501667,127.107026,-55.353,18.757,0.0,0.0,0.0,1,3,2.0,0,NONE
290,37.2891506667,127.1070233333,-55.589,18.813,0.0,0.0,0.0,1,3,2.0,0,NONE
291,37.2891511667,127.1070205,-55.84,18.869,0.0,0.0,0.0,1,3,2.0,0,NONE
292,37.2891516667,127.107018,-56.062,18.924,0.0,0.0,0.0,1,3,2.0,0,NONE
293,37.289152,127.1070153333,-56.298,18.962,0.0,0.0,0.0,1,3,2.0,0,NONE
294,37.2891526667,127.1070126667,-56.534,19.036,0.0,0.0,0.0,1,3,2.0,0,NONE
295,37.2891531667,127.1070101667,-56.755,19.091,0.0,0.0,0.0,1,3,2.0,0,NONE
296,37.2891535,127.1070076667,-56.977,19.128,0.0,0.0,0.0,1,3,2.0,0,NONE
297,37.2891538333,127.1070051667,-57.198,19.166,0.0,0.0,0.0,1,3,2.0,0,NONE
298,37.2891541667,127.1070026667,-57.42,19.203,0.0,0.0,0.0,1,3,2.0,0,NONE
299,37.2891546667,127.107,-57.656,19.258,0.0,0.0,0.0,1,3,2.0,0,NONE
300,37.289155,127.1069975,-57.877,19.295,0.0,0.0,0.0,1,3,2.0,0,NONE
301,37.2891553333,127.1069948333,-58.113,19.333,0.0,0.0,0.0,1,3,2.0,0,NONE
302,37.2891555,127.1069921667,-58.35,19.351,0.0,0.0,0.0,1,3,2.0,0,NONE
303,37.2891558333,127.1069898333,-58.556,19.388,0.0,0.0,0.0,1,3,2.0,0,NONE
304,37.2891563333,127.1069858333,-58.911,19.444,0.0,0.0,0.0,1,3,2.0,0,NONE
305,37.2891566667,127.1069831667,-59.147,19.481,0.0,0.0,0.0,1,3,2.0,0,NONE
306,37.2891568333,127.1069806667,-59.368,19.5,0.0,0.0,0.0,1,3,2.0,0,NONE
307,37.2891566667,127.106978,-59.604,19.481,0.0,0.0,0.0,1,3,2.0,0,NONE
308,37.2891563333,127.1069751667,-59.855,19.444,0.0,0.0,0.0,1,3,2.0,0,NONE
309,37.2891563333,127.1069728333,-60.062,19.444,0.0,0.0,0.0,1,3,2.0,0,NONE
310,37.2891561667,127.10697,-60.313,19.425,0.0,0.0,0.0,1,3,2.0,0,NONE
311,37.289156,127.1069675,-60.534,19.407,0.0,0.0,0.0,1,3,2.0,0,NONE
312,37.2891555,127.106965,-60.756,19.351,0.0,0.0,0.0,1,3,2.0,0,NONE
313,37.2891548333,127.1069623333,-60.992,19.277,0.0,0.0,0.0,1,3,2.0,0,NONE
314,37.2891541667,127.1069598333,-61.213,19.203,0.0,0.0,0.0,1,3,2.0,0,NONE
315,37.2891535,127.1069575,-61.42,19.128,0.0,0.0,0.0,1,3,2.0,0,NONE
316,37.2891528333,127.1069548333,-61.656,19.054,0.0,0.0,0.0,1,3,2.0,0,NONE
317,37.2891521667,127.1069521667,-61.892,18.98,0.0,0.0,0.0,1,3,2.0,0,NONE
318,37.2891513333,127.1069496667,-62.114,18.887,0.0,0.0,0.0,1,3,2.0,0,NONE
319,37.2891505,127.106947,-62.35,18.795,0.0,0.0,0.0,1,3,2.0,0,NONE
320,37.28915,127.1069445,-62.571,18.739,0.0,0.0,0.0,1,3,2.0,0,NONE
321,37.2891491667,127.1069418333,-62.807,18.646,0.0,0.0,0.0,1,3,2.0,0,NONE
322,37.2891485,127.1069393333,-63.029,18.572,0.0,0.0,0.0,1,3,2.0,0,NONE
323,37.2891476667,127.106937,-63.235,18.479,0.0,0.0,0.0,1,3,2.0,0,NONE
324,37.2891465,127.1069343333,-63.472,18.349,0.0,0.0,0.0,1,3,2.0,0,NONE
325,37.2891453333,127.1069318333,-63.693,18.219,0.0,0.0,0.0,1,3,2.0,0,NONE
326,37.2891443333,127.1069295,-63.9,18.108,0.0,0.0,0.0,1,3,2.0,0,NONE
327,37.2891433333,127.106927,-64.121,17.997,0.0,0.0,0.0,1,3,2.0,0,NONE
328,37.289142,127.1069246667,-64.328,17.848,0.0,0.0,0.0,1,3,2.0,0,NONE
329,37.2891406667,127.1069225,-64.52,17.7,0.0,0.0,0.0,1,3,2.0,0,NONE
330,37.2891391667,127.1069205,-64.697,17.533,0.0,0.0,0.0,1,3,2.0,0,NONE
331,37.2891376667,127.1069186667,-64.859,17.366,0.0,0.0,0.0,1,3,2.0,0,NONE
332,37.2891361667,127.1069166667,-65.036,17.199,0.0,0.0,0.0,1,3,2.0,0,NONE
333,37.2891346667,127.1069146667,-65.213,17.032,0.0,0.0,0.0,1,3,2.0,0,NONE
334,37.289133,127.1069126667,-65.391,16.846,0.0,0.0,0.0,1,3,2.0,0,NONE
335,37.2891315,127.1069108333,-65.553,16.679,0.0,0.0,0.0,1,3,2.0,0,NONE
336,37.2891298333,127.1069088333,-65.73,16.494,0.0,0.0,0.0,1,3,2.0,0,NONE
337,37.2891283333,127.1069068333,-65.907,16.327,0.0,0.0,0.0,1,3,2.0,0,NONE
338,37.2891266667,127.1069046667,-66.099,16.141,0.0,0.0,0.0,1,3,2.0,0,NONE
339,37.289125,127.1069028333,-66.261,15.956,0.0,0.0,0.0,1,3,2.0,0,NONE
340,37.2891231667,127.106901,-66.424,15.752,0.0,0.0,0.0,1,3,2.0,0,NONE
341,37.2891213333,127.106899,-66.601,15.548,0.0,0.0,0.0,1,3,2.0,0,NONE
342,37.2891196667,127.1068973333,-66.749,15.362,0.0,0.0,0.0,1,3,2.0,0,NONE
343,37.2891178333,127.1068955,-66.911,15.158,0.0,0.0,0.0,1,3,2.0,0,NONE
344,37.2891161667,127.1068935,-67.088,14.973,0.0,0.0,0.0,1,3,2.0,0,NONE
345,37.2891141667,127.1068918333,-67.236,14.75,0.0,0.0,0.0,1,3,2.0,0,NONE
346,37.2891123333,127.1068901667,-67.383,14.546,0.0,0.0,0.0,1,3,2.0,0,NONE
347,37.2891105,127.1068885,-67.531,14.342,0.0,0.0,0.0,1,3,2.0,0,NONE
348,37.2891088333,127.1068868333,-67.678,14.156,0.0,0.0,0.0,1,3,2.0,0,NONE
349,37.289107,127.1068848333,-67.856,13.952,0.0,0.0,0.0,1,3,2.0,0,NONE
350,37.2891051667,127.1068831667,-68.003,13.748,0.0,0.0,0.0,1,3,2.0,0,NONE
351,37.2891031667,127.1068815,-68.151,13.525,0.0,0.0,0.0,1,3,2.0,0,NONE
352,37.2891013333,127.1068798333,-68.298,13.321,0.0,0.0,0.0,1,3,2.0,0,NONE
353,37.2890995,127.1068783333,-68.431,13.117,0.0,0.0,0.0,1,3,2.0,0,NONE
354,37.2890976667,127.1068766667,-68.579,12.913,0.0,0.0,0.0,1,3,2.0,0,NONE
355,37.2890958333,127.106875,-68.727,12.709,0.0,0.0,0.0,1,3,2.0,0,NONE
356,37.289094,127.1068733333,-68.874,12.505,0.0,0.0,0.0,1,3,2.0,0,NONE
357,37.289092,127.1068718333,-69.007,12.282,0.0,0.0,0.0,1,3,2.0,0,NONE
358,37.28909,127.1068703333,-69.14,12.06,0.0,0.0,0.0,1,3,2.0,0,NONE
359,37.2890881667,127.1068688333,-69.273,11.856,0.0,0.0,0.0,1,3,2.0,0,NONE
360,37.2890863333,127.106867,-69.435,11.651,0.0,0.0,0.0,1,3,2.0,0,NONE
361,37.2890846667,127.1068655,-69.568,11.466,0.0,0.0,0.0,1,3,2.0,0,NONE
362,37.2890828333,127.1068638333,-69.715,11.262,0.0,0.0,0.0,1,3,2.0,0,NONE
363,37.2890808333,127.1068623333,-69.848,11.039,0.0,0.0,0.0,1,3,2.0,0,NONE
364,37.289079,127.1068606667,-69.996,10.835,0.0,0.0,0.0,1,3,2.0,0,NONE
365,37.2890771667,127.106859,-70.144,10.631,0.0,0.0,0.0,1,3,2.0,0,NONE
366,37.2890753333,127.1068571667,-70.306,10.427,0.0,0.0,0.0,1,3,2.0,0,NONE
367,37.2890735,127.1068553333,-70.468,10.223,0.0,0.0,0.0,1,3,2.0,0,NONE
368,37.2890715,127.1068536667,-70.616,10.0,0.0,0.0,0.0,1,3,2.0,0,NONE
369,37.2890696667,127.1068521667,-70.749,9.796,0.0,0.0,0.0,1,3,2.0,0,NONE
370,37.2890678333,127.1068503333,-70.911,9.592,0.0,0.0,0.0,1,3,2.0,0,NONE
371,37.289066,127.1068483333,-71.088,9.388,0.0,0.0,0.0,1,3,2.0,0,NONE
372,37.2890641667,127.1068465,-71.251,9.184,0.0,0.0,0.0,1,3,2.0,0,NONE
373,37.2890621667,127.1068448333,-71.398,8.961,0.0,0.0,0.0,1,3,2.0,0,NONE
374,37.2890601667,127.1068431667,-71.546,8.739,0.0,0.0,0.0,1,3,2.0,0,NONE
375,37.2890581667,127.1068415,-71.693,8.516,0.0,0.0,0.0,1,3,2.0,0,NONE
376,37.2890561667,127.1068396667,-71.856,8.293,0.0,0.0,0.0,1,3,2.0,0,NONE
377,37.2890541667,127.106838,-72.003,8.071,0.0,0.0,0.0,1,3,2.0,0,NONE
378,37.2890521667,127.1068365,-72.136,7.848,0.0,0.0,0.0,1,3,2.0,0,NONE
379,37.28905,127.106835,-72.269,7.607,0.0,0.0,0.0,1,3,2.0,0,NONE
380,37.289048,127.1068335,-72.402,7.384,0.0,0.0,0.0,1,3,2.0,0,NONE
381,37.289046,127.106832,-72.535,7.162,0.0,0.0,0.0,1,3,2.0,0,NONE
382,37.2890448333,127.106831,-72.623,7.032,0.0,0.0,0.0,1,3,2.0,0,NONE
383,37.2890428333,127.1068295,-72.756,6.809,0.0,0.0,0.0,1,3,2.0,0,NONE
384,37.2890408333,127.106828,-72.889,6.586,0.0,0.0,0.0,1,3,2.0,0,NONE
385,37.2890386667,127.1068266667,-73.007,6.345,0.0,0.0,0.0,1,3,2.0,0,NONE
386,37.2890366667,127.1068255,-73.11,6.123,0.0,0.0,0.0,1,3,2.0,0,NONE
387,37.2890345,127.106824,-73.243,5.881,0.0,0.0,0.0,1,3,2.0,0,NONE
388,37.2890325,127.1068226667,-73.361,5.659,0.0,0.0,0.0,1,3,2.0,0,NONE
389,37.2890303333,127.1068213333,-73.479,5.418,0.0,0.0,0.0,1,3,2.0,0,NONE
390,37.289028,127.1068201667,-73.583,5.158,0.0,0.0,0.0,1,3,2.0,0,NONE
391,37.2890258333,127.1068191667,-73.671,4.917,0.0,0.0,0.0,1,3,2.0,0,NONE
392,37.2890236667,127.106818,-73.775,4.675,0.0,0.0,0.0,1,3,2.0,0,NONE
393,37.2890215,127.106817,-73.863,4.434,0.0,0.0,0.0,1,3,2.0,0,NONE
394,37.2890195,127.1068161667,-73.937,4.212,0.0,0.0,0.0,1,3,2.0,0,NONE
395,37.2890173333,127.1068155,-73.996,3.97,0.0,0.0,0.0,1,3,2.0,0,NONE
396,37.2890151667,127.1068151667,-74.026,3.729,0.0,0.0,0.0,1,3,2.0,0,NONE
397,37.289013,127.1068146667,-74.07,3.488,0.0,0.0,0.0,1,3,2.0,0,NONE
398,37.289011,127.106814,-74.129,3.265,0.0,0.0,0.0,1,3,2.0,0,NONE
399,37.2890086667,127.1068135,-74.173,3.006,0.0,0.0,0.0,1,3,2.0,0,NONE
400,37.2890066667,127.1068131667,-74.203,2.783,0.0,0.0,0.0,1,3,2.0,0,NONE
401,37.2890045,127.1068128333,-74.232,2.542,0.0,0.0,0.0,1,3,2.0,0,NONE
402,37.2890023333,127.1068128333,-74.232,2.301,0.0,0.0,0.0,1,3,2.0,0,NONE
403,37.2890001667,127.1068125,-74.262,2.059,0.0,0.0,0.0,1,3,2.0,0,NONE
404,37.288998,127.1068121667,-74.291,1.818,0.0,0.0,0.0,1,3,2.0,0,NONE
405,37.2889958333,127.106812,-74.306,1.577,0.0,0.0,0.0,1,3,2.0,0,NONE
406,37.2889936667,127.1068121667,-74.291,1.336,0.0,0.0,0.0,1,3,2.0,0,NONE
407,37.2889915,127.1068123333,-74.277,1.095,0.0,0.0,0.0,1,3,2.0,0,NONE
408,37.2889893333,127.1068126667,-74.247,0.853,0.0,0.0,0.0,1,3,2.0,0,NONE
409,37.2889871667,127.106813,-74.218,0.612,0.0,0.0,0.0,1,3,2.0,0,NONE
410,37.288985,127.1068135,-74.173,0.371,0.0,0.0,0.0,1,3,2.0,0,NONE
411,37.2889828333,127.1068143333,-74.099,0.13,0.0,0.0,0.0,1,3,2.0,0,NONE
412,37.2889808333,127.1068151667,-74.026,-0.093,0.0,0.0,0.0,1,3,2.0,0,NONE
413,37.2889786667,127.1068161667,-73.937,-0.334,0.0,0.0,0.0,1,3,2.0,0,NONE
414,37.2889768333,127.106817,-73.863,-0.538,0.0,0.0,0.0,1,3,2.0,0,NONE
415,37.2889746667,127.106818,-73.775,-0.779,0.0,0.0,0.0,1,3,2.0,0,NONE
416,37.2889725,127.106819,-73.686,-1.02,0.0,0.0,0.0,1,3,2.0,0,NONE
417,37.2889706667,127.1068203333,-73.568,-1.225,0.0,0.0,0.0,1,3,2.0,0,NONE
418,37.2889686667,127.1068218333,-73.435,-1.447,0.0,0.0,0.0,1,3,2.0,0,NONE
419,37.2889666667,127.1068231667,-73.317,-1.67,0.0,0.0,0.0,1,3,2.0,0,NONE
420,37.2889646667,127.1068245,-73.199,-1.892,0.0,0.0,0.0,1,3,2.0,0,NONE
421,37.2889626667,127.106826,-73.066,-2.115,0.0,0.0,0.0,1,3,2.0,0,NONE
422,37.288961,127.1068275,-72.933,-2.301,0.0,0.0,0.0,1,3,2.0,0,NONE
423,37.2889591667,127.1068293333,-72.771,-2.505,0.0,0.0,0.0,1,3,2.0,0,NONE
424,37.2889573333,127.106831,-72.623,-2.709,0.0,0.0,0.0,1,3,2.0,0,NONE
425,37.2889556667,127.1068326667,-72.476,-2.894,0.0,0.0,0.0,1,3,2.0,0,NONE
426,37.2889538333,127.1068346667,-72.299,-3.098,0.0,0.0,0.0,1,3,2.0,0,NONE
427,37.288952,127.1068365,-72.136,-3.302,0.0,0.0,0.0,1,3,2.0,0,NONE
428,37.2889505,127.1068385,-71.959,-3.469,0.0,0.0,0.0,1,3,2.0,0,NONE
429,37.288949,127.1068406667,-71.767,-3.636,0.0,0.0,0.0,1,3,2.0,0,NONE
430,37.2889475,127.1068428333,-71.575,-3.803,0.0,0.0,0.0,1,3,2.0,0,NONE
431,37.288946,127.106845,-71.383,-3.97,0.0,0.0,0.0,1,3,2.0,0,NONE
432,37.2889443333,127.1068471667,-71.192,-4.156,0.0,0.0,0.0,1,3,2.0,0,NONE
433,37.288943,127.1068491667,-71.014,-4.304,0.0,0.0,0.0,1,3,2.0,0,NONE
434,37.2889418333,127.1068515,-70.808,-4.434,0.0,0.0,0.0,1,3,2.0,0,NONE
435,37.2889406667,127.1068535,-70.631,-4.564,0.0,0.0,0.0,1,3,2.0,0,NONE
436,37.2889395,127.1068556667,-70.439,-4.694,0.0,0.0,0.0,1,3,2.0,0,NONE
437,37.288938,127.1068578333,-70.247,-4.861,0.0,0.0,0.0,1,3,2.0,0,NONE
438,37.2889368333,127.1068601667,-70.04,-4.991,0.0,0.0,0.0,1,3,2.0,0,NONE
439,37.2889356667,127.1068623333,-69.848,-5.121,0.0,0.0,0.0,1,3,2.0,0,NONE
440,37.2889346667,127.1068648333,-69.627,-5.232,0.0,0.0,0.0,1,3,2.0,0,NONE
441,37.2889335,127.106867,-69.435,-5.362,0.0,0.0,0.0,1,3,2.0,0,NONE
442,37.2889323333,127.1068693333,-69.228,-5.492,0.0,0.0,0.0,1,3,2.0,0,NONE
443,37.2889311667,127.1068716667,-69.022,-5.622,0.0,0.0,0.0,1,3,2.0,0,NONE
444,37.2889301667,127.106874,-68.815,-5.733,0.0,0.0,0.0,1,3,2.0,0,NONE
445,37.2889291667,127.1068765,-68.594,-5.844,0.0,0.0,0.0,1,3,2.0,0,NONE
446,37.2889281667,127.1068788333,-68.387,-5.956,0.0,0.0,0.0,1,3,2.0,0,NONE
447,37.2889271667,127.1068813333,-68.166,-6.067,0.0,0.0,0.0,1,3,2.0,0,NONE
448,37.2889258333,127.1068838333,-67.944,-6.215,0.0,0.0,0.0,1,3,2.0,0,NONE
449,37.2889248333,127.1068861667,-67.738,-6.327,0.0,0.0,0.0,1,3,2.0,0,NONE
450,37.288924,127.1068888333,-67.501,-6.419,0.0,0.0,0.0,1,3,2.0,0,NONE
451,37.2889233333,127.1068915,-67.265,-6.494,0.0,0.0,0.0,1,3,2.0,0,NONE
452,37.2889225,127.106894,-67.044,-6.586,0.0,0.0,0.0,1,3,2.0,0,NONE
453,37.2889215,127.1068965,-66.822,-6.698,0.0,0.0,0.0,1,3,2.0,0,NONE
454,37.2889208333,127.106898,-66.69,-6.772,0.0,0.0,0.0,1,3,2.0,0,NONE
455,37.2889198333,127.1069005,-66.468,-6.883,0.0,0.0,0.0,1,3,2.0,0,NONE
456,37.288919,127.1069031667,-66.232,-6.976,0.0,0.0,0.0,1,3,2.0,0,NONE
457,37.2889181667,127.106906,-65.981,-7.069,0.0,0.0,0.0,1,3,2.0,0,NONE
458,37.2889173333,127.1069085,-65.76,-7.162,0.0,0.0,0.0,1,3,2.0,0,NONE
459,37.2889165,127.106911,-65.538,-7.254,0.0,0.0,0.0,1,3,2.0,0,NONE
460,37.2889158333,127.1069125,-65.405,-7.329,0.0,0.0,0.0,1,3,2.0,0,NONE
461,37.288915,127.106915,-65.184,-7.421,0.0,0.0,0.0,1,3,2.0,0,NONE
462,37.2889141667,127.1069176667,-64.948,-7.514,0.0,0.0,0.0,1,3,2.0,0,NONE
463,37.2889135,127.1069203333,-64.712,-7.588,0.0,0.0,0.0,1,3,2.0,0,NONE
464,37.2889126667,127.1069226667,-64.505,-7.681,0.0,0.0,0.0,1,3,2.0,0,NONE
465,37.2889118333,127.1069251667,-64.283,-7.774,0.0,0.0,0.0,1,3,2.0,0,NONE
466,37.2889108333,127.106928,-64.033,-7.885,0.0,0.0,0.0,1,3,2.0,0,NONE
467,37.28891,127.1069305,-63.811,-7.978,0.0,0.0,0.0,1,3,2.0,0,NONE
468,37.2889091667,127.1069331667,-63.575,-8.071,0.0,0.0,0.0,1,3,2.0,0,NONE
469,37.2889085,127.1069358333,-63.339,-8.145,0.0,0.0,0.0,1,3,2.0,0,NONE
470,37.2889076667,127.1069383333,-63.117,-8.238,0.0,0.0,0.0,1,3,2.0,0,NONE
471,37.2889066667,127.106941,-62.881,-8.349,0.0,0.0,0.0,1,3,2.0,0,NONE
472,37.2889058333,127.1069435,-62.66,-8.442,0.0,0.0,0.0,1,3,2.0,0,NONE
473,37.288905,127.1069461667,-62.424,-8.535,0.0,0.0,0.0,1,3,2.0,0,NONE
474,37.2889043333,127.1069486667,-62.202,-8.609,0.0,0.0,0.0,1,3,2.0,0,NONE
475,37.2889035,127.1069511667,-61.981,-8.702,0.0,0.0,0.0,1,3,2.0,0,NONE
476,37.2889025,127.1069538333,-61.745,-8.813,0.0,0.0,0.0,1,3,2.0,0,NONE
477,37.2889015,127.1069565,-61.508,-8.924,0.0,0.0,0.0,1,3,2.0,0,NONE
478,37.2889006667,127.1069591667,-61.272,-9.017,0.0,0.0,0.0,1,3,2.0,0,NONE
479,37.2889,127.1069618333,-61.036,-9.091,0.0,0.0,0.0,1,3,2.0,0,NONE
480,37.2888995,127.1069645,-60.8,-9.147,0.0,0.0,0.0,1,3,2.0,0,NONE
481,37.2888986667,127.106967,-60.579,-9.24,0.0,0.0,0.0,1,3,2.0,0,NONE
482,37.2888978333,127.1069696667,-60.342,-9.332,0.0,0.0,0.0,1,3,2.0,0,NONE
483,37.2888971667,127.1069723333,-60.106,-9.407,0.0,0.0,0.0,1,3,2.0,0,NONE
484,37.2888966667,127.106975,-59.87,-9.462,0.0,0.0,0.0,1,3,2.0,0,NONE
485,37.2888963333,127.1069776667,-59.634,-9.499,0.0,0.0,0.0,1,3,2.0,0,NONE
486,37.288896,127.10698,-59.427,-9.536,0.0,0.0,0.0,1,3,2.0,0,NONE
487,37.2888955,127.1069826667,-59.191,-9.592,0.0,0.0,0.0,1,3,2.0,0,NONE
488,37.288895,127.1069855,-58.94,-9.648,0.0,0.0,0.0,1,3,2.0,0,NONE
489,37.2888948333,127.106988,-58.719,-9.666,0.0,0.0,0.0,1,3,2.0,0,NONE
490,37.288895,127.1069906667,-58.482,-9.648,0.0,0.0,0.0,1,3,2.0,0,NONE
491,37.288895,127.1069933333,-58.246,-9.648,0.0,0.0,0.0,1,3,2.0,0,NONE
492,37.288895,127.1069956667,-58.04,-9.648,0.0,0.0,0.0,1,3,2.0,0,NONE
493,37.288895,127.1069985,-57.789,-9.648,0.0,0.0,0.0,1,3,2.0,0,NONE
494,37.2888951667,127.107001,-57.567,-9.629,0.0,0.0,0.0,1,3,2.0,0,NONE
495,37.2888958333,127.1070035,-57.346,-9.555,0.0,0.0,0.0,1,3,2.0,0,NONE
496,37.2888966667,127.107006,-57.124,-9.462,0.0,0.0,0.0,1,3,2.0,0,NONE
497,37.2888976667,127.1070083333,-56.918,-9.351,0.0,0.0,0.0,1,3,2.0,0,NONE
498,37.2888985,127.1070108333,-56.696,-9.258,0.0,0.0,0.0,1,3,2.0,0,NONE
499,37.2888995,127.1070133333,-56.475,-9.147,0.0,0.0,0.0,1,3,2.0,0,NONE
500,37.2889006667,127.1070156667,-56.268,-9.017,0.0,0.0,0.0,1,3,2.0,0,NONE
501,37.288902,127.107018,-56.062,-8.868,0.0,0.0,0.0,1,3,2.0,0,NONE
502,37.2889035,127.1070201667,-55.87,-8.702,0.0,0.0,0.0,1,3,2.0,0,NONE
503,37.2889046667,127.1070223333,-55.678,-8.572,0.0,0.0,0.0,1,3,2.0,0,NONE
504,37.288906,127.1070248333,-55.457,-8.423,0.0,0.0,0.0,1,3,2.0,0,NONE
505,37.2889068333,127.1070261667,-55.338,-8.33,0.0,0.0,0.0,1,3,2.0,0,NONE
506,37.2889081667,127.1070281667,-55.161,-8.182,0.0,0.0,0.0,1,3,2.0,0,NONE
507,37.28891,127.1070301667,-54.984,-7.978,0.0,0.0,0.0,1,3,2.0,0,NONE
508,37.2889116667,127.107032,-54.822,-7.792,0.0,0.0,0.0,1,3,2.0,0,NONE
509,37.2889133333,127.1070338333,-54.659,-7.607,0.0,0.0,0.0,1,3,2.0,0,NONE
510,37.2889151667,127.1070358333,-54.482,-7.403,0.0,0.0,0.0,1,3,2.0,0,NONE
511,37.2889168333,127.107038,-54.29,-7.217,0.0,0.0,0.0,1,3,2.0,0,NONE
512,37.2889186667,127.1070396667,-54.143,-7.013,0.0,0.0,0.0,1,3,2.0,0,NONE
513,37.2889208333,127.1070411667,-54.01,-6.772,0.0,0.0,0.0,1,3,2.0,0,NONE
514,37.2889226667,127.1070426667,-53.877,-6.568,0.0,0.0,0.0,1,3,2.0,0,NONE
515,37.2889245,127.1070441667,-53.744,-6.364,0.0,0.0,0.0,1,3,2.0,0,NONE
516,37.2889265,127.1070458333,-53.597,-6.141,0.0,0.0,0.0,1,3,2.0,0,NONE
517,37.2889285,127.1070471667,-53.479,-5.919,0.0,0.0,0.0,1,3,2.0,0,NONE
518,37.2889306667,127.1070481667,-53.39,-5.677,0.0,0.0,0.0,1,3,2.0,0,NONE
519,37.2889328333,127.1070491667,-53.301,-5.436,0.0,0.0,0.0,1,3,2.0,0,NONE
520,37.2889346667,127.1070501667,-53.213,-5.232,0.0,0.0,0.0,1,3,2.0,0,NONE
521,37.2889368333,127.1070515,-53.095,-4.991,0.0,0.0,0.0,1,3,2.0,0,NONE
522,37.288939,127.1070528333,-52.977,-4.75,0.0,0.0,0.0,1,3,2.0,0,NONE
523,37.2889411667,127.1070541667,-52.859,-4.508,0.0,0.0,0.0,1,3,2.0,0,NONE
524,37.2889433333,127.1070551667,-52.77,-4.267,0.0,0.0,0.0,1,3,2.0,0,NONE
525,37.2889453333,127.1070563333,-52.667,-4.045,0.0,0.0,0.0,1,3,2.0,0,NONE
526,37.2889473333,127.1070578333,-52.534,-3.822,0.0,0.0,0.0,1,3,2.0,0,NONE
527,37.2889495,127.1070591667,-52.416,-3.581,0.0,0.0,0.0,1,3,2.0,0,NONE
528,37.2889515,127.1070605,-52.298,-3.358,0.0,0.0,0.0,1,3,2.0,0,NONE
529,37.2889536667,127.1070616667,-52.194,-3.117,0.0,0.0,0.0,1,3,2.0,0,NONE
530,37.2889556667,127.1070626667,-52.106,-2.894,0.0,0.0,0.0,1,3,2.0,0,NONE
531,37.2889575,127.107064,-51.988,-2.69,0.0,0.0,0.0,1,3,2.0,0,NONE
532,37.2889596667,127.1070656667,-51.84,-2.449,0.0,0.0,0.0,1,3,2.0,0,NONE
533,37.2889616667,127.1070671667,-51.707,-2.226,0.0,0.0,0.0,1,3,2.0,0,NONE
534,37.2889635,127.1070686667,-51.574,-2.022,0.0,0.0,0.0,1,3,2.0,0,NONE
535,37.2889655,127.1070698333,-51.471,-1.8,0.0,0.0,0.0,1,3,2.0,0,NONE
536,37.2889673333,127.1070713333,-51.338,-1.596,0.0,0.0,0.0,1,3,2.0,0,NONE
537,37.288969,127.107073,-51.191,-1.41,0.0,0.0,0.0,1,3,2.0,0,NONE
538,37.2889706667,127.1070748333,-51.028,-1.225,0.0,0.0,0.0,1,3,2.0,0,NONE
539,37.2889725,127.1070766667,-50.866,-1.02,0.0,0.0,0.0,1,3,2.0,0,NONE
540,37.2889741667,127.1070783333,-50.718,-0.835,0.0,0.0,0.0,1,3,2.0,0,NONE
541,37.288976,127.10708,-50.571,-0.631,0.0,0.0,0.0,1,3,2.0,0,NONE
542,37.2889775,127.1070818333,-50.408,-0.464,0.0,0.0,0.0,1,3,2.0,0,NONE
543,37.2889793333,127.107084,-50.216,-0.26,0.0,0.0,0.0,1,3,2.0,0,NONE
544,37.2889808333,127.107086,-50.039,-0.093,0.0,0.0,0.0,1,3,2.0,0,NONE
545,37.2889823333,127.107088,-49.862,0.074,0.0,0.0,0.0,1,3,2.0,0,NONE
546,37.2889838333,127.1070898333,-49.7,0.241,0.0,0.0,0.0,1,3,2.0,0,NONE
547,37.2889853333,127.1070918333,-49.523,0.408,0.0,0.0,0.0,1,3,2.0,0,NONE
548,37.2889865,127.1070941667,-49.316,0.538,0.0,0.0,0.0,1,3,2.0,0,NONE
549,37.2889876667,127.1070966667,-49.095,0.668,0.0,0.0,0.0,1,3,2.0,0,NONE
550,37.2889886667,127.1070991667,-48.873,0.779,0.0,0.0,0.0,1,3,2.0,0,NONE
551,37.2889898333,127.1071016667,-48.652,0.909,0.0,0.0,0.0,1,3,2.0,0,NONE
552,37.2889908333,127.1071041667,-48.43,1.02,0.0,0.0,0.0,1,3,2.0,0,NONE
553,37.2889913333,127.1071066667,-48.209,1.076,0.0,0.0,0.0,1,3,2.0,0,NONE
554,37.2889916667,127.1071095,-47.958,1.113,0.0,0.0,0.0,1,3,2.0,0,NONE
555,37.288992,127.1071123333,-47.707,1.15,0.0,0.0,0.0,1,3,2.0,0,NONE
556,37.288992,127.107115,-47.471,1.15,0.0,0.0,0.0,1,3,2.0,0,NONE
557,37.2889923333,127.1071178333,-47.22,1.187,0.0,0.0,0.0,1,3,2.0,0,NONE
558,37.2889921667,127.1071205,-46.984,1.169,0.0,0.0,0.0,1,3,2.0,0,NONE
559,37.288992,127.1071233333,-46.733,1.15,0.0,0.0,0.0,1,3,2.0,0,NONE
560,37.2889916667,127.1071263333,-46.467,1.113,0.0,0.0,0.0,1,3,2.0,0,NONE
561,37.2889913333,127.1071293333,-46.201,1.076,0.0,0.0,0.0,1,3,2.0,0,NONE
562,37.2889911667,127.1071323333,-45.936,1.058,0.0,0.0,0.0,1,3,2.0,0,NONE
563,37.2889908333,127.1071351667,-45.685,1.02,0.0,0.0,0.0,1,3,2.0,0,NONE
564,37.2889905,127.1071376667,-45.463,0.983,0.0,0.0,0.0,1,3,2.0,0,NONE
565,37.2889898333,127.1071406667,-45.198,0.909,0.0,0.0,0.0,1,3,2.0,0,NONE
566,37.2889893333,127.1071435,-44.947,0.853,0.0,0.0,0.0,1,3,2.0,0,NONE
567,37.2889886667,127.1071465,-44.681,0.779,0.0,0.0,0.0,1,3,2.0,0,NONE
568,37.2889883333,127.1071493333,-44.43,0.742,0.0,0.0,0.0,1,3,2.0,0,NONE
569,37.2889876667,127.107152,-44.194,0.668,0.0,0.0,0.0,1,3,2.0,0,NONE
570,37.2889868333,127.1071548333,-43.943,0.575,0.0,0.0,0.0,1,3,2.0,0,NONE
571,37.288986,127.1071576667,-43.692,0.482,0.0,0.0,0.0,1,3,2.0,0,NONE
572,37.2889853333,127.1071603333,-43.456,0.408,0.0,0.0,0.0,1,3,2.0,0,NONE
573,37.2889848333,127.1071631667,-43.205,0.353,0.0,0.0,0.0,1,3,2.0,0,NONE
574,37.2889841667,127.1071656667,-42.984,0.278,0.0,0.0,0.0,1,3,2.0,0,NONE
575,37.2889833333,127.1071683333,-42.747,0.186,0.0,0.0,0.0,1,3,2.0,0,NONE
576,37.2889823333,127.107171,-42.511,0.074,0.0,0.0,0.0,1,3,2.0,0,NONE
577,37.2889815,127.1071736667,-42.275,-0.019,0.0,0.0,0.0,1,3,2.0,0,NONE
578,37.2889808333,127.1071765,-42.024,-0.093,0.0,0.0,0.0,1,3,2.0,0,NONE
579,37.2889801667,127.1071791667,-41.788,-0.167,0.0,0.0,0.0,1,3,2.0,0,NONE
580,37.2889793333,127.1071816667,-41.567,-0.26,0.0,0.0,0.0,1,3,2.0,0,NONE
581,37.2889783333,127.1071841667,-41.345,-0.371,0.0,0.0,0.0,1,3,2.0,0,NONE
582,37.2889776667,127.1071866667,-41.124,-0.445,0.0,0.0,0.0,1,3,2.0,0,NONE
583,37.288977,127.1071891667,-40.902,-0.519,0.0,0.0,0.0,1,3,2.0,0,NONE
584,37.2889765,127.107192,-40.651,-0.575,0.0,0.0,0.0,1,3,2.0,0,NONE
585,37.288975,127.1071955,-40.341,-0.742,0.0,0.0,0.0,1,3,2.0,0,NONE
586,37.288974,127.107198,-40.12,-0.853,0.0,0.0,0.0,1,3,2.0,0,NONE
587,37.288973,127.1072003333,-39.913,-0.965,0.0,0.0,0.0,1,3,2.0,0,NONE
588,37.2889721667,127.107203,-39.677,-1.058,0.0,0.0,0.0,1,3,2.0,0,NONE
589,37.2889716667,127.1072056667,-39.441,-1.113,0.0,0.0,0.0,1,3,2.0,0,NONE
590,37.2889708333,127.107208,-39.234,-1.206,0.0,0.0,0.0,1,3,2.0,0,NONE
591,37.2889698333,127.1072106667,-38.998,-1.317,0.0,0.0,0.0,1,3,2.0,0,NONE
592,37.288969,127.1072131667,-38.777,-1.41,0.0,0.0,0.0,1,3,2.0,0,NONE
593,37.288968,127.1072156667,-38.555,-1.521,0.0,0.0,0.0,1,3,2.0,0,NONE
594,37.2889671667,127.1072183333,-38.319,-1.614,0.0,0.0,0.0,1,3,2.0,0,NONE
595,37.2889661667,127.1072208333,-38.098,-1.725,0.0,0.0,0.0,1,3,2.0,0,NONE
596,37.288965,127.107223,-37.906,-1.855,0.0,0.0,0.0,1,3,2.0,0,NONE
597,37.2889636667,127.1072255,-37.684,-2.004,0.0,0.0,0.0,1,3,2.0,0,NONE
598,37.2889623333,127.1072278333,-37.478,-2.152,0.0,0.0,0.0,1,3,2.0,0,NONE
599,37.2889611667,127.1072301667,-37.271,-2.282,0.0,0.0,0.0,1,3,2.0,0,NONE
600,37.2889598333,127.1072328333,-37.035,-2.43,0.0,0.0,0.0,1,3,2.0,0,NONE
601,37.2889586667,127.107235,-36.843,-2.56,0.0,0.0,0.0,1,3,2.0,0,NONE
602,37.2889571667,127.1072375,-36.622,-2.727,0.0,0.0,0.0,1,3,2.0,0,NONE
603,37.2889556667,127.1072398333,-36.415,-2.894,0.0,0.0,0.0,1,3,2.0,0,NONE
604,37.2889543333,127.1072421667,-36.208,-3.043,0.0,0.0,0.0,1,3,2.0,0,NONE
605,37.2889531667,127.1072446667,-35.987,-3.173,0.0,0.0,0.0,1,3,2.0,0,NONE
606,37.2889518333,127.107247,-35.78,-3.321,0.0,0.0,0.0,1,3,2.0,0,NONE
607,37.2889501667,127.1072488333,-35.618,-3.507,0.0,0.0,0.0,1,3,2.0,0,NONE
608,37.2889485,127.107251,-35.426,-3.692,0.0,0.0,0.0,1,3,2.0,0,NONE
609,37.288947,127.1072528333,-35.264,-3.859,0.0,0.0,0.0,1,3,2.0,0,NONE
610,37.2889455,127.1072548333,-35.087,-4.026,0.0,0.0,0.0,1,3,2.0,0,NONE
611,37.2889438333,127.1072568333,-34.909,-4.212,0.0,0.0,0.0,1,3,2.0,0,NONE
612,37.2889423333,127.1072583333,-34.777,-4.379,0.0,0.0,0.0,1,3,2.0,0,NONE
613,37.2889405,127.1072596667,-34.658,-4.583,0.0,0.0,0.0,1,3,2.0,0,NONE
614,37.2889385,127.107261,-34.54,-4.805,0.0,0.0,0.0,1,3,2.0,0,NONE
615,37.2889366667,127.1072623333,-34.422,-5.009,0.0,0.0,0.0,1,3,2.0,0,NONE
616,37.2889346667,127.1072636667,-34.304,-5.232,0.0,0.0,0.0,1,3,2.0,0,NONE
617,37.2889326667,127.1072651667,-34.171,-5.455,0.0,0.0,0.0,1,3,2.0,0,NONE
618,37.2889306667,127.1072663333,-34.068,-5.677,0.0,0.0,0.0,1,3,2.0,0,NONE
619,37.2889285,127.1072675,-33.965,-5.919,0.0,0.0,0.0,1,3,2.0,0,NONE
620,37.2889265,127.1072686667,-33.861,-6.141,0.0,0.0,0.0,1,3,2.0,0,NONE
621,37.2889245,127.1072701667,-33.729,-6.364,0.0,0.0,0.0,1,3,2.0,0,NONE
622,37.2889225,127.1072715,-33.61,-6.586,0.0,0.0,0.0,1,3,2.0,0,NONE
623,37.2889206667,127.1072723333,-33.537,-6.791,0.0,0.0,0.0,1,3,2.0,0,NONE
624,37.2889185,127.107273,-33.478,-7.032,0.0,0.0,0.0,1,3,2.0,0,NONE
625,37.2889163333,127.1072736667,-33.419,-7.273,0.0,0.0,0.0,1,3,2.0,0,NONE
626,37.2889145,127.1072741667,-33.374,-7.477,0.0,0.0,0.0,1,3,2.0,0,NONE
627,37.2889123333,127.1072748333,-33.315,-7.718,0.0,0.0,0.0,1,3,2.0,0,NONE
628,37.2889103333,127.1072755,-33.256,-7.941,0.0,0.0,0.0,1,3,2.0,0,NONE
629,37.2889085,127.1072753333,-33.271,-8.145,0.0,0.0,0.0,1,3,2.0,0,NONE
630,37.2889065,127.1072751667,-33.286,-8.368,0.0,0.0,0.0,1,3,2.0,0,NONE
631,37.2889045,127.107275,-33.3,-8.59,0.0,0.0,0.0,1,3,2.0,0,NONE
632,37.2889026667,127.1072748333,-33.315,-8.794,0.0,0.0,0.0,1,3,2.0,0,NONE
633,37.2889006667,127.1072748333,-33.315,-9.017,0.0,0.0,0.0,1,3,2.0,0,NONE
634,37.2888988333,127.1072745,-33.345,-9.221,0.0,0.0,0.0,1,3,2.0,0,NONE
635,37.288897,127.1072738333,-33.404,-9.425,0.0,0.0,0.0,1,3,2.0,0,NONE
636,37.2888951667,127.1072728333,-33.492,-9.629,0.0,0.0,0.0,1,3,2.0,0,NONE
637,37.2888931667,127.1072718333,-33.581,-9.852,0.0,0.0,0.0,1,3,2.0,0,NONE
638,37.2888913333,127.1072711667,-33.64,-10.056,0.0,0.0,0.0,1,3,2.0,0,NONE
639,37.2888893333,127.1072703333,-33.714,-10.279,0.0,0.0,0.0,1,3,2.0,0,NONE
640,37.2888876667,127.1072695,-33.788,-10.464,0.0,0.0,0.0,1,3,2.0,0,NONE
641,37.2888858333,127.1072685,-33.876,-10.668,0.0,0.0,0.0,1,3,2.0,0,NONE
642,37.2888841667,127.1072675,-33.965,-10.854,0.0,0.0,0.0,1,3,2.0,0,NONE
643,37.2888825,127.1072668333,-34.024,-11.039,0.0,0.0,0.0,1,3,2.0,0,NONE
644,37.2888808333,127.1072661667,-34.083,-11.225,0.0,0.0,0.0,1,3,2.0,0,NONE
645,37.288879,127.1072658333,-34.112,-11.429,0.0,0.0,0.0,1,3,2.0,0,NONE
646,37.2888775,127.1072651667,-34.171,-11.596,0.0,0.0,0.0,1,3,2.0,0,NONE
647,37.288876,127.1072645,-34.23,-11.763,0.0,0.0,0.0,1,3,2.0,0,NONE
648,37.2888743333,127.1072635,-34.319,-11.948,0.0,0.0,0.0,1,3,2.0,0,NONE
649,37.2888728333,127.1072625,-34.408,-12.115,0.0,0.0,0.0,1,3,2.0,0,NONE
650,37.2888711667,127.1072618333,-34.467,-12.301,0.0,0.0,0.0,1,3,2.0,0,NONE
651,37.2888691667,127.1072611667,-34.526,-12.524,0.0,0.0,0.0,1,3,2.0,0,NONE
652,37.2888673333,127.1072605,-34.585,-12.728,0.0,0.0,0.0,1,3,2.0,0,NONE
653,37.2888655,127.1072595,-34.673,-12.932,0.0,0.0,0.0,1,3,2.0,0,NONE
654,37.2888636667,127.1072583333,-34.777,-13.136,0.0,0.0,0.0,1,3,2.0,0,NONE
655,37.2888616667,127.1072573333,-34.865,-13.358,0.0,0.0,0.0,1,3,2.0,0,NONE
656,37.2888596667,127.1072565,-34.939,-13.581,0.0,0.0,0.0,1,3,2.0,0,NONE
657,37.288858,127.1072555,-35.027,-13.767,0.0,0.0,0.0,1,3,2.0,0,NONE
658,37.288856,127.1072546667,-35.101,-13.989,0.0,0.0,0.0,1,3,2.0,0,NONE
659,37.2888541667,127.1072535,-35.205,-14.193,0.0,0.0,0.0,1,3,2.0,0,NONE
660,37.288852,127.1072523333,-35.308,-14.434,0.0,0.0,0.0,1,3,2.0,0,NONE
661,37.2888501667,127.1072511667,-35.411,-14.639,0.0,0.0,0.0,1,3,2.0,0,NONE
662,37.2888481667,127.1072501667,-35.5,-14.861,0.0,0.0,0.0,1,3,2.0,0,NONE
663,37.2888461667,127.1072495,-35.559,-15.084,0.0,0.0,0.0,1,3,2.0,0,NONE
664,37.2888446667,127.1072486667,-35.633,-15.251,0.0,0.0,0.0,1,3,2.0,0,NONE
665,37.2888433333,127.1072476667,-35.721,-15.399,0.0,0.0,0.0,1,3,2.0,0,NONE
666,37.288842,127.1072468333,-35.795,-15.548,0.0,0.0,0.0,1,3,2.0,0,NONE
667,37.288841,127.107247,-35.78,-15.659,0.0,0.0,0.0,1,4,2.0,0,NONE
668,37.2888396667,127.1072466667,-35.81,-15.807,0.0,0.0,0.0,1,4,2.0,0,NONE
669,37.2888388333,127.1072453333,-35.928,-15.9,0.0,0.0,0.0,1,4,2.0,0,NONE
670,37.2888375,127.1072445,-36.002,-16.049,0.0,0.0,0.0,1,4,2.0,0,NONE
671,37.2888361667,127.107244,-36.046,-16.197,0.0,0.0,0.0,1,4,2.0,0,NONE
672,37.2888346667,127.1072433333,-36.105,-16.364,0.0,0.0,0.0,1,4,2.0,0,NONE
673,37.2888331667,127.1072428333,-36.149,-16.531,0.0,0.0,0.0,1,4,2.0,0,NONE
674,37.2888315,127.1072418333,-36.238,-16.717,0.0,0.0,0.0,1,4,2.0,0,NONE
675,37.2888298333,127.107241,-36.312,-16.902,0.0,0.0,0.0,1,4,2.0,0,NONE
676,37.288828,127.1072401667,-36.385,-17.106,0.0,0.0,0.0,1,4,2.0,0,NONE
677,37.2888261667,127.1072395,-36.445,-17.31,0.0,0.0,0.0,1,4,2.0,0,NONE
678,37.2888243333,127.1072388333,-36.504,-17.514,0.0,0.0,0.0,1,4,2.0,0,NONE
679,37.2888225,127.1072378333,-36.592,-17.718,0.0,0.0,0.0,1,4,2.0,0,NONE
680,37.2888206667,127.1072368333,-36.681,-17.923,0.0,0.0,0.0,1,4,2.0,0,NONE
681,37.2888188333,127.1072358333,-36.769,-18.127,0.0,0.0,0.0,1,4,2.0,0,NONE
682,37.2888171667,127.1072348333,-36.858,-18.312,0.0,0.0,0.0,1,4,2.0,0,NONE
683,37.2888153333,127.1072338333,-36.946,-18.516,0.0,0.0,0.0,1,4,2.0,0,NONE
684,37.2888136667,127.1072331667,-37.005,-18.702,0.0,0.0,0.0,1,4,2.0,0,NONE
685,37.288812,127.1072321667,-37.094,-18.887,0.0,0.0,0.0,1,4,2.0,0,NONE
686,37.2888101667,127.1072311667,-37.183,-19.091,0.0,0.0,0.0,1,4,2.0,0,NONE
687,37.2888085,127.1072301667,-37.271,-19.277,0.0,0.0,0.0,1,4,2.0,0,NONE
688,37.288807,127.1072296667,-37.315,-19.444,0.0,0.0,0.0,1,4,2.0,0,NONE
689,37.2888053333,127.107229,-37.374,-19.629,0.0,0.0,0.0,1,4,2.0,0,NONE
690,37.288804,127.1072283333,-37.434,-19.778,0.0,0.0,0.0,1,4,2.0,0,NONE
691,37.2888021667,127.1072271667,-37.537,-19.982,0.0,0.0,0.0,1,4,2.0,0,NONE
692,37.2888006667,127.1072258333,-37.655,-20.149,0.0,0.0,0.0,1,4,2.0,0,NONE
693,37.2887995,127.1072248333,-37.743,-20.279,0.0,0.0,0.0,1,4,2.0,0,NONE
694,37.2887981667,127.1072245,-37.773,-20.427,0.0,0.0,0.0,1,4,2.0,0,NONE
695,37.2887968333,127.107224,-37.817,-20.576,0.0,0.0,0.0,1,4,2.0,0,NONE
696,37.2887963333,127.107223,-37.906,-20.631,0.0,0.0,0.0,1,4,2.0,0,STOP_LINE
697,37.2887948333,127.1072231667,-37.891,-20.798,0.0,0.0,0.0,1,4,2.0,0,NONE
698,37.2887933333,127.107222,-37.994,-20.965,0.0,0.0,0.0,1,4,2.0,0,NONE
699,37.2887921667,127.107221,-38.083,-21.095,0.0,0.0,0.0,1,4,2.0,0,NONE
700,37.2887908333,127.1072203333,-38.142,-21.244,0.0,0.0,0.0,1,4,2.0,0,NONE
701,37.2887893333,127.1072196667,-38.201,-21.411,0.0,0.0,0.0,1,4,2.0,0,NONE
702,37.2887876667,127.1072191667,-38.245,-21.596,0.0,0.0,0.0,1,4,2.0,0,NONE
703,37.288786,127.1072185,-38.304,-21.782,0.0,0.0,0.0,1,4,2.0,0,NONE
704,37.2887843333,127.1072176667,-38.378,-21.967,0.0,0.0,0.0,1,4,2.0,0,NONE
705,37.2887826667,127.1072166667,-38.467,-22.153,0.0,0.0,0.0,1,4,2.0,0,NONE
706,37.2887808333,127.1072156667,-38.555,-22.357,0.0,0.0,0.0,1,4,2.0,0,NONE
707,37.288779,127.1072148333,-38.629,-22.561,0.0,0.0,0.0,1,4,2.0,0,NONE
708,37.2887771667,127.107214,-38.703,-22.765,0.0,0.0,0.0,1,4,2.0,0,NONE
709,37.2887753333,127.1072131667,-38.777,-22.969,0.0,0.0,0.0,1,4,2.0,0,NONE
710,37.2887733333,127.1072121667,-38.865,-23.192,0.0,0.0,0.0,1,4,2.0,0,NONE
711,37.2887715,127.107211,-38.969,-23.396,0.0,0.0,0.0,1,4,2.0,0,NONE
712,37.2887696667,127.1072098333,-39.072,-23.6,0.0,0.0,0.0,1,4,2.0,0,NONE
713,37.2887676667,127.107209,-39.146,-23.822,0.0,0.0,0.0,1,4,2.0,0,NONE
714,37.2887658333,127.1072081667,-39.22,-24.027,0.0,0.0,0.0,1,4,2.0,0,NONE
715,37.288764,127.1072071667,-39.308,-24.231,0.0,0.0,0.0,1,4,2.0,0,NONE
716,37.2887621667,127.107206,-39.411,-24.435,0.0,0.0,0.0,1,4,2.0,0,NONE
717,37.2887605,127.1072048333,-39.515,-24.62,0.0,0.0,0.0,1,4,2.0,0,NONE
718,37.2887585,127.1072038333,-39.603,-24.843,0.0,0.0,0.0,1,4,2.0,0,NONE
719,37.2887565,127.107203,-39.677,-25.066,0.0,0.0,0.0,1,4,2.0,0,NONE
720,37.2887546667,127.1072021667,-39.751,-25.27,0.0,0.0,0.0,1,4,2.0,0,NONE
721,37.2887526667,127.107201,-39.854,-25.492,0.0,0.0,0.0,1,4,2.0,0,NONE
722,37.2887506667,127.1071998333,-39.958,-25.715,0.0,0.0,0.0,1,4,2.0,0,NONE
723,37.2887486667,127.1071988333,-40.046,-25.938,0.0,0.0,0.0,1,4,2.0,0,NONE
724,37.2887466667,127.1071978333,-40.135,-26.16,0.0,0.0,0.0,1,4,2.0,0,NONE
725,37.2887446667,127.1071971667,-40.194,-26.383,0.0,0.0,0.0,1,4,2.0,0,NONE
726,37.2887428333,127.1071961667,-40.282,-26.587,0.0,0.0,0.0,1,4,2.0,0,NONE
727,37.288741,127.1071951667,-40.371,-26.791,0.0,0.0,0.0,1,4,2.0,0,NONE
728,37.288739,127.107194,-40.474,-27.014,0.0,0.0,0.0,1,4,2.0,0,NONE
729,37.2887371667,127.107193,-40.563,-27.218,0.0,0.0,0.0,1,4,2.0,0,NONE
730,37.2887351667,127.107192,-40.651,-27.44,0.0,0.0,0.0,1,4,2.0,0,NONE
731,37.2887331667,127.1071911667,-40.725,-27.663,0.0,0.0,0.0,1,4,2.0,0,NONE
732,37.2887311667,127.1071901667,-40.814,-27.886,0.0,0.0,0.0,1,4,2.0,0,NONE
733,37.2887291667,127.1071891667,-40.902,-28.108,0.0,0.0,0.0,1,4,2.0,0,NONE
734,37.2887271667,127.107188,-41.006,-28.331,0.0,0.0,0.0,1,4,2.0,0,NONE
735,37.2887251667,127.1071871667,-41.079,-28.554,0.0,0.0,0.0,1,4,2.0,0,NONE
736,37.288723,127.1071861667,-41.168,-28.795,0.0,0.0,0.0,1,4,2.0,0,NONE
737,37.288721,127.1071853333,-41.242,-29.017,0.0,0.0,0.0,1,4,2.0,0,NONE
738,37.288719,127.1071843333,-41.33,-29.24,0.0,0.0,0.0,1,4,2.0,0,NONE
739,37.2887168333,127.1071833333,-41.419,-29.481,0.0,0.0,0.0,1,4,2.0,0,NONE
740,37.2887148333,127.1071821667,-41.522,-29.704,0.0,0.0,0.0,1,4,2.0,0,NONE
741,37.2887128333,127.1071811667,-41.611,-29.927,0.0,0.0,0.0,1,4,2.0,0,NONE
742,37.2887106667,127.1071803333,-41.685,-30.168,0.0,0.0,0.0,1,4,2.0,0,NONE
743,37.2887085,127.1071791667,-41.788,-30.409,0.0,0.0,0.0,1,4,2.0,0,NONE
744,37.2887065,127.107178,-41.891,-30.632,0.0,0.0,0.0,1,4,2.0,0,NONE
745,37.2887043333,127.1071768333,-41.995,-30.873,0.0,0.0,0.0,1,4,2.0,0,NONE
746,37.2887023333,127.107176,-42.068,-31.095,0.0,0.0,0.0,1,4,2.0,0,NONE
747,37.2887,127.1071751667,-42.142,-31.355,0.0,0.0,0.0,1,4,2.0,0,NONE
748,37.2886978333,127.1071743333,-42.216,-31.596,0.0,0.0,0.0,1,4,2.0,0,NONE
749,37.2886955,127.1071731667,-42.319,-31.856,0.0,0.0,0.0,1,4,2.0,0,NONE
750,37.2886935,127.1071721667,-42.408,-32.079,0.0,0.0,0.0,1,4,2.0,0,NONE
751,37.2886913333,127.107171,-42.511,-32.32,0.0,0.0,0.0,1,4,2.0,0,NONE
752,37.2886891667,127.10717,-42.6,-32.561,0.0,0.0,0.0,1,4,2.0,0,NONE
753,37.288687,127.1071691667,-42.674,-32.802,0.0,0.0,0.0,1,4,2.0,0,NONE
754,37.288685,127.107168,-42.777,-33.025,0.0,0.0,0.0,1,4,2.0,0,NONE
755,37.288683,127.1071666667,-42.895,-33.248,0.0,0.0,0.0,1,4,2.0,0,NONE
756,37.288681,127.1071656667,-42.984,-33.47,0.0,0.0,0.0,1,4,2.0,0,NONE
757,37.288679,127.1071646667,-43.072,-33.693,0.0,0.0,0.0,1,4,2.0,0,NONE
758,37.2886768333,127.1071638333,-43.146,-33.934,0.0,0.0,0.0,1,4,2.0,0,NONE
759,37.2886748333,127.107163,-43.22,-34.157,0.0,0.0,0.0,1,4,2.0,0,NONE
760,37.2886728333,127.1071618333,-43.323,-34.379,0.0,0.0,0.0,1,4,2.0,0,NONE
761,37.288671,127.1071608333,-43.412,-34.583,0.0,0.0,0.0,1,4,2.0,0,NONE
762,37.288669,127.1071598333,-43.5,-34.806,0.0,0.0,0.0,1,4,2.0,0,NONE
763,37.2886668333,127.107159,-43.574,-35.047,0.0,0.0,0.0,1,4,2.0,0,NONE
764,37.2886646667,127.1071583333,-43.633,-35.288,0.0,0.0,0.0,1,4,2.0,0,NONE
765,37.2886625,127.1071575,-43.707,-35.53,0.0,0.0,0.0,1,4,2.0,0,NONE
766,37.2886606667,127.1071563333,-43.81,-35.734,0.0,0.0,0.0,1,4,2.0,0,NONE
767,37.2886586667,127.1071553333,-43.899,-35.956,0.0,0.0,0.0,1,4,2.0,0,NONE
768,37.2886566667,127.1071543333,-43.987,-36.179,0.0,0.0,0.0,1,4,2.0,0,NONE
769,37.2886545,127.1071533333,-44.076,-36.42,0.0,0.0,0.0,1,4,2.0,0,NONE
770,37.2886525,127.1071526667,-44.135,-36.643,0.0,0.0,0.0,1,4,2.0,0,NONE
771,37.2886505,127.1071516667,-44.223,-36.865,0.0,0.0,0.0,1,4,2.0,0,NONE
772,37.2886485,127.1071505,-44.327,-37.088,0.0,0.0,0.0,1,4,2.0,0,NONE
773,37.2886465,127.1071493333,-44.43,-37.311,0.0,0.0,0.0,1,4,2.0,0,NONE
774,37.2886446667,127.1071483333,-44.519,-37.515,0.0,0.0,0.0,1,4,2.0,0,NONE
775,37.2886425,127.1071471667,-44.622,-37.756,0.0,0.0,0.0,1,4,2.0,0,NONE
776,37.2886406667,127.1071463333,-44.696,-37.96,0.0,0.0,0.0,1,4,2.0,0,NONE
777,37.2886386667,127.1071451667,-44.799,-38.183,0.0,0.0,0.0,1,4,2.0,0,NONE
778,37.2886366667,127.107144,-44.902,-38.405,0.0,0.0,0.0,1,4,2.0,0,NONE
779,37.2886346667,127.1071428333,-45.006,-38.628,0.0,0.0,0.0,1,4,2.0,0,NONE
780,37.2886326667,127.1071418333,-45.094,-38.851,0.0,0.0,0.0,1,4,2.0,0,NONE
781,37.2886305,127.1071408333,-45.183,-39.092,0.0,0.0,0.0,1,4,2.0,0,NONE
782,37.2886285,127.1071398333,-45.272,-39.315,0.0,0.0,0.0,1,4,2.0,0,NONE
783,37.2886265,127.1071385,-45.39,-39.537,0.0,0.0,0.0,1,4,2.0,0,NONE
784,37.2886245,127.1071375,-45.478,-39.76,0.0,0.0,0.0,1,4,2.0,0,NONE
785,37.2886225,127.1071363333,-45.581,-39.982,0.0,0.0,0.0,1,4,2.0,0,NONE
786,37.2886205,127.1071353333,-45.67,-40.205,0.0,0.0,0.0,1,4,2.0,0,NONE
787,37.2886183333,127.1071345,-45.744,-40.446,0.0,0.0,0.0,1,4,2.0,0,NONE
788,37.2886163333,127.1071335,-45.832,-40.669,0.0,0.0,0.0,1,4,2.0,0,NONE
789,37.2886143333,127.1071321667,-45.951,-40.892,0.0,0.0,0.0,1,4,2.0,0,NONE
790,37.2886123333,127.1071311667,-46.039,-41.114,0.0,0.0,0.0,1,4,2.0,0,NONE
791,37.2886103333,127.1071301667,-46.128,-41.337,0.0,0.0,0.0,1,4,2.0,0,NONE
792,37.2886081667,127.1071293333,-46.201,-41.578,0.0,0.0,0.0,1,4,2.0,0,NONE
793,37.288606,127.1071285,-46.275,-41.819,0.0,0.0,0.0,1,4,2.0,0,NONE
794,37.288604,127.1071273333,-46.379,-42.042,0.0,0.0,0.0,1,4,2.0,0,NONE
795,37.288602,127.1071263333,-46.467,-42.264,0.0,0.0,0.0,1,4,2.0,0,NONE
796,37.2886,127.1071251667,-46.57,-42.487,0.0,0.0,0.0,1,4,2.0,0,NONE
797,37.2885981667,127.1071241667,-46.659,-42.691,0.0,0.0,0.0,1,4,2.0,0,NONE
798,37.2885961667,127.1071233333,-46.733,-42.914,0.0,0.0,0.0,1,4,2.0,0,NONE
799,37.2885943333,127.1071223333,-46.821,-43.118,0.0,0.0,0.0,1,4,2.0,0,NONE
800,37.2885925,127.1071213333,-46.91,-43.322,0.0,0.0,0.0,1,4,2.0,0,NONE
801,37.2885906667,127.1071201667,-47.013,-43.526,0.0,0.0,0.0,1,4,2.0,0,NONE
802,37.288589,127.1071191667,-47.102,-43.712,0.0,0.0,0.0,1,4,2.0,0,NONE
803,37.2885871667,127.1071181667,-47.19,-43.916,0.0,0.0,0.0,1,4,2.0,0,NONE
804,37.2885855,127.1071175,-47.249,-44.101,0.0,0.0,0.0,1,4,2.0,0,NONE
805,37.288584,127.1071165,-47.338,-44.268,0.0,0.0,0.0,1,4,2.0,0,NONE
806,37.2885823333,127.1071153333,-47.441,-44.454,0.0,0.0,0.0,1,4,2.0,0,NONE
807,37.2885805,127.1071143333,-47.53,-44.658,0.0,0.0,0.0,1,4,2.0,0,NONE
808,37.288578,127.107113,-47.648,-44.936,0.0,0.0,0.0,1,4,2.0,0,NONE
809,37.2885763333,127.1071121667,-47.722,-45.122,0.0,0.0,0.0,1,4,2.0,0,NONE
810,37.2885746667,127.1071115,-47.781,-45.307,0.0,0.0,0.0,1,4,2.0,0,NONE
811,37.2885728333,127.1071105,-47.869,-45.511,0.0,0.0,0.0,1,4,2.0,0,NONE
812,37.2885711667,127.1071095,-47.958,-45.697,0.0,0.0,0.0,1,4,2.0,0,NONE
813,37.2885695,127.1071086667,-48.032,-45.882,0.0,0.0,0.0,1,4,2.0,0,NONE
814,37.2885678333,127.1071078333,-48.106,-46.068,0.0,0.0,0.0,1,4,2.0,0,NONE
815,37.288566,127.107107,-48.179,-46.272,0.0,0.0,0.0,1,4,2.0,0,NONE
816,37.2885643333,127.1071063333,-48.238,-46.458,0.0,0.0,0.0,1,4,2.0,0,NONE
817,37.2885628333,127.1071053333,-48.327,-46.625,0.0,0.0,0.0,1,4,2.0,0,NONE
818,37.2885611667,127.1071043333,-48.416,-46.81,0.0,0.0,0.0,1,4,2.0,0,NONE
819,37.2885598333,127.1071035,-48.489,-46.958,0.0,0.0,0.0,1,4,2.0,0,NONE
820,37.2885585,127.1071028333,-48.548,-47.107,0.0,0.0,0.0,1,4,2.0,0,NONE
821,37.288557,127.1071025,-48.578,-47.274,0.0,0.0,0.0,1,4,2.0,0,NONE
822,37.2885556667,127.107102,-48.622,-47.422,0.0,0.0,0.0,1,4,2.0,0,NONE
823,37.288554,127.107101,-48.711,-47.608,0.0,0.0,0.0,1,4,2.0,0,NONE
824,37.2885526667,127.1071001667,-48.785,-47.756,0.0,0.0,0.0,1,4,2.0,0,NONE
825,37.2885513333,127.1070996667,-48.829,-47.905,0.0,0.0,0.0,1,4,2.0,0,NONE
826,37.2885495,127.1070996667,-48.829,-48.109,0.0,0.0,0.0,1,4,2.0,0,NONE
827,37.288548,127.1070996667,-48.829,-48.276,0.0,0.0,0.0,1,4,2.0,0,NONE
828,37.2885463333,127.1070991667,-48.873,-48.461,0.0,0.0,0.0,1,4,2.0,0,NONE
829,37.2885445,127.1070978333,-48.991,-48.665,0.0,0.0,0.0,1,4,2.0,0,NONE
830,37.2885431667,127.107097,-49.065,-48.814,0.0,0.0,0.0,1,4,2.0,0,NONE
831,37.2885411667,127.1070956667,-49.183,-49.036,0.0,0.0,0.0,1,4,2.0,0,NONE
832,37.2885393333,127.1070945,-49.286,-49.241,0.0,0.0,0.0,1,4,2.0,0,NONE
833,37.2885376667,127.107093,-49.419,-49.426,0.0,0.0,0.0,1,4,2.0,0,NONE
834,37.2885363333,127.1070916667,-49.537,-49.575,0.0,0.0,0.0,1,4,2.0,0,NONE
835,37.288535,127.107091,-49.596,-49.723,0.0,0.0,0.0,1,4,2.0,0,NONE
836,37.2885348333,127.107091,-49.596,-49.741,0.0,0.0,0.0,1,5,2.0,0,NONE
837,37.2885333333,127.107091,-49.596,-49.908,0.0,0.0,0.0,1,5,2.0,0,NONE
838,37.2885315,127.1070896667,-49.715,-50.113,0.0,0.0,0.0,1,5,2.0,0,NONE
839,37.2885298333,127.1070881667,-49.847,-50.298,0.0,0.0,0.0,1,5,2.0,0,NONE
840,37.2885278333,127.1070868333,-49.965,-50.521,0.0,0.0,0.0,1,5,2.0,0,NONE
841,37.2885263333,127.1070858333,-50.054,-50.688,0.0,0.0,0.0,1,5,2.0,0,NONE
842,37.288525,127.1070848333,-50.143,-50.836,0.0,0.0,0.0,1,5,2.0,0,NONE
843,37.2885236667,127.1070833333,-50.275,-50.985,0.0,0.0,0.0,1,5,2.0,0,NONE
844,37.2885223333,127.1070818333,-50.408,-51.133,0.0,0.0,0.0,1,5,2.0,0,NONE
845,37.288521,127.1070805,-50.526,-51.281,0.0,0.0,0.0,1,5,2.0,0,NONE
846,37.2885195,127.107079,-50.659,-51.448,0.0,0.0,0.0,1,5,2.0,0,NONE
847,37.2885181667,127.1070775,-50.792,-51.597,0.0,0.0,0.0,1,5,2.0,0,NONE
848,37.2885171667,127.1070756667,-50.954,-51.708,0.0,0.0,0.0,1,5,2.0,0,NONE
849,37.288516,127.1070736667,-51.132,-51.838,0.0,0.0,0.0,1,5,2.0,0,NONE
850,37.288515,127.1070716667,-51.309,-51.949,0.0,0.0,0.0,1,5,2.0,0,NONE
851,37.2885136667,127.1070698333,-51.471,-52.098,0.0,0.0,0.0,1,5,2.0,0,NONE
852,37.2885125,127.107068,-51.633,-52.228,0.0,0.0,0.0,1,5,2.0,0,NONE
853,37.2885113333,127.1070661667,-51.796,-52.358,0.0,0.0,0.0,1,5,2.0,0,NONE
854,37.2885105,127.1070641667,-51.973,-52.45,0.0,0.0,0.0,1,5,2.0,0,NONE
855,37.2885096667,127.1070618333,-52.18,-52.543,0.0,0.0,0.0,1,5,2.0,0,NONE
856,37.2885088333,127.1070596667,-52.371,-52.636,0.0,0.0,0.0,1,5,2.0,0,NONE
857,37.2885078333,127.1070576667,-52.549,-52.747,0.0,0.0,0.0,1,5,2.0,0,NONE
858,37.288507,127.1070553333,-52.755,-52.84,0.0,0.0,0.0,1,5,2.0,0,NONE
859,37.288506,127.1070533333,-52.932,-52.951,0.0,0.0,0.0,1,5,2.0,0,NONE
860,37.2885055,127.107051,-53.139,-53.007,0.0,0.0,0.0,1,5,2.0,0,NONE
861,37.2885048333,127.1070485,-53.36,-53.081,0.0,0.0,0.0,1,5,2.0,0,NONE
862,37.2885043333,127.1070463333,-53.552,-53.137,0.0,0.0,0.0,1,5,2.0,0,NONE
863,37.2885038333,127.107044,-53.759,-53.192,0.0,0.0,0.0,1,5,2.0,0,NONE
864,37.2885031667,127.1070416667,-53.966,-53.267,0.0,0.0,0.0,1,5,2.0,0,NONE
865,37.2885028333,127.1070393333,-54.172,-53.304,0.0,0.0,0.0,1,5,2.0,0,NONE
866,37.2885028333,127.107037,-54.379,-53.304,0.0,0.0,0.0,1,5,2.0,0,NONE
867,37.2885026667,127.1070343333,-54.615,-53.322,0.0,0.0,0.0,1,5,2.0,0,NONE
868,37.2885026667,127.107032,-54.822,-53.322,0.0,0.0,0.0,1,5,2.0,0,NONE
869,37.2885025,127.1070296667,-55.028,-53.341,0.0,0.0,0.0,1,5,2.0,0,NONE
870,37.2885021667,127.107027,-55.265,-53.378,0.0,0.0,0.0,1,5,2.0,0,NONE
871,37.2885023333,127.1070245,-55.486,-53.359,0.0,0.0,0.0,1,5,2.0,0,NONE
872,37.2885025,127.107022,-55.707,-53.341,0.0,0.0,0.0,1,5,2.0,0,NONE
873,37.2885026667,127.1070196667,-55.914,-53.322,0.0,0.0,0.0,1,5,2.0,0,NONE
874,37.2885026667,127.1070173333,-56.121,-53.322,0.0,0.0,0.0,1,5,2.0,0,NONE
875,37.2885026667,127.1070148333,-56.342,-53.322,0.0,0.0,0.0,1,5,2.0,0,NONE
876,37.2885026667,127.1070125,-56.549,-53.322,0.0,0.0,0.0,1,5,2.0,0,NONE
877,37.2885031667,127.1070103333,-56.741,-53.267,0.0,0.0,0.0,1,5,2.0,0,NONE
878,37.2885036667,127.1070078333,-56.962,-53.211,0.0,0.0,0.0,1,5,2.0,0,NONE
879,37.2885043333,127.1070056667,-57.154,-53.137,0.0,0.0,0.0,1,5,2.0,0,NONE
880,37.2885048333,127.1070035,-57.346,-53.081,0.0,0.0,0.0,1,5,2.0,0,NONE
881,37.2885055,127.1070013333,-57.538,-53.007,0.0,0.0,0.0,1,5,2.0,0,NONE
882,37.2885063333,127.1069991667,-57.73,-52.914,0.0,0.0,0.0,1,5,2.0,0,NONE
883,37.2885073333,127.1069973333,-57.892,-52.803,0.0,0.0,0.0,1,5,2.0,0,NONE
884,37.2885085,127.1069953333,-58.069,-52.673,0.0,0.0,0.0,1,5,2.0,0,NONE
885,37.2885095,127.1069933333,-58.246,-52.562,0.0,0.0,0.0,1,5,2.0,0,NONE
886,37.2885106667,127.1069911667,-58.438,-52.432,0.0,0.0,0.0,1,5,2.0,0,NONE
887,37.2885115,127.1069891667,-58.615,-52.339,0.0,0.0,0.0,1,5,2.0,0,NONE
888,37.2885126667,127.1069873333,-58.778,-52.209,0.0,0.0,0.0,1,5,2.0,0,NONE
889,37.288514,127.1069853333,-58.955,-52.061,0.0,0.0,0.0,1,5,2.0,0,NONE
890,37.2885153333,127.1069836667,-59.102,-51.912,0.0,0.0,0.0,1,5,2.0,0,NONE
891,37.2885166667,127.106982,-59.25,-51.764,0.0,0.0,0.0,1,5,2.0,0,NONE
892,37.2885178333,127.1069801667,-59.412,-51.634,0.0,0.0,0.0,1,5,2.0,0,NONE
893,37.2885191667,127.1069785,-59.56,-51.485,0.0,0.0,0.0,1,5,2.0,0,NONE
894,37.2885206667,127.106977,-59.693,-51.319,0.0,0.0,0.0,1,5,2.0,0,NONE
895,37.2885223333,127.1069756667,-59.811,-51.133,0.0,0.0,0.0,1,5,2.0,0,NONE
896,37.288524,127.1069743333,-59.929,-50.947,0.0,0.0,0.0,1,5,2.0,0,NONE
897,37.2885255,127.106973,-60.047,-50.78,0.0,0.0,0.0,1,5,2.0,0,NONE
898,37.2885271667,127.1069716667,-60.165,-50.595,0.0,0.0,0.0,1,5,2.0,0,NONE
899,37.2885288333,127.1069705,-60.269,-50.409,0.0,0.0,0.0,1,5,2.0,0,NONE
900,37.2885305,127.1069695,-60.357,-50.224,0.0,0.0,0.0,1,5,2.0,0,NONE
901,37.2885323333,127.1069686667,-60.431,-50.02,0.0,0.0,0.0,1,5,2.0,0,NONE
902,37.2885341667,127.1069676667,-60.519,-49.816,0.0,0.0,0.0,1,5,2.0,0,NONE
903,37.288536,127.1069668333,-60.593,-49.612,0.0,0.0,0.0,1,5,2.0,0,NONE
904,37.2885376667,127.106966,-60.667,-49.426,0.0,0.0,0.0,1,5,2.0,0,NONE
905,37.2885393333,127.1069656667,-60.697,-49.241,0.0,0.0,0.0,1,5,2.0,0,NONE
906,37.2885413333,127.1069655,-60.711,-49.018,0.0,0.0,0.0,1,5,2.0,0,NONE
907,37.2885431667,127.1069655,-60.711,-48.814,0.0,0.0,0.0,1,5,2.0,0,NONE
908,37.288545,127.1069656667,-60.697,-48.61,0.0,0.0,0.0,1,5,2.0,0,NONE
909,37.2885471667,127.1069655,-60.711,-48.369,0.0,0.0,0.0,1,5,2.0,0,NONE
910,37.2885491667,127.1069656667,-60.697,-48.146,0.0,0.0,0.0,1,5,2.0,0,NONE
911,37.288551,127.106966,-60.667,-47.942,0.0,0.0,0.0,1,5,2.0,0,NONE
912,37.2885531667,127.1069665,-60.623,-47.701,0.0,0.0,0.0,1,5,2.0,0,NONE
913,37.2885551667,127.1069666667,-60.608,-47.478,0.0,0.0,0.0,1,5,2.0,0,NONE
914,37.2885573333,127.1069668333,-60.593,-47.237,0.0,0.0,0.0,1,5,2.0,0,NONE
915,37.2885595,127.106967,-60.579,-46.996,0.0,0.0,0.0,1,5,2.0,0,NONE
916,37.2885615,127.1069673333,-60.549,-46.773,0.0,0.0,0.0,1,5,2.0,0,NONE
917,37.2885635,127.1069678333,-60.505,-46.55,0.0,0.0,0.0,1,5,2.0,0,NONE
918,37.2885658333,127.1069683333,-60.46,-46.291,0.0,0.0,0.0,1,5,2.0,0,NONE
919,37.2885678333,127.1069688333,-60.416,-46.068,0.0,0.0,0.0,1,5,2.0,0,NONE
920,37.2885701667,127.1069695,-60.357,-45.808,0.0,0.0,0.0,1,5,2.0,0,NONE
921,37.2885721667,127.10697,-60.313,-45.586,0.0,0.0,0.0,1,5,2.0,0,NONE
922,37.2885745,127.1069708333,-60.239,-45.326,0.0,0.0,0.0,1,5,2.0,0,NONE
923,37.2885766667,127.1069715,-60.18,-45.085,0.0,0.0,0.0,1,5,2.0,0,NONE
924,37.2885786667,127.1069723333,-60.106,-44.862,0.0,0.0,0.0,1,5,2.0,0,NONE
925,37.288581,127.106973,-60.047,-44.602,0.0,0.0,0.0,1,5,2.0,0,NONE
926,37.2885831667,127.1069735,-60.003,-44.361,0.0,0.0,0.0,1,5,2.0,0,NONE
927,37.288585,127.1069743333,-59.929,-44.157,0.0,0.0,0.0,1,5,2.0,0,NONE
928,37.2885871667,127.1069751667,-59.855,-43.916,0.0,0.0,0.0,1,5,2.0,0,NONE
929,37.2885893333,127.1069761667,-59.767,-43.675,0.0,0.0,0.0,1,5,2.0,0,NONE
930,37.2885911667,127.1069768333,-59.708,-43.47,0.0,0.0,0.0,1,5,2.0,0,NONE
931,37.2885933333,127.1069773333,-59.663,-43.229,0.0,0.0,0.0,1,5,2.0,0,NONE
932,37.2885955,127.106978,-59.604,-42.988,0.0,0.0,0.0,1,5,2.0,0,NONE
933,37.2885975,127.1069786667,-59.545,-42.765,0.0,0.0,0.0,1,5,2.0,0,NONE
934,37.2885996667,127.1069795,-59.471,-42.524,0.0,0.0,0.0,1,5,2.0,0,NONE
935,37.2886018333,127.1069803333,-59.398,-42.283,0.0,0.0,0.0,1,5,2.0,0,NONE
936,37.2886038333,127.1069808333,-59.353,-42.06,0.0,0.0,0.0,1,5,2.0,0,NONE
937,37.2886061667,127.106981,-59.339,-41.801,0.0,0.0,0.0,1,5,2.0,0,NONE
938,37.2886083333,127.1069813333,-59.309,-41.559,0.0,0.0,0.0,1,5,2.0,0,NONE
939,37.2886103333,127.106982,-59.25,-41.337,0.0,0.0,0.0,1,5,2.0,0,NONE
940,37.2886126667,127.1069825,-59.206,-41.077,0.0,0.0,0.0,1,5,2.0,0,NONE
941,37.2886148333,127.1069828333,-59.176,-40.836,0.0,0.0,0.0,1,5,2.0,0,NONE
942,37.288617,127.106983,-59.161,-40.595,0.0,0.0,0.0,1,5,2.0,0,NONE
943,37.2886191667,127.1069828333,-59.176,-40.354,0.0,0.0,0.0,1,5,2.0,0,NONE
944,37.2886211667,127.1069826667,-59.191,-40.131,0.0,0.0,0.0,1,5,2.0,0,NONE
945,37.2886233333,127.1069826667,-59.191,-39.89,0.0,0.0,0.0,1,5,2.0,0,NONE
946,37.2886253333,127.1069826667,-59.191,-39.667,0.0,0.0,0.0,1,5,2.0,0,NONE
947,37.2886275,127.1069825,-59.206,-39.426,0.0,0.0,0.0,1,5,2.0,0,NONE
948,37.2886296667,127.106982,-59.25,-39.185,0.0,0.0,0.0,1,5,2.0,0,NONE
949,37.2886316667,127.1069815,-59.294,-38.962,0.0,0.0,0.0,1,5,2.0,0,NONE
950,37.2886336667,127.1069811667,-59.324,-38.739,0.0,0.0,0.0,1,5,2.0,0,NONE
951,37.288636,127.106981,-59.339,-38.48,0.0,0.0,0.0,1,5,2.0,0,NONE
952,37.288638,127.1069806667,-59.368,-38.257,0.0,0.0,0.0,1,5,2.0,0,NONE
953,37.2886401667,127.1069803333,-59.398,-38.016,0.0,0.0,0.0,1,5,2.0,0,NONE
954,37.2886423333,127.1069795,-59.471,-37.775,0.0,0.0,0.0,1,5,2.0,0,NONE
955,37.2886445,127.1069788333,-59.53,-37.533,0.0,0.0,0.0,1,5,2.0,0,NONE
956,37.2886466667,127.1069783333,-59.575,-37.292,0.0,0.0,0.0,1,5,2.0,0,NONE
957,37.288649,127.1069776667,-59.634,-37.032,0.0,0.0,0.0,1,5,2.0,0,NONE
958,37.288651,127.1069768333,-59.708,-36.81,0.0,0.0,0.0,1,5,2.0,0,NONE
959,37.2886531667,127.106976,-59.781,-36.569,0.0,0.0,0.0,1,5,2.0,0,NONE
960,37.2886551667,127.1069748333,-59.885,-36.346,0.0,0.0,0.0,1,5,2.0,0,NONE
961,37.2886571667,127.106974,-59.959,-36.123,0.0,0.0,0.0,1,5,2.0,0,NONE
962,37.2886591667,127.106973,-60.047,-35.901,0.0,0.0,0.0,1,5,2.0,0,NONE
963,37.2886611667,127.106972,-60.136,-35.678,0.0,0.0,0.0,1,5,2.0,0,NONE
964,37.288663,127.1069705,-60.269,-35.474,0.0,0.0,0.0,1,5,2.0,0,NONE
965,37.2886648333,127.1069688333,-60.416,-35.27,0.0,0.0,0.0,1,5,2.0,0,NONE
966,37.2886665,127.1069671667,-60.564,-35.084,0.0,0.0,0.0,1,5,2.0,0,NONE
967,37.2886681667,127.1069655,-60.711,-34.899,0.0,0.0,0.0,1,5,2.0,0,NONE
968,37.28867,127.1069636667,-60.874,-34.695,0.0,0.0,0.0,1,5,2.0,0,NONE
969,37.2886716667,127.1069618333,-61.036,-34.509,0.0,0.0,0.0,1,5,2.0,0,NONE
970,37.2886731667,127.1069598333,-61.213,-34.342,0.0,0.0,0.0,1,5,2.0,0,NONE
971,37.2886746667,127.1069576667,-61.405,-34.175,0.0,0.0,0.0,1,5,2.0,0,NONE
972,37.2886761667,127.1069556667,-61.582,-34.008,0.0,0.0,0.0,1,5,2.0,0,NONE
973,37.2886776667,127.1069538333,-61.745,-33.841,0.0,0.0,0.0,1,5,2.0,0,NONE
974,37.2886793333,127.1069518333,-61.922,-33.656,0.0,0.0,0.0,1,5,2.0,0,NONE
975,37.2886805,127.1069496667,-62.114,-33.526,0.0,0.0,0.0,1,5,2.0,0,NONE
976,37.2886816667,127.1069473333,-62.32,-33.396,0.0,0.0,0.0,1,5,2.0,0,NONE
977,37.2886828333,127.1069448333,-62.542,-33.266,0.0,0.0,0.0,1,5,2.0,0,NONE
978,37.2886841667,127.1069426667,-62.734,-33.118,0.0,0.0,0.0,1,5,2.0,0,NONE
979,37.2886853333,127.1069401667,-62.955,-32.988,0.0,0.0,0.0,1,5,2.0,0,NONE
980,37.2886865,127.1069376667,-63.176,-32.858,0.0,0.0,0.0,1,5,2.0,0,NONE
981,37.2886873333,127.1069351667,-63.398,-32.765,0.0,0.0,0.0,1,5,2.0,0,NONE
982,37.2886881667,127.1069323333,-63.649,-32.672,0.0,0.0,0.0,1,5,2.0,0,NONE
983,37.288689,127.1069298333,-63.87,-32.58,0.0,0.0,0.0,1,5,2.0,0,NONE
984,37.2886896667,127.1069271667,-64.106,-32.505,0.0,0.0,0.0,1,5,2.0,0,NONE
985,37.2886905,127.1069245,-64.343,-32.413,0.0,0.0,0.0,1,5,2.0,0,NONE
986,37.2886911667,127.106922,-64.564,-32.338,0.0,0.0,0.0,1,5,2.0,0,NONE
987,37.2886915,127.1069191667,-64.815,-32.301,0.0,0.0,0.0,1,5,2.0,0,NONE
988,37.2886916667,127.1069165,-65.051,-32.283,0.0,0.0,0.0,1,5,2.0,0,NONE
989,37.2886921667,127.106914,-65.272,-32.227,0.0,0.0,0.0,1,5,2.0,0,NONE
990,37.2886925,127.1069111667,-65.523,-32.19,0.0,0.0,0.0,1,5,2.0,0,NONE
991,37.2886928333,127.1069085,-65.76,-32.153,0.0,0.0,0.0,1,5,2.0,0,NONE
992,37.288693,127.106906,-65.981,-32.134,0.0,0.0,0.0,1,5,2.0,0,NONE
993,37.288693,127.1069031667,-66.232,-32.134,0.0,0.0,0.0,1,5,2.0,0,NONE
994,37.288693,127.1069005,-66.468,-32.134,0.0,0.0,0.0,1,5,2.0,0,NONE
995,37.288693,127.1068978333,-66.704,-32.134,0.0,0.0,0.0,1,5,2.0,0,NONE
996,37.288693,127.106895,-66.955,-32.134,0.0,0.0,0.0,1,5,2.0,0,NONE
997,37.288693,127.1068923333,-67.191,-32.134,0.0,0.0,0.0,1,5,2.0,0,NONE
998,37.2886928333,127.1068895,-67.442,-32.153,0.0,0.0,0.0,1,5,2.0,0,NONE
999,37.2886925,127.1068866667,-67.693,-32.19,0.0,0.0,0.0,1,5,2.0,0,NONE
1000,37.2886925,127.106884,-67.929,-32.19,0.0,0.0,0.0,1,5,2.0,0,NONE
1001,37.2886923333,127.1068813333,-68.166,-32.209,0.0,0.0,0.0,1,5,2.0,0,NONE
1002,37.2886921667,127.1068785,-68.417,-32.227,0.0,0.0,0.0,1,5,2.0,0,NONE
1003,37.288692,127.1068758333,-68.653,-32.246,0.0,0.0,0.0,1,5,2.0,0,NONE
1004,37.2886916667,127.1068731667,-68.889,-32.283,0.0,0.0,0.0,1,5,2.0,0,NONE
1005,37.2886911667,127.1068705,-69.125,-32.338,0.0,0.0,0.0,1,5,2.0,0,NONE
1006,37.2886911667,127.1068676667,-69.376,-32.338,0.0,0.0,0.0,1,5,2.0,0,NONE
1007,37.2886908333,127.1068648333,-69.627,-32.376,0.0,0.0,0.0,1,5,2.0,0,NONE
1008,37.2886906667,127.1068621667,-69.863,-32.394,0.0,0.0,0.0,1,5,2.0,0,NONE
1009,37.2886903333,127.1068595,-70.099,-32.431,0.0,0.0,0.0,1,5,2.0,0,NONE
1010,37.2886898333,127.1068566667,-70.35,-32.487,0.0,0.0,0.0,1,5,2.0,0,NONE
1011,37.2886896667,127.106854,-70.586,-32.505,0.0,0.0,0.0,1,5,2.0,0,NONE
1012,37.2886893333,127.1068513333,-70.823,-32.543,0.0,0.0,0.0,1,5,2.0,0,NONE
1013,37.2886893333,127.1068483333,-71.088,-32.543,0.0,0.0,0.0,1,5,2.0,0,NONE
1014,37.2886891667,127.1068456667,-71.324,-32.561,0.0,0.0,0.0,1,5,2.0,0,NONE
1015,37.288689,127.1068428333,-71.575,-32.58,0.0,0.0,0.0,1,5,2.0,0,NONE
1016,37.2886888333,127.1068401667,-71.812,-32.598,0.0,0.0,0.0,1,5,2.0,0,NONE
1017,37.2886888333,127.1068375,-72.048,-32.598,0.0,0.0,0.0,1,5,2.0,0,NONE
1018,37.2886888333,127.1068346667,-72.299,-32.598,0.0,0.0,0.0,1,5,2.0,0,NONE
1019,37.2886888333,127.106832,-72.535,-32.598,0.0,0.0,0.0,1,5,2.0,0,NONE
1020,37.2886886667,127.1068293333,-72.771,-32.617,0.0,0.0,0.0,1,5,2.0,0,NONE
1021,37.2886885,127.1068266667,-73.007,-32.635,0.0,0.0,0.0,1,5,2.0,0,NONE
1022,37.2886886667,127.1068241667,-73.229,-32.617,0.0,0.0,0.0,1,5,2.0,0,NONE
1023,37.2886888333,127.1068215,-73.465,-32.598,0.0,0.0,0.0,1,5,2.0,0,NONE
1024,37.2886891667,127.1068186667,-73.716,-32.561,0.0,0.0,0.0,1,5,2.0,0,NONE
1025,37.2886895,127.1068163333,-73.922,-32.524,0.0,0.0,0.0,1,5,2.0,0,NONE
1026,37.2886896667,127.1068136667,-74.158,-32.505,0.0,0.0,0.0,1,5,2.0,0,NONE
1027,37.2886898333,127.106811,-74.395,-32.487,0.0,0.0,0.0,1,5,2.0,0,NONE
1028,37.2886901667,127.1068085,-74.616,-32.45,0.0,0.0,0.0,1,5,2.0,0,NONE
1029,37.2886908333,127.1068058333,-74.852,-32.376,0.0,0.0,0.0,1,5,2.0,0,NONE
1030,37.2886911667,127.1068033333,-75.074,-32.338,0.0,0.0,0.0,1,5,2.0,0,NONE
1031,37.2886915,127.1068006667,-75.31,-32.301,0.0,0.0,0.0,1,5,2.0,0,NONE
1032,37.2886918333,127.1067978333,-75.561,-32.264,0.0,0.0,0.0,1,5,2.0,0,NONE
1033,37.2886923333,127.1067953333,-75.782,-32.209,0.0,0.0,0.0,1,5,2.0,0,NONE
1034,37.288693,127.1067928333,-76.004,-32.134,0.0,0.0,0.0,1,5,2.0,0,NONE
1035,37.2886938333,127.1067901667,-76.24,-32.042,0.0,0.0,0.0,1,5,2.0,0,NONE
1036,37.2886946667,127.1067876667,-76.461,-31.949,0.0,0.0,0.0,1,5,2.0,0,NONE
1037,37.2886951667,127.1067851667,-76.683,-31.893,0.0,0.0,0.0,1,5,2.0,0,NONE
1038,37.2886958333,127.1067826667,-76.904,-31.819,0.0,0.0,0.0,1,5,2.0,0,NONE
1039,37.2886968333,127.1067805,-77.096,-31.708,0.0,0.0,0.0,1,5,2.0,0,NONE
1040,37.288698,127.1067783333,-77.288,-31.578,0.0,0.0,0.0,1,5,2.0,0,NONE
1041,37.2886991667,127.1067761667,-77.48,-31.448,0.0,0.0,0.0,1,5,2.0,0,NONE
1042,37.2887003333,127.1067743333,-77.642,-31.318,0.0,0.0,0.0,1,5,2.0,0,NONE
1043,37.2887015,127.1067721667,-77.834,-31.188,0.0,0.0,0.0,1,5,2.0,0,NONE
1044,37.2887026667,127.1067703333,-77.996,-31.058,0.0,0.0,0.0,1,5,2.0,0,NONE
1045,37.2887041667,127.1067686667,-78.144,-30.891,0.0,0.0,0.0,1,5,2.0,0,NONE
1046,37.2887058333,127.1067666667,-78.321,-30.706,0.0,0.0,0.0,1,5,2.0,0,NONE
1047,37.2887071667,127.106765,-78.469,-30.557,0.0,0.0,0.0,1,5,2.0,0,NONE
1048,37.2887086667,127.106763,-78.646,-30.39,0.0,0.0,0.0,1,5,2.0,0,NONE
1049,37.2887101667,127.106761,-78.823,-30.223,0.0,0.0,0.0,1,5,2.0,0,NONE
1050,37.2887116667,127.1067593333,-78.971,-30.056,0.0,0.0,0.0,1,5,2.0,0,NONE
1051,37.2887133333,127.1067578333,-79.103,-29.871,0.0,0.0,0.0,1,5,2.0,0,NONE
1052,37.288715,127.1067565,-79.221,-29.685,0.0,0.0,0.0,1,5,2.0,0,NONE
1053,37.2887166667,127.106755,-79.354,-29.5,0.0,0.0,0.0,1,5,2.0,0,NONE
1054,37.2887183333,127.1067536667,-79.472,-29.314,0.0,0.0,0.0,1,5,2.0,0,NONE
1055,37.2887198333,127.106752,-79.62,-29.147,0.0,0.0,0.0,1,5,2.0,0,NONE
1056,37.2887215,127.1067508333,-79.723,-28.962,0.0,0.0,0.0,1,5,2.0,0,NONE
1057,37.2887235,127.1067496667,-79.827,-28.739,0.0,0.0,0.0,1,5,2.0,0,NONE
1058,37.2887255,127.1067488333,-79.9,-28.516,0.0,0.0,0.0,1,5,2.0,0,NONE
1059,37.2887275,127.1067478333,-79.989,-28.294,0.0,0.0,0.0,1,5,2.0,0,NONE
1060,37.2887295,127.1067468333,-80.078,-28.071,0.0,0.0,0.0,1,5,2.0,0,NONE
1061,37.2887313333,127.106746,-80.151,-27.867,0.0,0.0,0.0,1,5,2.0,0,NONE
1062,37.2887333333,127.1067455,-80.196,-27.644,0.0,0.0,0.0,1,5,2.0,0,NONE
1063,37.2887355,127.106745,-80.24,-27.403,0.0,0.0,0.0,1,5,2.0,0,NONE
1064,37.2887375,127.1067445,-80.284,-27.181,0.0,0.0,0.0,1,5,2.0,0,NONE
1065,37.2887393333,127.1067436667,-80.358,-26.977,0.0,0.0,0.0,1,5,2.0,0,NONE
1066,37.2887413333,127.1067426667,-80.447,-26.754,0.0,0.0,0.0,1,5,2.0,0,NONE
1067,37.2887431667,127.1067421667,-80.491,-26.55,0.0,0.0,0.0,1,5,2.0,0,NONE
1068,37.2887453333,127.1067418333,-80.52,-26.309,0.0,0.0,0.0,1,5,2.0,0,NONE
1069,37.2887475,127.1067415,-80.55,-26.067,0.0,0.0,0.0,1,5,2.0,0,NONE
1070,37.2887493333,127.1067411667,-80.579,-25.863,0.0,0.0,0.0,1,5,2.0,0,NONE
1071,37.2887515,127.1067405,-80.639,-25.622,0.0,0.0,0.0,1,5,2.0,0,NONE
1072,37.2887533333,127.10674,-80.683,-25.418,0.0,0.0,0.0,1,5,2.0,0,NONE
1073,37.2887553333,127.1067398333,-80.698,-25.195,0.0,0.0,0.0,1,5,2.0,0,NONE
1074,37.2887573333,127.1067396667,-80.712,-24.973,0.0,0.0,0.0,1,5,2.0,0,NONE
1075,37.2887593333,127.1067396667,-80.712,-24.75,0.0,0.0,0.0,1,5,2.0,0,NONE
1076,37.2887613333,127.1067395,-80.727,-24.528,0.0,0.0,0.0,1,5,2.0,0,NONE
1077,37.2887635,127.1067393333,-80.742,-24.286,0.0,0.0,0.0,1,5,2.0,0,NONE
1078,37.2887655,127.1067391667,-80.757,-24.064,0.0,0.0,0.0,1,5,2.0,0,NONE
1079,37.2887675,127.1067391667,-80.757,-23.841,0.0,0.0,0.0,1,5,2.0,0,NONE
1080,37.2887696667,127.1067395,-80.727,-23.6,0.0,0.0,0.0,1,5,2.0,0,NONE
1081,37.2887716667,127.1067396667,-80.712,-23.377,0.0,0.0,0.0,1,5,2.0,0,NONE
1082,37.2887738333,127.1067398333,-80.698,-23.136,0.0,0.0,0.0,1,5,2.0,0,NONE
1083,37.288776,127.10674,-80.683,-22.895,0.0,0.0,0.0,1,5,2.0,0,NONE
1084,37.288778,127.1067406667,-80.624,-22.672,0.0,0.0,0.0,1,5,2.0,0,NONE
1085,37.28878,127.1067413333,-80.565,-22.45,0.0,0.0,0.0,1,5,2.0,0,NONE
1086,37.288782,127.106742,-80.506,-22.227,0.0,0.0,0.0,1,5,2.0,0,NONE
1087,37.2887838333,127.1067423333,-80.476,-22.023,0.0,0.0,0.0,1,5,2.0,0,NONE
1088,37.288786,127.1067425,-80.461,-21.782,0.0,0.0,0.0,1,5,2.0,0,NONE
1089,37.288788,127.1067426667,-80.447,-21.559,0.0,0.0,0.0,1,5,2.0,0,NONE
1090,37.28879,127.1067431667,-80.402,-21.336,0.0,0.0,0.0,1,5,2.0,0,NONE
1091,37.2887921667,127.1067436667,-80.358,-21.095,0.0,0.0,0.0,1,5,2.0,0,NONE
1092,37.2887941667,127.1067443333,-80.299,-20.872,0.0,0.0,0.0,1,5,2.0,0,NONE
1093,37.288796,127.1067448333,-80.255,-20.668,0.0,0.0,0.0,1,5,2.0,0,NONE
1094,37.2887981667,127.1067455,-80.196,-20.427,0.0,0.0,0.0,1,5,2.0,0,NONE
1095,37.2887998333,127.1067463333,-80.122,-20.242,0.0,0.0,0.0,1,5,2.0,0,NONE
1096,37.2888016667,127.1067476667,-80.004,-20.038,0.0,0.0,0.0,1,5,2.0,0,NONE
1097,37.2888033333,127.1067493333,-79.856,-19.852,0.0,0.0,0.0,1,5,2.0,0,NONE
1098,37.2888048333,127.1067505,-79.753,-19.685,0.0,0.0,0.0,1,5,2.0,0,NONE
1099,37.2888063333,127.106752,-79.62,-19.518,0.0,0.0,0.0,1,5,2.0,0,NONE
1100,37.288808,127.1067533333,-79.502,-19.333,0.0,0.0,0.0,1,5,2.0,0,NONE
1101,37.2888095,127.106755,-79.354,-19.166,0.0,0.0,0.0,1,5,2.0,0,NONE
1102,37.2888106667,127.1067568333,-79.192,-19.036,0.0,0.0,0.0,1,5,2.0,0,NONE
1103,37.2888118333,127.106759,-79.0,-18.906,0.0,0.0,0.0,1,5,2.0,0,NONE
1104,37.288813,127.1067608333,-78.838,-18.776,0.0,0.0,0.0,1,5,2.0,0,NONE
1105,37.2888145,127.1067628333,-78.661,-18.609,0.0,0.0,0.0,1,5,2.0,0,NONE
1106,37.2888156667,127.106765,-78.469,-18.479,0.0,0.0,0.0,1,5,2.0,0,NONE
1107,37.2888166667,127.1067671667,-78.277,-18.368,0.0,0.0,0.0,1,5,2.0,0,NONE
1108,37.2888176667,127.1067693333,-78.085,-18.256,0.0,0.0,0.0,1,5,2.0,0,NONE
1109,37.2888185,127.1067716667,-77.878,-18.164,0.0,0.0,0.0,1,5,2.0,0,NONE
1110,37.2888195,127.1067738333,-77.686,-18.052,0.0,0.0,0.0,1,5,2.0,0,NONE
1111,37.2888206667,127.106776,-77.494,-17.923,0.0,0.0,0.0,1,5,2.0,0,NONE
1112,37.2888215,127.1067781667,-77.303,-17.83,0.0,0.0,0.0,1,5,2.0,0,NONE
1113,37.288822,127.1067805,-77.096,-17.774,0.0,0.0,0.0,1,5,2.0,0,NONE
1114,37.2888225,127.106783,-76.874,-17.718,0.0,0.0,0.0,1,5,2.0,0,NONE
1115,37.2888228333,127.1067851667,-76.683,-17.681,0.0,0.0,0.0,1,5,2.0,0,NONE
1116,37.2888233333,127.1067873333,-76.491,-17.626,0.0,0.0,0.0,1,5,2.0,0,NONE
1117,37.288824,127.1067896667,-76.284,-17.551,0.0,0.0,0.0,1,5,2.0,0,NONE
1118,37.2888243333,127.106792,-76.077,-17.514,0.0,0.0,0.0,1,5,2.0,0,NONE
1119,37.2888243333,127.1067943333,-75.871,-17.514,0.0,0.0,0.0,1,5,2.0,0,NONE
1120,37.2888243333,127.1067968333,-75.649,-17.514,0.0,0.0,0.0,1,5,2.0,0,NONE
1121,37.2888243333,127.106799,-75.457,-17.514,0.0,0.0,0.0,1,5,2.0,0,NONE
1122,37.2888245,127.1068011667,-75.266,-17.496,0.0,0.0,0.0,1,5,2.0,0,NONE
1123,37.2888246667,127.1068033333,-75.074,-17.477,0.0,0.0,0.0,1,5,2.0,0,NONE
1124,37.2888246667,127.1068055,-74.882,-17.477,0.0,0.0,0.0,1,5,2.0,0,NONE
1125,37.2888245,127.1068076667,-74.69,-17.496,0.0,0.0,0.0,1,5,2.0,0,NONE
1126,37.2888241667,127.1068098333,-74.498,-17.533,0.0,0.0,0.0,1,5,2.0,0,NONE
1127,37.288824,127.1068118333,-74.321,-17.551,0.0,0.0,0.0,1,5,2.0,0,NONE
1128,37.2888238333,127.1068138333,-74.144,-17.57,0.0,0.0,0.0,1,5,2.0,0,NONE
1129,37.2888238333,127.106816,-73.952,-17.57,0.0,0.0,0.0,1,5,2.0,0,NONE
1130,37.2888236667,127.1068178333,-73.789,-17.589,0.0,0.0,0.0,1,5,2.0,0,NONE
1131,37.2888233333,127.1068195,-73.642,-17.626,0.0,0.0,0.0,1,5,2.0,0,NONE
1132,37.2888228333,127.1068213333,-73.479,-17.681,0.0,0.0,0.0,1,5,2.0,0,NONE
1133,37.2888228333,127.1068231667,-73.317,-17.681,0.0,0.0,0.0,1,5,2.0,0,NONE
1134,37.288823,127.1068233333,-73.302,-17.663,0.0,0.0,0.0,1,6,2.0,0,NONE
1135,37.2888233333,127.106825,-73.155,-17.626,0.0,0.0,0.0,1,6,2.0,0,NONE
1136,37.288823,127.1068266667,-73.007,-17.663,0.0,0.0,0.0,1,6,2.0,0,NONE
1137,37.2888223333,127.1068281667,-72.874,-17.737,0.0,0.0,0.0,1,6,2.0,0,NONE
1138,37.2888215,127.1068305,-72.668,-17.83,0.0,0.0,0.0,1,6,2.0,0,NONE
1139,37.288821,127.1068325,-72.491,-17.885,0.0,0.0,0.0,1,6,2.0,0,NONE
1140,37.2888205,127.1068346667,-72.299,-17.941,0.0,0.0,0.0,1,6,2.0,0,NONE
1141,37.28882,127.1068368333,-72.107,-17.997,0.0,0.0,0.0,1,6,2.0,0,NONE
1142,37.2888191667,127.106839,-71.915,-18.089,0.0,0.0,0.0,1,6,2.0,0,NONE
1143,37.2888183333,127.1068411667,-71.723,-18.182,0.0,0.0,0.0,1,6,2.0,0,NONE
1144,37.2888175,127.1068435,-71.516,-18.275,0.0,0.0,0.0,1,6,2.0,0,NONE
1145,37.288817,127.1068458333,-71.31,-18.331,0.0,0.0,0.0,1,6,2.0,0,NONE
1146,37.2888165,127.1068483333,-71.088,-18.386,0.0,0.0,0.0,1,6,2.0,0,NONE
1147,37.2888158333,127.1068505,-70.896,-18.461,0.0,0.0,0.0,1,6,2.0,0,NONE
1148,37.2888151667,127.1068531667,-70.66,-18.535,0.0,0.0,0.0,1,6,2.0,0,NONE
1149,37.2888145,127.1068556667,-70.439,-18.609,0.0,0.0,0.0,1,6,2.0,0,NONE
1150,37.2888138333,127.1068581667,-70.217,-18.683,0.0,0.0,0.0,1,6,2.0,0,NONE
1151,37.2888133333,127.1068608333,-69.981,-18.739,0.0,0.0,0.0,1,6,2.0,0,NONE
1152,37.288813,127.1068633333,-69.76,-18.776,0.0,0.0,0.0,1,6,2.0,0,NONE
1153,37.2888123333,127.1068658333,-69.538,-18.85,0.0,0.0,0.0,1,6,2.0,0,NONE
1154,37.2888116667,127.1068685,-69.302,-18.924,0.0,0.0,0.0,1,6,2.0,0,NONE
1155,37.288811,127.106871,-69.081,-18.999,0.0,0.0,0.0,1,6,2.0,0,NONE
1156,37.2888103333,127.1068736667,-68.845,-19.073,0.0,0.0,0.0,1,6,2.0,0,NONE
1157,37.2888098333,127.1068765,-68.594,-19.128,0.0,0.0,0.0,1,6,2.0,0,NONE
1158,37.288809,127.1068791667,-68.357,-19.221,0.0,0.0,0.0,1,6,2.0,0,NONE
1159,37.2888081667,127.1068816667,-68.136,-19.314,0.0,0.0,0.0,1,6,2.0,0,NONE
1160,37.2888073333,127.1068843333,-67.9,-19.407,0.0,0.0,0.0,1,6,2.0,0,NONE
1161,37.2888066667,127.106887,-67.664,-19.481,0.0,0.0,0.0,1,6,2.0,0,NONE
1162,37.288806,127.1068896667,-67.428,-19.555,0.0,0.0,0.0,1,6,2.0,0,NONE
1163,37.2888053333,127.1068923333,-67.191,-19.629,0.0,0.0,0.0,1,6,2.0,0,NONE
1164,37.2888046667,127.1068948333,-66.97,-19.704,0.0,0.0,0.0,1,6,2.0,0,NONE
1165,37.2888036667,127.1068975,-66.734,-19.815,0.0,0.0,0.0,1,6,2.0,0,NONE
1166,37.288803,127.1069,-66.512,-19.889,0.0,0.0,0.0,1,6,2.0,0,NONE
1167,37.2888021667,127.1069028333,-66.261,-19.982,0.0,0.0,0.0,1,6,2.0,0,NONE
1168,37.2888016667,127.1069055,-66.025,-20.038,0.0,0.0,0.0,1,6,2.0,0,NONE
1169,37.2888008333,127.106908,-65.804,-20.13,0.0,0.0,0.0,1,6,2.0,0,NONE
1170,37.2887998333,127.1069105,-65.582,-20.242,0.0,0.0,0.0,1,6,2.0,0,NONE
1171,37.2887988333,127.1069131667,-65.346,-20.353,0.0,0.0,0.0,1,6,2.0,0,NONE
1172,37.288798,127.1069156667,-65.125,-20.446,0.0,0.0,0.0,1,6,2.0,0,NONE
1173,37.2887973333,127.1069183333,-64.889,-20.52,0.0,0.0,0.0,1,6,2.0,0,NONE
1174,37.2887968333,127.106921,-64.653,-20.576,0.0,0.0,0.0,1,6,2.0,0,NONE
1175,37.288796,127.1069235,-64.431,-20.668,0.0,0.0,0.0,1,6,2.0,0,NONE
1176,37.2887951667,127.1069261667,-64.195,-20.761,0.0,0.0,0.0,1,6,2.0,0,NONE
1177,37.2887941667,127.1069286667,-63.974,-20.872,0.0,0.0,0.0,1,6,2.0,0,NONE
1178,37.2887935,127.1069313333,-63.737,-20.947,0.0,0.0,0.0,1,6,2.0,0,NONE
1179,37.2887926667,127.1069341667,-63.486,-21.039,0.0,0.0,0.0,1,6,2.0,0,NONE
1180,37.2887918333,127.1069366667,-63.265,-21.132,0.0,0.0,0.0,1,6,2.0,0,NONE
1181,37.2887908333,127.1069393333,-63.029,-21.244,0.0,0.0,0.0,1,6,2.0,0,NONE
1182,37.2887898333,127.106942,-62.793,-21.355,0.0,0.0,0.0,1,6,2.0,0,NONE
1183,37.288789,127.1069446667,-62.556,-21.448,0.0,0.0,0.0,1,6,2.0,0,NONE
1184,37.2887883333,127.1069475,-62.306,-21.522,0.0,0.0,0.0,1,6,2.0,0,NONE
1185,37.2887875,127.1069503333,-62.055,-21.615,0.0,0.0,0.0,1,6,2.0,0,NONE
1186,37.2887868333,127.106953,-61.818,-21.689,0.0,0.0,0.0,1,6,2.0,0,NONE
1187,37.2887856667,127.1069558333,-61.567,-21.819,0.0,0.0,0.0,1,6,2.0,0,NONE
1188,37.288785,127.1069586667,-61.317,-21.893,0.0,0.0,0.0,1,6,2.0,0,NONE
1189,37.2887841667,127.1069615,-61.066,-21.986,0.0,0.0,0.0,1,6,2.0,0,NONE
1190,37.2887836667,127.1069645,-60.8,-22.041,0.0,0.0,0.0,1,6,2.0,0,NONE
1191,37.2887828333,127.106967,-60.579,-22.134,0.0,0.0,0.0,1,6,2.0,0,NONE
1192,37.288782,127.1069696667,-60.342,-22.227,0.0,0.0,0.0,1,6,2.0,0,NONE
1193,37.2887811667,127.1069723333,-60.106,-22.32,0.0,0.0,0.0,1,6,2.0,0,NONE
1194,37.2887805,127.106975,-59.87,-22.394,0.0,0.0,0.0,1,6,2.0,0,NONE
1195,37.2887798333,127.1069778333,-59.619,-22.468,0.0,0.0,0.0,1,6,2.0,0,NONE
1196,37.2887793333,127.1069805,-59.383,-22.524,0.0,0.0,0.0,1,6,2.0,0,NONE
1197,37.2887785,127.1069831667,-59.147,-22.617,0.0,0.0,0.0,1,6,2.0,0,NONE
1198,37.2887776667,127.106986,-58.896,-22.709,0.0,0.0,0.0,1,6,2.0,0,NONE
1199,37.288777,127.1069886667,-58.66,-22.783,0.0,0.0,0.0,1,6,2.0,0,NONE
1200,37.2887763333,127.1069916667,-58.394,-22.858,0.0,0.0,0.0,1,6,2.0,0,NONE
1201,37.2887756667,127.1069943333,-58.158,-22.932,0.0,0.0,0.0,1,6,2.0,0,NONE
1202,37.2887748333,127.106997,-57.922,-23.025,0.0,0.0,0.0,1,6,2.0,0,NONE
1203,37.288774,127.1069996667,-57.685,-23.117,0.0,0.0,0.0,1,6,2.0,0,NONE
1204,37.288773,127.1070025,-57.434,-23.229,0.0,0.0,0.0,1,6,2.0,0,NONE
1205,37.2887721667,127.1070053333,-57.184,-23.322,0.0,0.0,0.0,1,6,2.0,0,NONE
1206,37.2887713333,127.107008,-56.947,-23.414,0.0,0.0,0.0,1,6,2.0,0,NONE
1207,37.2887706667,127.1070106667,-56.711,-23.489,0.0,0.0,0.0,1,6,2.0,0,NONE
1208,37.2887696667,127.1070131667,-56.49,-23.6,0.0,0.0,0.0,1,6,2.0,0,NONE
1209,37.2887686667,127.107016,-56.239,-23.711,0.0,0.0,0.0,1,6,2.0,0,NONE
1210,37.2887676667,127.1070185,-56.017,-23.822,0.0,0.0,0.0,1,6,2.0,0,NONE
1211,37.288767,127.1070211667,-55.781,-23.897,0.0,0.0,0.0,1,6,2.0,0,NONE
1212,37.2887663333,127.107024,-55.53,-23.971,0.0,0.0,0.0,1,6,2.0,0,NONE
1213,37.2887653333,127.1070265,-55.309,-24.082,0.0,0.0,0.0,1,6,2.0,0,NONE
1214,37.2887645,127.1070291667,-55.073,-24.175,0.0,0.0,0.0,1,6,2.0,0,NONE
1215,37.2887636667,127.1070316667,-54.851,-24.268,0.0,0.0,0.0,1,6,2.0,0,NONE
1216,37.2887628333,127.1070343333,-54.615,-24.361,0.0,0.0,0.0,1,6,2.0,0,NONE
1217,37.288762,127.1070371667,-54.364,-24.453,0.0,0.0,0.0,1,6,2.0,0,NONE
1218,37.2887611667,127.1070396667,-54.143,-24.546,0.0,0.0,0.0,1,6,2.0,0,NONE
1219,37.2887601667,127.1070423333,-53.907,-24.657,0.0,0.0,0.0,1,6,2.0,0,NONE
1220,37.2887591667,127.107045,-53.67,-24.769,0.0,0.0,0.0,1,6,2.0,0,NONE
1221,37.2887581667,127.1070476667,-53.434,-24.88,0.0,0.0,0.0,1,6,2.0,0,NONE
1222,37.2887573333,127.1070505,-53.183,-24.973,0.0,0.0,0.0,1,6,2.0,0,NONE
1223,37.2887566667,127.1070531667,-52.947,-25.047,0.0,0.0,0.0,1,6,2.0,0,NONE
1224,37.2887556667,127.1070556667,-52.726,-25.158,0.0,0.0,0.0,1,6,2.0,0,NONE
1225,37.2887545,127.1070585,-52.475,-25.288,0.0,0.0,0.0,1,6,2.0,0,NONE
1226,37.2887535,127.107061,-52.253,-25.4,0.0,0.0,0.0,1,6,2.0,0,NONE
1227,37.2887526667,127.1070638333,-52.002,-25.492,0.0,0.0,0.0,1,6,2.0,0,NONE
1228,37.2887516667,127.1070665,-51.766,-25.604,0.0,0.0,0.0,1,6,2.0,0,NONE
1229,37.2887506667,127.107069,-51.545,-25.715,0.0,0.0,0.0,1,6,2.0,0,NONE
1230,37.2887496667,127.1070716667,-51.309,-25.826,0.0,0.0,0.0,1,6,2.0,0,NONE
1231,37.2887486667,127.1070743333,-51.073,-25.938,0.0,0.0,0.0,1,6,2.0,0,NONE
1232,37.2887478333,127.1070768333,-50.851,-26.03,0.0,0.0,0.0,1,6,2.0,0,NONE
1233,37.288747,127.1070796667,-50.6,-26.123,0.0,0.0,0.0,1,6,2.0,0,NONE
1234,37.2887463333,127.1070823333,-50.364,-26.197,0.0,0.0,0.0,1,6,2.0,0,NONE
1235,37.2887456667,127.1070848333,-50.143,-26.272,0.0,0.0,0.0,1,6,2.0,0,NONE
1236,37.2887448333,127.1070876667,-49.892,-26.364,0.0,0.0,0.0,1,6,2.0,0,NONE
1237,37.288744,127.1070903333,-49.655,-26.457,0.0,0.0,0.0,1,6,2.0,0,NONE
1238,37.2887433333,127.107093,-49.419,-26.531,0.0,0.0,0.0,1,6,2.0,0,NONE
1239,37.2887428333,127.1070956667,-49.183,-26.587,0.0,0.0,0.0,1,6,2.0,0,NONE
1240,37.288742,127.1070981667,-48.962,-26.68,0.0,0.0,0.0,1,6,2.0,0,NONE
1241,37.2887411667,127.1071006667,-48.74,-26.772,0.0,0.0,0.0,1,6,2.0,0,NONE
1242,37.2887403333,127.107103,-48.534,-26.865,0.0,0.0,0.0,1,6,2.0,0,NONE
1243,37.2887396667,127.1071055,-48.312,-26.939,0.0,0.0,0.0,1,6,2.0,0,NONE
1244,37.2887391667,127.107108,-48.091,-26.995,0.0,0.0,0.0,1,6,2.0,0,NONE
1245,37.2887386667,127.1071103333,-47.884,-27.051,0.0,0.0,0.0,1,6,2.0,0,NONE
1246,37.288738,127.1071121667,-47.722,-27.125,0.0,0.0,0.0,1,6,2.0,0,NONE
1247,37.2887371667,127.107114,-47.559,-27.218,0.0,0.0,0.0,1,6,2.0,0,NONE
1248,37.2887365,127.1071158333,-47.397,-27.292,0.0,0.0,0.0,1,6,2.0,0,NONE
1249,37.288736,127.1071181667,-47.19,-27.348,0.0,0.0,0.0,1,6,2.0,0,NONE
1250,37.2887358333,127.1071203333,-46.999,-27.366,0.0,0.0,0.0,1,6,2.0,0,NONE
1251,37.2887351667,127.1071218333,-46.866,-27.44,0.0,0.0,0.0,1,6,2.0,0,NONE
1252,37.2887348333,127.1071221667,-46.836,-27.477,0.0,0.0,0.0,1,6,2.0,0,STOP_LINE
1253,37.2887338333,127.1071233333,-46.733,-27.589,0.0,0.0,0.0,1,6,2.0,0,NONE
1254,37.2887333333,127.107125,-46.585,-27.644,0.0,0.0,0.0,1,6,2.0,0,NONE
1255,37.2887331667,127.1071273333,-46.379,-27.663,0.0,0.0,0.0,1,6,2.0,0,NONE
1256,37.2887325,127.1071295,-46.187,-27.737,0.0,0.0,0.0,1,6,2.0,0,NONE
1257,37.2887318333,127.1071313333,-46.024,-27.811,0.0,0.0,0.0,1,6,2.0,0,NONE
1258,37.288731,127.1071333333,-45.847,-27.904,0.0,0.0,0.0,1,6,2.0,0,NONE
1259,37.2887301667,127.1071353333,-45.67,-27.997,0.0,0.0,0.0,1,6,2.0,0,NONE
1260,37.2887293333,127.1071375,-45.478,-28.09,0.0,0.0,0.0,1,6,2.0,0,NONE
1261,37.2887286667,127.1071398333,-45.272,-28.164,0.0,0.0,0.0,1,6,2.0,0,NONE
1262,37.2887278333,127.107142,-45.08,-28.257,0.0,0.0,0.0,1,6,2.0,0,NONE
1263,37.2887268333,127.1071441667,-44.888,-28.368,0.0,0.0,0.0,1,6,2.0,0,NONE
1264,37.288726,127.1071465,-44.681,-28.461,0.0,0.0,0.0,1,6,2.0,0,NONE
1265,37.2887251667,127.107149,-44.46,-28.554,0.0,0.0,0.0,1,6,2.0,0,NONE
1266,37.2887245,127.1071515,-44.238,-28.628,0.0,0.0,0.0,1,6,2.0,0,NONE
1267,37.2887238333,127.1071538333,-44.032,-28.702,0.0,0.0,0.0,1,6,2.0,0,NONE
1268,37.288723,127.1071563333,-43.81,-28.795,0.0,0.0,0.0,1,6,2.0,0,NONE
1269,37.288722,127.1071586667,-43.604,-28.906,0.0,0.0,0.0,1,6,2.0,0,NONE
1270,37.288721,127.1071611667,-43.382,-29.017,0.0,0.0,0.0,1,6,2.0,0,NONE
1271,37.2887201667,127.1071635,-43.175,-29.11,0.0,0.0,0.0,1,6,2.0,0,NONE
1272,37.2887193333,127.107166,-42.954,-29.203,0.0,0.0,0.0,1,6,2.0,0,NONE
1273,37.2887185,127.1071685,-42.733,-29.296,0.0,0.0,0.0,1,6,2.0,0,NONE
1274,37.2887175,127.1071708333,-42.526,-29.407,0.0,0.0,0.0,1,6,2.0,0,NONE
1275,37.2887165,127.1071731667,-42.319,-29.518,0.0,0.0,0.0,1,6,2.0,0,NONE
1276,37.2887155,127.1071756667,-42.098,-29.63,0.0,0.0,0.0,1,6,2.0,0,NONE
1277,37.2887146667,127.1071781667,-41.877,-29.722,0.0,0.0,0.0,1,6,2.0,0,NONE
1278,37.288714,127.1071808333,-41.64,-29.797,0.0,0.0,0.0,1,6,2.0,0,NONE
1279,37.2887131667,127.1071831667,-41.434,-29.889,0.0,0.0,0.0,1,6,2.0,0,NONE
1280,37.2887121667,127.1071855,-41.227,-30.001,0.0,0.0,0.0,1,6,2.0,0,NONE
1281,37.2887111667,127.1071881667,-40.991,-30.112,0.0,0.0,0.0,1,6,2.0,0,NONE
1282,37.2887105,127.1071906667,-40.769,-30.186,0.0,0.0,0.0,1,6,2.0,0,NONE
1283,37.2887098333,127.1071933333,-40.533,-30.26,0.0,0.0,0.0,1,6,2.0,0,NONE
1284,37.2887091667,127.1071958333,-40.312,-30.335,0.0,0.0,0.0,1,6,2.0,0,NONE
1285,37.2887083333,127.1071983333,-40.09,-30.427,0.0,0.0,0.0,1,6,2.0,0,NONE
1286,37.2887075,127.1072008333,-39.869,-30.52,0.0,0.0,0.0,1,6,2.0,0,NONE
1287,37.2887066667,127.1072033333,-39.648,-30.613,0.0,0.0,0.0,1,6,2.0,0,NONE
1288,37.288706,127.107206,-39.411,-30.687,0.0,0.0,0.0,1,6,2.0,0,NONE
1289,37.2887051667,127.1072086667,-39.175,-30.78,0.0,0.0,0.0,1,6,2.0,0,NONE
1290,37.2887043333,127.1072111667,-38.954,-30.873,0.0,0.0,0.0,1,6,2.0,0,NONE
1291,37.2887035,127.1072135,-38.747,-30.966,0.0,0.0,0.0,1,6,2.0,0,NONE
1292,37.2887023333,127.107216,-38.526,-31.095,0.0,0.0,0.0,1,6,2.0,0,NONE
1293,37.288701,127.1072196667,-38.201,-31.244,0.0,0.0,0.0,1,6,2.0,0,NONE
1294,37.2887003333,127.1072221667,-37.98,-31.318,0.0,0.0,0.0,1,6,2.0,0,NONE
1295,37.2886995,127.1072246667,-37.758,-31.411,0.0,0.0,0.0,1,6,2.0,0,NONE
1296,37.2886983333,127.1072271667,-37.537,-31.541,0.0,0.0,0.0,1,6,2.0,0,NONE
1297,37.2886973333,127.1072295,-37.33,-31.652,0.0,0.0,0.0,1,6,2.0,0,NONE
1298,37.2886965,127.107232,-37.109,-31.745,0.0,0.0,0.0,1,6,2.0,0,NONE
1299,37.2886956667,127.1072346667,-36.873,-31.838,0.0,0.0,0.0,1,6,2.0,0,NONE
1300,37.2886948333,127.1072371667,-36.651,-31.93,0.0,0.0,0.0,1,6,2.0,0,NONE
1301,37.288694,127.1072393333,-36.459,-32.023,0.0,0.0,0.0,1,6,2.0,0,NONE
1302,37.2886928333,127.1072416667,-36.253,-32.153,0.0,0.0,0.0,1,6,2.0,0,NONE
1303,37.288692,127.107244,-36.046,-32.246,0.0,0.0,0.0,1,6,2.0,0,NONE
1304,37.288691,127.1072463333,-35.839,-32.357,0.0,0.0,0.0,1,6,2.0,0,NONE
1305,37.2886901667,127.1072486667,-35.633,-32.45,0.0,0.0,0.0,1,6,2.0,0,NONE
1306,37.2886893333,127.1072508333,-35.441,-32.543,0.0,0.0,0.0,1,6,2.0,0,NONE
1307,37.2886883333,127.107253,-35.249,-32.654,0.0,0.0,0.0,1,6,2.0,0,NONE
1308,37.288687,127.1072553333,-35.042,-32.802,0.0,0.0,0.0,1,6,2.0,0,NONE
1309,37.2886861667,127.1072575,-34.85,-32.895,0.0,0.0,0.0,1,6,2.0,0,NONE
1310,37.2886853333,127.1072598333,-34.644,-32.988,0.0,0.0,0.0,1,6,2.0,0,NONE
1311,37.2886845,127.1072621667,-34.437,-33.081,0.0,0.0,0.0,1,6,2.0,0,NONE
1312,37.2886835,127.1072643333,-34.245,-33.192,0.0,0.0,0.0,1,6,2.0,0,NONE
1313,37.2886825,127.1072663333,-34.068,-33.303,0.0,0.0,0.0,1,6,2.0,0,NONE
1314,37.2886815,127.1072683333,-33.891,-33.415,0.0,0.0,0.0,1,6,2.0,0,NONE
1315,37.2886803333,127.1072706667,-33.684,-33.544,0.0,0.0,0.0,1,6,2.0,0,NONE
1316,37.2886796667,127.1072726667,-33.507,-33.619,0.0,0.0,0.0,1,6,2.0,0,NONE
1317,37.2886786667,127.1072748333,-33.315,-33.73,0.0,0.0,0.0,1,6,2.0,0,NONE
1318,37.2886775,127.1072768333,-33.138,-33.86,0.0,0.0,0.0,1,6,2.0,0,NONE
1319,37.2886763333,127.1072788333,-32.961,-33.99,0.0,0.0,0.0,1,6,2.0,0,NONE
1320,37.288675,127.1072803333,-32.828,-34.138,0.0,0.0,0.0,1,6,2.0,0,NONE
1321,37.2886736667,127.1072821667,-32.666,-34.287,0.0,0.0,0.0,1,6,2.0,0,NONE
1322,37.2886723333,127.107284,-32.503,-34.435,0.0,0.0,0.0,1,6,2.0,0,NONE
1323,37.2886708333,127.1072853333,-32.385,-34.602,0.0,0.0,0.0,1,6,2.0,0,NONE
1324,37.2886693333,127.1072866667,-32.267,-34.769,0.0,0.0,0.0,1,6,2.0,0,NONE
1325,37.2886676667,127.1072876667,-32.179,-34.954,0.0,0.0,0.0,1,6,2.0,0,NONE
1326,37.288666,127.1072888333,-32.075,-35.14,0.0,0.0,0.0,1,6,2.0,0,NONE
1327,37.2886643333,127.1072898333,-31.987,-35.326,0.0,0.0,0.0,1,6,2.0,0,NONE
1328,37.2886626667,127.107291,-31.883,-35.511,0.0,0.0,0.0,1,6,2.0,0,NONE
1329,37.288661,127.1072916667,-31.824,-35.697,0.0,0.0,0.0,1,6,2.0,0,NONE
1330,37.2886591667,127.1072923333,-31.765,-35.901,0.0,0.0,0.0,1,6,2.0,0,NONE
1331,37.2886573333,127.1072928333,-31.721,-36.105,0.0,0.0,0.0,1,6,2.0,0,NONE
1332,37.2886555,127.1072933333,-31.677,-36.309,0.0,0.0,0.0,1,6,2.0,0,NONE
1333,37.2886538333,127.1072938333,-31.632,-36.494,0.0,0.0,0.0,1,6,2.0,0,NONE
1334,37.288652,127.1072945,-31.573,-36.698,0.0,0.0,0.0,1,6,2.0,0,NONE
1335,37.2886503333,127.1072946667,-31.559,-36.884,0.0,0.0,0.0,1,6,2.0,0,NONE
1336,37.2886485,127.1072946667,-31.559,-37.088,0.0,0.0,0.0,1,6,2.0,0,NONE
1337,37.2886466667,127.1072945,-31.573,-37.292,0.0,0.0,0.0,1,6,2.0,0,NONE
1338,37.2886448333,127.1072946667,-31.559,-37.496,0.0,0.0,0.0,1,6,2.0,0,NONE
1339,37.288643,127.1072946667,-31.559,-37.7,0.0,0.0,0.0,1,6,2.0,0,NONE
1340,37.2886411667,127.1072946667,-31.559,-37.904,0.0,0.0,0.0,1,6,2.0,0,NONE
1341,37.2886395,127.1072943333,-31.588,-38.09,0.0,0.0,0.0,1,6,2.0,0,NONE
1342,37.2886378333,127.1072938333,-31.632,-38.276,0.0,0.0,0.0,1,6,2.0,0,NONE
1343,37.2886363333,127.1072935,-31.662,-38.443,0.0,0.0,0.0,1,6,2.0,0,NONE
1344,37.2886348333,127.1072935,-31.662,-38.609,0.0,0.0,0.0,1,6,2.0,0,NONE
1345,37.2886333333,127.1072935,-31.662,-38.776,0.0,0.0,0.0,1,6,2.0,0,NONE
1346,37.288632,127.1072931667,-31.692,-38.925,0.0,0.0,0.0,1,6,2.0,0,NONE
1347,37.2886305,127.1072925,-31.751,-39.092,0.0,0.0,0.0,1,6,2.0,0,NONE
1348,37.288629,127.1072915,-31.839,-39.259,0.0,0.0,0.0,1,6,2.0,0,NONE
1349,37.2886276667,127.1072913333,-31.854,-39.407,0.0,0.0,0.0,1,7,2.0,0,NONE
1350,37.2886263333,127.1072901667,-31.957,-39.556,0.0,0.0,0.0,1,7,2.0,0,NONE
1351,37.2886246667,127.1072896667,-32.002,-39.741,0.0,0.0,0.0,1,7,2.0,0,NONE
1352,37.288623,127.107289,-32.061,-39.927,0.0,0.0,0.0,1,7,2.0,0,NONE
1353,37.2886216667,127.1072881667,-32.134,-40.075,0.0,0.0,0.0,1,7,2.0,0,NONE
1354,37.2886203333,127.1072873333,-32.208,-40.224,0.0,0.0,0.0,1,7,2.0,0,NONE
1355,37.288619,127.1072863333,-32.297,-40.372,0.0,0.0,0.0,1,7,2.0,0,NONE
1356,37.2886173333,127.1072858333,-32.341,-40.558,0.0,0.0,0.0,1,7,2.0,0,NONE
1357,37.2886156667,127.1072851667,-32.4,-40.743,0.0,0.0,0.0,1,7,2.0,0,NONE
1358,37.2886141667,127.1072845,-32.459,-40.91,0.0,0.0,0.0,1,7,2.0,0,NONE
1359,37.2886125,127.1072835,-32.548,-41.096,0.0,0.0,0.0,1,7,2.0,0,NONE
1360,37.2886108333,127.1072825,-32.636,-41.281,0.0,0.0,0.0,1,7,2.0,0,NONE
1361,37.2886093333,127.1072815,-32.725,-41.448,0.0,0.0,0.0,1,7,2.0,0,NONE
1362,37.2886076667,127.1072806667,-32.799,-41.634,0.0,0.0,0.0,1,7,2.0,0,NONE
1363,37.2886056667,127.1072798333,-32.872,-41.856,0.0,0.0,0.0,1,7,2.0,0,NONE
1364,37.288604,127.107279,-32.946,-42.042,0.0,0.0,0.0,1,7,2.0,0,NONE
1365,37.2886021667,127.1072781667,-33.02,-42.246,0.0,0.0,0.0,1,7,2.0,0,NONE
1366,37.2886003333,127.1072771667,-33.109,-42.45,0.0,0.0,0.0,1,7,2.0,0,NONE
1367,37.2885985,127.1072763333,-33.182,-42.654,0.0,0.0,0.0,1,7,2.0,0,NONE
1368,37.2885965,127.1072755,-33.256,-42.877,0.0,0.0,0.0,1,7,2.0,0,NONE
1369,37.2885945,127.1072748333,-33.315,-43.099,0.0,0.0,0.0,1,7,2.0,0,NONE
1370,37.2885926667,127.1072738333,-33.404,-43.303,0.0,0.0,0.0,1,7,2.0,0,NONE
1371,37.2885906667,127.1072726667,-33.507,-43.526,0.0,0.0,0.0,1,7,2.0,0,NONE
1372,37.2885888333,127.1072715,-33.61,-43.73,0.0,0.0,0.0,1,7,2.0,0,NONE
1373,37.2885868333,127.1072703333,-33.714,-43.953,0.0,0.0,0.0,1,7,2.0,0,NONE
1374,37.288585,127.1072693333,-33.802,-44.157,0.0,0.0,0.0,1,7,2.0,0,NONE
1375,37.2885828333,127.1072683333,-33.891,-44.398,0.0,0.0,0.0,1,7,2.0,0,NONE
1376,37.2885808333,127.1072671667,-33.994,-44.621,0.0,0.0,0.0,1,7,2.0,0,NONE
1377,37.2885788333,127.107266,-34.098,-44.843,0.0,0.0,0.0,1,7,2.0,0,NONE
1378,37.2885766667,127.1072648333,-34.201,-45.085,0.0,0.0,0.0,1,7,2.0,0,NONE
1379,37.2885746667,127.1072638333,-34.289,-45.307,0.0,0.0,0.0,1,7,2.0,0,NONE
1380,37.2885723333,127.107263,-34.363,-45.567,0.0,0.0,0.0,1,7,2.0,0,NONE
1381,37.2885701667,127.1072623333,-34.422,-45.808,0.0,0.0,0.0,1,7,2.0,0,NONE
1382,37.2885683333,127.1072613333,-34.511,-46.012,0.0,0.0,0.0,1,7,2.0,0,NONE
1383,37.2885665,127.1072601667,-34.614,-46.216,0.0,0.0,0.0,1,7,2.0,0,NONE
1384,37.2885646667,127.1072591667,-34.703,-46.42,0.0,0.0,0.0,1,7,2.0,0,NONE
1385,37.2885628333,127.1072583333,-34.777,-46.625,0.0,0.0,0.0,1,7,2.0,0,NONE
1386,37.2885608333,127.1072575,-34.85,-46.847,0.0,0.0,0.0,1,7,2.0,0,NONE
1387,37.288559,127.1072566667,-34.924,-47.051,0.0,0.0,0.0,1,7,2.0,0,NONE
1388,37.2885573333,127.1072556667,-35.013,-47.237,0.0,0.0,0.0,1,7,2.0,0,NONE
1389,37.2885555,127.1072545,-35.116,-47.441,0.0,0.0,0.0,1,7,2.0,0,NONE
1390,37.2885538333,127.1072536667,-35.19,-47.626,0.0,0.0,0.0,1,7,2.0,0,NONE
1391,37.288552,127.107253,-35.249,-47.83,0.0,0.0,0.0,1,7,2.0,0,NONE
1392,37.28855,127.1072523333,-35.308,-48.053,0.0,0.0,0.0,1,7,2.0,0,NONE
1393,37.2885483333,127.1072516667,-35.367,-48.239,0.0,0.0,0.0,1,7,2.0,0,NONE
1394,37.2885465,127.1072506667,-35.456,-48.443,0.0,0.0,0.0,1,7,2.0,0,NONE
1395,37.2885446667,127.1072496667,-35.544,-48.647,0.0,0.0,0.0,1,7,2.0,0,NONE
1396,37.288543,127.1072486667,-35.633,-48.832,0.0,0.0,0.0,1,7,2.0,0,NONE
1397,37.2885411667,127.1072478333,-35.706,-49.036,0.0,0.0,0.0,1,7,2.0,0,NONE
1398,37.2885391667,127.107247,-35.78,-49.259,0.0,0.0,0.0,1,7,2.0,0,NONE
1399,37.2885373333,127.1072461667,-35.854,-49.463,0.0,0.0,0.0,1,7,2.0,0,NONE
1400,37.2885355,127.1072451667,-35.943,-49.667,0.0,0.0,0.0,1,7,2.0,0,NONE
1401,37.2885336667,127.107244,-36.046,-49.871,0.0,0.0,0.0,1,7,2.0,0,NONE
1402,37.2885318333,127.107243,-36.135,-50.075,0.0,0.0,0.0,1,7,2.0,0,NONE
1403,37.28853,127.1072421667,-36.208,-50.28,0.0,0.0,0.0,1,7,2.0,0,NONE
1404,37.2885281667,127.1072415,-36.267,-50.484,0.0,0.0,0.0,1,7,2.0,0,NONE
1405,37.2885263333,127.1072405,-36.356,-50.688,0.0,0.0,0.0,1,7,2.0,0,NONE
1406,37.2885243333,127.1072395,-36.445,-50.91,0.0,0.0,0.0,1,7,2.0,0,NONE
1407,37.2885226667,127.1072383333,-36.548,-51.096,0.0,0.0,0.0,1,7,2.0,0,NONE
1408,37.288521,127.1072373333,-36.636,-51.281,0.0,0.0,0.0,1,7,2.0,0,NONE
1409,37.2885191667,127.1072363333,-36.725,-51.485,0.0,0.0,0.0,1,7,2.0,0,NONE
1410,37.2885173333,127.1072355,-36.799,-51.69,0.0,0.0,0.0,1,7,2.0,0,NONE
1411,37.2885156667,127.1072346667,-36.873,-51.875,0.0,0.0,0.0,1,7,2.0,0,NONE
1412,37.288514,127.1072335,-36.976,-52.061,0.0,0.0,0.0,1,7,2.0,0,NONE
1413,37.2885123333,127.1072323333,-37.079,-52.246,0.0,0.0,0.0,1,7,2.0,0,NONE
1414,37.2885106667,127.1072315,-37.153,-52.432,0.0,0.0,0.0,1,7,2.0,0,NONE
1415,37.288509,127.1072306667,-37.227,-52.617,0.0,0.0,0.0,1,7,2.0,0,NONE
1416,37.2885071667,127.1072301667,-37.271,-52.821,0.0,0.0,0.0,1,7,2.0,0,NONE
1417,37.2885055,127.1072296667,-37.315,-53.007,0.0,0.0,0.0,1,7,2.0,0,NONE
1418,37.2885038333,127.1072288333,-37.389,-53.192,0.0,0.0,0.0,1,7,2.0,0,NONE
1419,37.2885021667,127.1072278333,-37.478,-53.378,0.0,0.0,0.0,1,7,2.0,0,NONE
1420,37.2885005,127.107227,-37.552,-53.563,0.0,0.0,0.0,1,7,2.0,0,NONE
1421,37.2884988333,127.1072263333,-37.611,-53.749,0.0,0.0,0.0,1,7,2.0,0,NONE
1422,37.288497,127.1072258333,-37.655,-53.953,0.0,0.0,0.0,1,7,2.0,0,NONE
1423,37.2884953333,127.107225,-37.729,-54.139,0.0,0.0,0.0,1,7,2.0,0,NONE
1424,37.2884936667,127.1072241667,-37.803,-54.324,0.0,0.0,0.0,1,7,2.0,0,NONE
1425,37.2884921667,127.1072231667,-37.891,-54.491,0.0,0.0,0.0,1,7,2.0,0,NONE
1426,37.2884905,127.1072223333,-37.965,-54.677,0.0,0.0,0.0,1,7,2.0,0,NONE
1427,37.288489,127.1072216667,-38.024,-54.844,0.0,0.0,0.0,1,7,2.0,0,NONE
1428,37.2884873333,127.1072211667,-38.068,-55.029,0.0,0.0,0.0,1,7,2.0,0,NONE
1429,37.2884858333,127.1072205,-38.127,-55.196,0.0,0.0,0.0,1,7,2.0,0,NONE
1430,37.2884843333,127.1072196667,-38.201,-55.363,0.0,0.0,0.0,1,7,2.0,0,NONE
1431,37.288483,127.1072188333,-38.275,-55.512,0.0,0.0,0.0,1,7,2.0,0,NONE
1432,37.2884811667,127.1072178333,-38.363,-55.716,0.0,0.0,0.0,1,7,2.0,0,NONE
1433,37.2884798333,127.1072171667,-38.422,-55.864,0.0,0.0,0.0,1,7,2.0,0,NONE
1434,37.2884785,127.1072166667,-38.467,-56.013,0.0,0.0,0.0,1,7,2.0,0,NONE
1435,37.2884768333,127.107216,-38.526,-56.198,0.0,0.0,0.0,1,7,2.0,0,NONE
1436,37.2884755,127.107215,-38.614,-56.346,0.0,0.0,0.0,1,7,2.0,0,NONE
1437,37.2884741667,127.1072141667,-38.688,-56.495,0.0,0.0,0.0,1,7,2.0,0,NONE
1438,37.2884728333,127.1072146667,-38.644,-56.643,0.0,0.0,0.0,1,7,2.0,0,NONE
1439,37.2884711667,127.1072138333,-38.718,-56.829,0.0,0.0,0.0,1,7,2.0,0,NONE
1440,37.28847,127.1072126667,-38.821,-56.959,0.0,0.0,0.0,1,7,2.0,0,NONE
1441,37.2884683333,127.107212,-38.88,-57.144,0.0,0.0,0.0,1,7,2.0,0,NONE
1442,37.288467,127.1072116667,-38.91,-57.293,0.0,0.0,0.0,1,7,2.0,0,NONE
1443,37.2884658333,127.1072106667,-38.998,-57.423,0.0,0.0,0.0,1,7,2.0,0,NONE
1444,37.2884671667,127.1072116667,-38.91,-57.274,0.0,0.0,0.0,-1,7,2.0,0,NONE
1445,37.2884688333,127.1072123333,-38.851,-57.089,0.0,0.0,0.0,-1,7,2.0,0,NONE
1446,37.28847,127.1072133333,-38.762,-56.959,0.0,0.0,0.0,-1,7,2.0,0,NONE
1447,37.2884715,127.1072141667,-38.688,-56.792,0.0,0.0,0.0,-1,7,2.0,0,NONE
1448,37.2884728333,127.1072145,-38.659,-56.643,0.0,0.0,0.0,-1,7,2.0,0,NONE
1449,37.2884743333,127.1072148333,-38.629,-56.476,0.0,0.0,0.0,-1,7,2.0,0,NONE
1450,37.2884756667,127.1072155,-38.57,-56.328,0.0,0.0,0.0,-1,7,2.0,0,NONE
1451,37.288477,127.1072166667,-38.467,-56.179,0.0,0.0,0.0,-1,7,2.0,0,NONE
1452,37.2884785,127.1072175,-38.393,-56.013,0.0,0.0,0.0,-1,7,2.0,0,NONE
1453,37.2884803333,127.1072181667,-38.334,-55.808,0.0,0.0,0.0,-1,7,2.0,0,NONE
1454,37.2884818333,127.1072188333,-38.275,-55.641,0.0,0.0,0.0,-1,7,2.0,0,NONE
1455,37.2884835,127.1072201667,-38.157,-55.456,0.0,0.0,0.0,-1,7,2.0,0,NONE
1456,37.2884846667,127.1072211667,-38.068,-55.326,0.0,0.0,0.0,-1,7,2.0,0,NONE
1457,37.2884861667,127.1072221667,-37.98,-55.159,0.0,0.0,0.0,-1,7,2.0,0,NONE
1458,37.2884876667,127.1072226667,-37.935,-54.992,0.0,0.0,0.0,-1,7,2.0,0,NONE
1459,37.2884893333,127.1072235,-37.862,-54.807,0.0,0.0,0.0,-1,7,2.0,0,NONE
1460,37.2884908333,127.1072245,-37.773,-54.64,0.0,0.0,0.0,-1,7,2.0,0,NONE
1461,37.2884923333,127.1072258333,-37.655,-54.473,0.0,0.0,0.0,-1,7,2.0,0,NONE
1462,37.288494,127.1072266667,-37.581,-54.287,0.0,0.0,0.0,-1,7,2.0,0,NONE
1463,37.2884956667,127.1072273333,-37.522,-54.102,0.0,0.0,0.0,-1,7,2.0,0,NONE
1464,37.2884973333,127.107228,-37.463,-53.916,0.0,0.0,0.0,-1,7,2.0,0,NONE
1465,37.2884988333,127.1072291667,-37.36,-53.749,0.0,0.0,0.0,-1,7,2.0,0,NONE
1466,37.2885003333,127.1072303333,-37.256,-53.582,0.0,0.0,0.0,-1,7,2.0,0,NONE
1467,37.2885018333,127.107231,-37.197,-53.415,0.0,0.0,0.0,-1,7,2.0,0,NONE
1468,37.2885035,127.1072313333,-37.168,-53.23,0.0,0.0,0.0,-1,7,2.0,0,NONE
1469,37.2885051667,127.107232,-37.109,-53.044,0.0,0.0,0.0,-1,7,2.0,0,NONE
1470,37.2885065,127.1072328333,-37.035,-52.896,0.0,0.0,0.0,-1,7,2.0,0,NONE
1471,37.2885081667,127.1072338333,-36.946,-52.71,0.0,0.0,0.0,-1,7,2.0,0,NONE
1472,37.2885098333,127.1072343333,-36.902,-52.524,0.0,0.0,0.0,-1,7,2.0,0,NONE
1473,37.2885115,127.107235,-36.843,-52.339,0.0,0.0,0.0,-1,7,2.0,0,NONE
1474,37.2885131667,127.1072361667,-36.74,-52.153,0.0,0.0,0.0,-1,7,2.0,0,NONE
1475,37.2885148333,127.1072375,-36.622,-51.968,0.0,0.0,0.0,-1,7,2.0,0,NONE
1476,37.2885163333,127.1072385,-36.533,-51.801,0.0,0.0,0.0,-1,7,2.0,0,NONE
1477,37.288518,127.1072398333,-36.415,-51.615,0.0,0.0,0.0,-1,7,2.0,0,NONE
1478,37.2885193333,127.107241,-36.312,-51.467,0.0,0.0,0.0,-1,7,2.0,0,NONE
1479,37.2885203333,127.1072421667,-36.208,-51.356,0.0,0.0,0.0,-1,7,2.0,0,NONE
1480,37.2885211667,127.1072435,-36.09,-51.263,0.0,0.0,0.0,-1,7,2.0,0,NONE
1481,37.2885221667,127.1072448333,-35.972,-51.152,0.0,0.0,0.0,-1,7,2.0,0,NONE
1482,37.2885238333,127.1072456667,-35.898,-50.966,0.0,0.0,0.0,-1,7,2.0,0,NONE
1483,37.2885253333,127.1072465,-35.825,-50.799,0.0,0.0,0.0,-1,7,2.0,0,NONE
1484,37.2885268333,127.1072476667,-35.721,-50.632,0.0,0.0,0.0,-1,7,2.0,0,NONE
1485,37.288528,127.1072488333,-35.618,-50.502,0.0,0.0,0.0,-1,7,2.0,0,NONE
1486,37.2885291667,127.1072498333,-35.529,-50.372,0.0,0.0,0.0,-1,7,2.0,0,NONE
1487,37.2885308333,127.1072506667,-35.456,-50.187,0.0,0.0,0.0,-1,7,2.0,0,NONE
1488,37.2885326667,127.1072516667,-35.367,-49.983,0.0,0.0,0.0,-1,7,2.0,0,NONE
1489,37.2885341667,127.1072531667,-35.234,-49.816,0.0,0.0,0.0,-1,7,2.0,0,NONE
1490,37.2885353333,127.1072548333,-35.087,-49.686,0.0,0.0,0.0,-1,7,2.0,0,NONE
1491,37.2885363333,127.1072563333,-34.954,-49.575,0.0,0.0,0.0,-1,7,2.0,0,NONE
1492,37.288538,127.1072576667,-34.836,-49.389,0.0,0.0,0.0,-1,7,2.0,0,NONE
1493,37.2885393333,127.107259,-34.718,-49.241,0.0,0.0,0.0,-1,7,2.0,0,NONE
1494,37.2885401667,127.107261,-34.54,-49.148,0.0,0.0,0.0,-1,7,2.0,0,NONE
1495,37.2885408333,127.107263,-34.363,-49.074,0.0,0.0,0.0,-1,7,2.0,0,NONE
1496,37.2885416667,127.1072645,-34.23,-48.981,0.0,0.0,0.0,-1,7,2.0,0,NONE
1497,37.2885423333,127.107266,-34.098,-48.907,0.0,0.0,0.0,-1,7,2.0,0,NONE
1498,37.2885431667,127.1072678333,-33.935,-48.814,0.0,0.0,0.0,-1,7,2.0,0,NONE
1499,37.2885436667,127.10727,-33.743,-48.758,0.0,0.0,0.0,-1,7,2.0,0,NONE
1500,37.2885436667,127.1072718333,-33.581,-48.758,0.0,0.0,0.0,-1,7,2.0,0,NONE
1501,37.288544,127.1072735,-33.433,-48.721,0.0,0.0,0.0,-1,7,2.0,0,NONE
1502,37.2885443333,127.1072756667,-33.241,-48.684,0.0,0.0,0.0,-1,7,2.0,0,NONE
1503,37.2885446667,127.1072773333,-33.094,-48.647,0.0,0.0,0.0,-1,7,2.0,0,NONE
1504,37.2885448333,127.1072795,-32.902,-48.628,0.0,0.0,0.0,-1,7,2.0,0,NONE
1505,37.2885446667,127.1072818333,-32.695,-48.647,0.0,0.0,0.0,-1,7,2.0,0,NONE
1506,37.2885446667,127.1072841667,-32.489,-48.647,0.0,0.0,0.0,-1,7,2.0,0,NONE
1507,37.288545,127.1072861667,-32.311,-48.61,0.0,0.0,0.0,-1,7,2.0,0,NONE
1508,37.2885453333,127.1072883333,-32.12,-48.573,0.0,0.0,0.0,-1,7,2.0,0,NONE
1509,37.2885453333,127.1072906667,-31.913,-48.573,0.0,0.0,0.0,-1,7,2.0,0,NONE
1510,37.2885448333,127.1072923333,-31.765,-48.628,0.0,0.0,0.0,-1,7,2.0,0,NONE
1511,37.2885443333,127.107294,-31.618,-48.684,0.0,0.0,0.0,-1,7,2.0,0,NONE
1512,37.288544,127.1072961667,-31.426,-48.721,0.0,0.0,0.0,-1,7,2.0,0,NONE
1513,37.2885438333,127.1072985,-31.219,-48.74,0.0,0.0,0.0,-1,7,2.0,0,NONE
1514,37.2885433333,127.1073003333,-31.057,-48.795,0.0,0.0,0.0,-1,7,2.0,0,NONE
1515,37.2885423333,127.1073021667,-30.894,-48.907,0.0,0.0,0.0,-1,7,2.0,0,NONE
1516,37.2885415,127.1073036667,-30.762,-48.999,0.0,0.0,0.0,-1,7,2.0,0,NONE
1517,37.2885406667,127.1073053333,-30.614,-49.092,0.0,0.0,0.0,-1,7,2.0,0,NONE
1518,37.2885403333,127.1073071667,-30.452,-49.129,0.0,0.0,0.0,-1,7,2.0,0,NONE
1519,37.2885396667,127.1073088333,-30.304,-49.203,0.0,0.0,0.0,-1,7,2.0,0,NONE
1520,37.2885386667,127.10731,-30.201,-49.315,0.0,0.0,0.0,-1,7,2.0,0,NONE
1521,37.2885376667,127.1073116667,-30.053,-49.426,0.0,0.0,0.0,-1,7,2.0,0,NONE
1522,37.2885375,127.1073138333,-29.861,-49.445,0.0,0.0,0.0,-1,7,2.0,0,NONE
1523,37.2885375,127.1073156667,-29.699,-49.445,0.0,0.0,0.0,-1,7,2.0,0,NONE
1524,37.2885366667,127.1073173333,-29.551,-49.537,0.0,0.0,0.0,-1,7,2.0,0,NONE
1525,37.2885358333,127.1073188333,-29.418,-49.63,0.0,0.0,0.0,-1,7,2.0,0,NONE
1526,37.288536,127.1073181667,-29.477,-49.612,0.0,0.0,0.0,1,7,2.0,0,NONE
1527,37.2885363333,127.107316,-29.669,-49.575,0.0,0.0,0.0,1,7,2.0,0,NONE
1528,37.2885371667,127.1073143333,-29.817,-49.482,0.0,0.0,0.0,1,7,2.0,0,NONE
1529,37.288538,127.1073123333,-29.994,-49.389,0.0,0.0,0.0,1,7,2.0,0,NONE
1530,37.2885383333,127.1073106667,-30.142,-49.352,0.0,0.0,0.0,1,7,2.0,0,NONE
1531,37.2885386667,127.1073088333,-30.304,-49.315,0.0,0.0,0.0,1,7,2.0,0,NONE
1532,37.2885396667,127.1073068333,-30.481,-49.203,0.0,0.0,0.0,1,7,2.0,0,NONE
1533,37.2885405,127.1073051667,-30.629,-49.111,0.0,0.0,0.0,1,7,2.0,0,NONE
1534,37.2885411667,127.1073035,-30.776,-49.036,0.0,0.0,0.0,1,7,2.0,0,NONE
1535,37.288542,127.107302,-30.909,-48.944,0.0,0.0,0.0,1,7,2.0,0,NONE
1536,37.2885426667,127.1073001667,-31.072,-48.869,0.0,0.0,0.0,1,7,2.0,0,NONE
1537,37.2885431667,127.1072985,-31.219,-48.814,0.0,0.0,0.0,1,7,2.0,0,NONE
1538,37.2885438333,127.1072968333,-31.367,-48.74,0.0,0.0,0.0,1,7,2.0,0,NONE
1539,37.2885446667,127.1072953333,-31.5,-48.647,0.0,0.0,0.0,1,7,2.0,0,NONE
1540,37.2885458333,127.1072938333,-31.632,-48.517,0.0,0.0,0.0,1,7,2.0,0,NONE
1541,37.2885468333,127.1072923333,-31.765,-48.406,0.0,0.0,0.0,1,7,2.0,0,NONE
1542,37.2885476667,127.107291,-31.883,-48.313,0.0,0.0,0.0,1,7,2.0,0,NONE
1543,37.2885486667,127.1072893333,-32.031,-48.202,0.0,0.0,0.0,1,7,2.0,0,NONE
1544,37.2885498333,127.107288,-32.149,-48.072,0.0,0.0,0.0,1,7,2.0,0,NONE
1545,37.2885511667,127.1072868333,-32.252,-47.923,0.0,0.0,0.0,1,7,2.0,0,NONE
1546,37.2885526667,127.1072858333,-32.341,-47.756,0.0,0.0,0.0,1,7,2.0,0,NONE
1547,37.288554,127.1072848333,-32.43,-47.608,0.0,0.0,0.0,1,7,2.0,0,NONE
1548,37.2885553333,127.1072838333,-32.518,-47.459,0.0,0.0,0.0,1,7,2.0,0,NONE
1549,37.2885566667,127.1072826667,-32.621,-47.311,0.0,0.0,0.0,1,7,2.0,0,NONE
1550,37.288558,127.1072816667,-32.71,-47.163,0.0,0.0,0.0,1,7,2.0,0,NONE
1551,37.2885595,127.107281,-32.769,-46.996,0.0,0.0,0.0,1,7,2.0,0,NONE
1552,37.288561,127.1072806667,-32.799,-46.829,0.0,0.0,0.0,1,7,2.0,0,NONE
1553,37.2885628333,127.1072805,-32.813,-46.625,0.0,0.0,0.0,1,7,2.0,0,NONE
1554,37.2885643333,127.1072801667,-32.843,-46.458,0.0,0.0,0.0,1,7,2.0,0,NONE
1555,37.288566,127.1072798333,-32.872,-46.272,0.0,0.0,0.0,1,7,2.0,0,NONE
1556,37.2885678333,127.1072795,-32.902,-46.068,0.0,0.0,0.0,1,7,2.0,0,NONE
1557,37.2885695,127.1072796667,-32.887,-45.882,0.0,0.0,0.0,1,7,2.0,0,NONE
1558,37.2885713333,127.10728,-32.858,-45.678,0.0,0.0,0.0,1,7,2.0,0,NONE
1559,37.2885731667,127.1072805,-32.813,-45.474,0.0,0.0,0.0,1,7,2.0,0,NONE
1560,37.288575,127.1072806667,-32.799,-45.27,0.0,0.0,0.0,1,7,2.0,0,NONE
1561,37.2885768333,127.1072806667,-32.799,-45.066,0.0,0.0,0.0,1,7,2.0,0,NONE
1562,37.2885786667,127.1072806667,-32.799,-44.862,0.0,0.0,0.0,1,7,2.0,0,NONE
1563,37.2885803333,127.1072811667,-32.754,-44.676,0.0,0.0,0.0,1,7,2.0,0,NONE
1564,37.2885821667,127.1072818333,-32.695,-44.472,0.0,0.0,0.0,1,7,2.0,0,NONE
1565,37.288584,127.1072825,-32.636,-44.268,0.0,0.0,0.0,1,7,2.0,0,NONE
1566,37.2885856667,127.107283,-32.592,-44.083,0.0,0.0,0.0,1,7,2.0,0,NONE
1567,37.2885876667,127.1072833333,-32.562,-43.86,0.0,0.0,0.0,1,7,2.0,0,NONE
1568,37.2885895,127.1072838333,-32.518,-43.656,0.0,0.0,0.0,1,7,2.0,0,NONE
1569,37.2885911667,127.1072845,-32.459,-43.47,0.0,0.0,0.0,1,7,2.0,0,NONE
1570,37.288593,127.1072853333,-32.385,-43.266,0.0,0.0,0.0,1,7,2.0,0,NONE
1571,37.2885946667,127.1072861667,-32.311,-43.081,0.0,0.0,0.0,1,7,2.0,0,NONE
1572,37.2885963333,127.1072868333,-32.252,-42.895,0.0,0.0,0.0,1,7,2.0,0,NONE
1573,37.2885981667,127.1072873333,-32.208,-42.691,0.0,0.0,0.0,1,7,2.0,0,NONE
1574,37.2886,127.1072876667,-32.179,-42.487,0.0,0.0,0.0,1,7,2.0,0,NONE
1575,37.2886015,127.1072883333,-32.12,-42.32,0.0,0.0,0.0,1,7,2.0,0,NONE
1576,37.288603,127.1072891667,-32.046,-42.153,0.0,0.0,0.0,1,7,2.0,0,NONE
1577,37.2886045,127.1072901667,-31.957,-41.986,0.0,0.0,0.0,1,7,2.0,0,NONE
1578,37.2886063333,127.107291,-31.883,-41.782,0.0,0.0,0.0,1,7,2.0,0,NONE
1579,37.2886076667,127.1072916667,-31.824,-41.634,0.0,0.0,0.0,1,7,2.0,0,NONE
1580,37.288609,127.1072921667,-31.78,-41.485,0.0,0.0,0.0,1,7,2.0,0,NONE
1581,37.2886108333,127.1072933333,-31.677,-41.281,0.0,0.0,0.0,1,7,2.0,0,NONE
1582,37.288612,127.1072943333,-31.588,-41.151,0.0,0.0,0.0,1,7,2.0,0,NONE
1583,37.288613,127.1072955,-31.485,-41.04,0.0,0.0,0.0,1,7,2.0,0,NONE
1584,37.2886145,127.1072966667,-31.382,-40.873,0.0,0.0,0.0,1,7,2.0,0,NONE
1585,37.288616,127.1072976667,-31.293,-40.706,0.0,0.0,0.0,1,7,2.0,0,NONE
1586,37.2886173333,127.1072986667,-31.204,-40.558,0.0,0.0,0.0,1,7,2.0,0,NONE
1587,37.2886178333,127.1073003333,-31.057,-40.502,0.0,0.0,0.0,1,7,2.0,0,NONE
1588,37.2886181667,127.1073013333,-30.968,-40.465,0.0,0.0,0.0,1,8,2.0,0,NONE
1589,37.288619,127.1072996667,-31.116,-40.372,0.0,0.0,0.0,1,8,2.0,0,NONE
1590,37.2886195,127.107298,-31.263,-40.316,0.0,0.0,0.0,1,8,2.0,0,NONE
1591,37.2886206667,127.1072968333,-31.367,-40.187,0.0,0.0,0.0,1,8,2.0,0,NONE
1592,37.288622,127.1072965,-31.396,-40.038,0.0,0.0,0.0,1,8,2.0,0,NONE
1593,37.2886228333,127.1072948333,-31.544,-39.945,0.0,0.0,0.0,1,8,2.0,0,NONE
1594,37.288624,127.1072938333,-31.632,-39.815,0.0,0.0,0.0,1,8,2.0,0,NONE
1595,37.2886256667,127.1072941667,-31.603,-39.63,0.0,0.0,0.0,1,8,2.0,0,NONE
1596,37.2886271667,127.1072945,-31.573,-39.463,0.0,0.0,0.0,1,8,2.0,0,NONE
1597,37.2886285,127.1072948333,-31.544,-39.315,0.0,0.0,0.0,1,8,2.0,0,NONE
1598,37.2886301667,127.1072953333,-31.5,-39.129,0.0,0.0,0.0,1,8,2.0,0,NONE
1599,37.2886318333,127.1072963333,-31.411,-38.943,0.0,0.0,0.0,1,8,2.0,0,NONE
1600,37.288633,127.1072973333,-31.323,-38.814,0.0,0.0,0.0,1,8,2.0,0,NONE
1601,37.2886341667,127.107299,-31.175,-38.684,0.0,0.0,0.0,1,8,2.0,0,NONE
1602,37.2886353333,127.1073005,-31.042,-38.554,0.0,0.0,0.0,1,8,2.0,0,NONE
1603,37.2886365,127.107302,-30.909,-38.424,0.0,0.0,0.0,1,8,2.0,0,NONE
1604,37.288638,127.1073035,-30.776,-38.257,0.0,0.0,0.0,1,8,2.0,0,NONE
1605,37.2886393333,127.1073051667,-30.629,-38.109,0.0,0.0,0.0,1,8,2.0,0,NONE
1606,37.2886403333,127.1073066667,-30.496,-37.997,0.0,0.0,0.0,1,8,2.0,0,NONE
1607,37.2886413333,127.1073085,-30.334,-37.886,0.0,0.0,0.0,1,8,2.0,0,NONE
1608,37.2886423333,127.1073105,-30.156,-37.775,0.0,0.0,0.0,1,8,2.0,0,NONE
1609,37.2886433333,127.1073123333,-29.994,-37.663,0.0,0.0,0.0,1,8,2.0,0,NONE
1610,37.2886445,127.107314,-29.846,-37.533,0.0,0.0,0.0,1,8,2.0,0,NONE
1611,37.2886456667,127.1073156667,-29.699,-37.404,0.0,0.0,0.0,1,8,2.0,0,NONE
1612,37.2886466667,127.1073175,-29.536,-37.292,0.0,0.0,0.0,1,8,2.0,0,NONE
1613,37.2886475,127.1073193333,-29.374,-37.199,0.0,0.0,0.0,1,8,2.0,0,NONE
1614,37.2886483333,127.1073215,-29.182,-37.107,0.0,0.0,0.0,1,8,2.0,0,NONE
1615,37.2886491667,127.1073233333,-29.02,-37.014,0.0,0.0,0.0,1,8,2.0,0,NONE
1616,37.2886498333,127.1073251667,-28.857,-36.94,0.0,0.0,0.0,1,8,2.0,0,NONE
1617,37.2886506667,127.1073271667,-28.68,-36.847,0.0,0.0,0.0,1,8,2.0,0,NONE
1618,37.2886511667,127.1073293333,-28.488,-36.791,0.0,0.0,0.0,1,8,2.0,0,NONE
1619,37.2886513333,127.1073315,-28.297,-36.773,0.0,0.0,0.0,1,8,2.0,0,NONE
1620,37.2886515,127.107334,-28.075,-36.754,0.0,0.0,0.0,1,8,2.0,0,NONE
1621,37.2886516667,127.1073361667,-27.883,-36.736,0.0,0.0,0.0,1,8,2.0,0,NONE
1622,37.2886521667,127.1073383333,-27.691,-36.68,0.0,0.0,0.0,1,8,2.0,0,NONE
1623,37.2886528333,127.1073406667,-27.485,-36.606,0.0,0.0,0.0,1,8,2.0,0,NONE
1624,37.2886531667,127.1073428333,-27.293,-36.569,0.0,0.0,0.0,1,8,2.0,0,NONE
1625,37.2886535,127.107345,-27.101,-36.532,0.0,0.0,0.0,1,8,2.0,0,NONE
1626,37.2886536667,127.1073475,-26.88,-36.513,0.0,0.0,0.0,1,8,2.0,0,NONE
1627,37.288654,127.1073498333,-26.673,-36.476,0.0,0.0,0.0,1,8,2.0,0,NONE
1628,37.2886541667,127.107352,-26.481,-36.457,0.0,0.0,0.0,1,8,2.0,0,NONE
1629,37.2886545,127.1073545,-26.26,-36.42,0.0,0.0,0.0,1,8,2.0,0,NONE
1630,37.2886545,127.1073568333,-26.053,-36.42,0.0,0.0,0.0,1,8,2.0,0,NONE
1631,37.2886543333,127.1073591667,-25.846,-36.439,0.0,0.0,0.0,1,8,2.0,0,NONE
1632,37.2886538333,127.1073616667,-25.625,-36.494,0.0,0.0,0.0,1,8,2.0,0,NONE
1633,37.2886535,127.107364,-25.418,-36.532,0.0,0.0,0.0,1,8,2.0,0,NONE
1634,37.2886533333,127.1073663333,-25.212,-36.55,0.0,0.0,0.0,1,8,2.0,0,NONE
1635,37.288653,127.1073686667,-25.005,-36.587,0.0,0.0,0.0,1,8,2.0,0,NONE
1636,37.2886526667,127.107371,-24.798,-36.624,0.0,0.0,0.0,1,8,2.0,0,NONE
1637,37.288652,127.1073733333,-24.592,-36.698,0.0,0.0,0.0,1,8,2.0,0,NONE
1638,37.2886513333,127.1073756667,-24.385,-36.773,0.0,0.0,0.0,1,8,2.0,0,NONE
1639,37.2886508333,127.1073781667,-24.164,-36.828,0.0,0.0,0.0,1,8,2.0,0,NONE
1640,37.2886503333,127.1073803333,-23.972,-36.884,0.0,0.0,0.0,1,8,2.0,0,NONE
1641,37.28865,127.1073828333,-23.75,-36.921,0.0,0.0,0.0,1,8,2.0,0,NONE
1642,37.2886495,127.1073848333,-23.573,-36.977,0.0,0.0,0.0,1,8,2.0,0,NONE
1643,37.2886488333,127.1073868333,-23.396,-37.051,0.0,0.0,0.0,1,8,2.0,0,NONE
1644,37.288648,127.107389,-23.204,-37.144,0.0,0.0,0.0,1,8,2.0,0,NONE
1645,37.2886473333,127.1073913333,-22.997,-37.218,0.0,0.0,0.0,1,8,2.0,0,NONE
1646,37.2886466667,127.1073935,-22.806,-37.292,0.0,0.0,0.0,1,8,2.0,0,NONE
1647,37.288646,127.1073956667,-22.614,-37.366,0.0,0.0,0.0,1,8,2.0,0,NONE
1648,37.2886455,127.1073978333,-22.422,-37.422,0.0,0.0,0.0,1,8,2.0,0,NONE
1649,37.2886446667,127.1073996667,-22.259,-37.515,0.0,0.0,0.0,1,8,2.0,0,NONE
1650,37.2886436667,127.107402,-22.053,-37.626,0.0,0.0,0.0,1,8,2.0,0,NONE
1651,37.2886428333,127.107404,-21.876,-37.719,0.0,0.0,0.0,1,8,2.0,0,NONE
1652,37.288642,127.1074061667,-21.684,-37.812,0.0,0.0,0.0,1,8,2.0,0,NONE
1653,37.2886411667,127.1074083333,-21.492,-37.904,0.0,0.0,0.0,1,8,2.0,0,NONE
1654,37.2886403333,127.1074103333,-21.315,-37.997,0.0,0.0,0.0,1,8,2.0,0,NONE
1655,37.2886391667,127.1074121667,-21.152,-38.127,0.0,0.0,0.0,1,8,2.0,0,NONE
1656,37.2886376667,127.1074141667,-20.975,-38.294,0.0,0.0,0.0,1,8,2.0,0,NONE
1657,37.2886365,127.1074158333,-20.828,-38.424,0.0,0.0,0.0,1,8,2.0,0,NONE
1658,37.2886353333,127.1074176667,-20.665,-38.554,0.0,0.0,0.0,1,8,2.0,0,NONE
1659,37.2886341667,127.1074196667,-20.488,-38.684,0.0,0.0,0.0,1,8,2.0,0,NONE
1660,37.288633,127.1074215,-20.326,-38.814,0.0,0.0,0.0,1,8,2.0,0,NONE
1661,37.2886316667,127.107423,-20.193,-38.962,0.0,0.0,0.0,1,8,2.0,0,NONE
1662,37.2886301667,127.1074246667,-20.045,-39.129,0.0,0.0,0.0,1,8,2.0,0,NONE
1663,37.2886288333,127.1074261667,-19.912,-39.277,0.0,0.0,0.0,1,8,2.0,0,NONE
1664,37.2886275,127.1074276667,-19.78,-39.426,0.0,0.0,0.0,1,8,2.0,0,NONE
1665,37.2886261667,127.1074295,-19.617,-39.574,0.0,0.0,0.0,1,8,2.0,0,NONE
1666,37.2886248333,127.107431,-19.484,-39.723,0.0,0.0,0.0,1,8,2.0,0,NONE
1667,37.2886231667,127.1074321667,-19.381,-39.908,0.0,0.0,0.0,1,8,2.0,0,NONE
1668,37.2886213333,127.1074333333,-19.278,-40.112,0.0,0.0,0.0,1,8,2.0,0,NONE
1669,37.2886196667,127.1074346667,-19.16,-40.298,0.0,0.0,0.0,1,8,2.0,0,NONE
1670,37.2886181667,127.1074361667,-19.027,-40.465,0.0,0.0,0.0,1,8,2.0,0,NONE
1671,37.2886166667,127.1074378333,-18.879,-40.632,0.0,0.0,0.0,1,8,2.0,0,NONE
1672,37.2886151667,127.107439,-18.776,-40.799,0.0,0.0,0.0,1,8,2.0,0,NONE
1673,37.2886133333,127.10744,-18.687,-41.003,0.0,0.0,0.0,1,8,2.0,0,NONE
1674,37.2886115,127.107441,-18.599,-41.207,0.0,0.0,0.0,1,8,2.0,0,NONE
1675,37.2886096667,127.1074421667,-18.495,-41.411,0.0,0.0,0.0,1,8,2.0,0,NONE
1676,37.288608,127.1074436667,-18.362,-41.597,0.0,0.0,0.0,1,8,2.0,0,NONE
1677,37.2886061667,127.107445,-18.244,-41.801,0.0,0.0,0.0,1,8,2.0,0,NONE
1678,37.2886045,127.1074458333,-18.171,-41.986,0.0,0.0,0.0,1,8,2.0,0,NONE
1679,37.2886025,127.1074466667,-18.097,-42.209,0.0,0.0,0.0,1,8,2.0,0,NONE
1680,37.2886005,127.1074473333,-18.038,-42.431,0.0,0.0,0.0,1,8,2.0,0,NONE
1681,37.2885988333,127.107448,-17.979,-42.617,0.0,0.0,0.0,1,8,2.0,0,NONE
1682,37.288597,127.1074488333,-17.905,-42.821,0.0,0.0,0.0,1,8,2.0,0,NONE
1683,37.288595,127.1074493333,-17.861,-43.044,0.0,0.0,0.0,1,8,2.0,0,NONE
1684,37.2885931667,127.1074496667,-17.831,-43.248,0.0,0.0,0.0,1,8,2.0,0,NONE
1685,37.2885911667,127.1074496667,-17.831,-43.47,0.0,0.0,0.0,1,8,2.0,0,NONE
1686,37.2885891667,127.1074496667,-17.831,-43.693,0.0,0.0,0.0,1,8,2.0,0,NONE
1687,37.2885873333,127.1074498333,-17.816,-43.897,0.0,0.0,0.0,1,8,2.0,0,NONE
1688,37.2885853333,127.1074498333,-17.816,-44.12,0.0,0.0,0.0,1,8,2.0,0,NONE
1689,37.2885833333,127.10745,-17.802,-44.342,0.0,0.0,0.0,1,8,2.0,0,NONE
1690,37.2885813333,127.1074496667,-17.831,-44.565,0.0,0.0,0.0,1,8,2.0,0,NONE
1691,37.2885791667,127.1074491667,-17.875,-44.806,0.0,0.0,0.0,1,8,2.0,0,NONE
1692,37.2885771667,127.1074488333,-17.905,-45.029,0.0,0.0,0.0,1,8,2.0,0,NONE
1693,37.288575,127.1074483333,-17.949,-45.27,0.0,0.0,0.0,1,8,2.0,0,NONE
1694,37.2885728333,127.1074481667,-17.964,-45.511,0.0,0.0,0.0,1,8,2.0,0,NONE
1695,37.2885706667,127.1074476667,-18.008,-45.753,0.0,0.0,0.0,1,8,2.0,0,NONE
1696,37.2885686667,127.107447,-18.067,-45.975,0.0,0.0,0.0,1,8,2.0,0,NONE
1697,37.2885666667,127.1074461667,-18.141,-46.198,0.0,0.0,0.0,1,8,2.0,0,NONE
1698,37.2885645,127.1074456667,-18.185,-46.439,0.0,0.0,0.0,1,8,2.0,0,NONE
1699,37.2885625,127.1074451667,-18.23,-46.662,0.0,0.0,0.0,1,8,2.0,0,NONE
1700,37.2885603333,127.1074446667,-18.274,-46.903,0.0,0.0,0.0,1,8,2.0,0,NONE
1701,37.2885583333,127.1074441667,-18.318,-47.125,0.0,0.0,0.0,1,8,2.0,0,NONE
1702,37.2885563333,127.1074433333,-18.392,-47.348,0.0,0.0,0.0,1,8,2.0,0,NONE
1703,37.2885543333,127.1074425,-18.466,-47.571,0.0,0.0,0.0,1,8,2.0,0,NONE
1704,37.2885523333,127.1074416667,-18.54,-47.793,0.0,0.0,0.0,1,8,2.0,0,NONE
1705,37.2885503333,127.107441,-18.599,-48.016,0.0,0.0,0.0,1,8,2.0,0,NONE
1706,37.2885483333,127.1074405,-18.643,-48.239,0.0,0.0,0.0,1,8,2.0,0,NONE
1707,37.2885465,127.1074398333,-18.702,-48.443,0.0,0.0,0.0,1,8,2.0,0,NONE
1708,37.2885445,127.107439,-18.776,-48.665,0.0,0.0,0.0,1,8,2.0,0,NONE
1709,37.2885426667,127.1074383333,-18.835,-48.869,0.0,0.0,0.0,1,8,2.0,0,NONE
1710,37.2885406667,127.1074375,-18.909,-49.092,0.0,0.0,0.0,1,8,2.0,0,NONE
1711,37.2885385,127.1074366667,-18.982,-49.333,0.0,0.0,0.0,1,8,2.0,0,NONE
1712,37.2885365,127.1074358333,-19.056,-49.556,0.0,0.0,0.0,1,8,2.0,0,NONE
1713,37.2885345,127.1074348333,-19.145,-49.779,0.0,0.0,0.0,1,8,2.0,0,NONE
1714,37.2885323333,127.1074336667,-19.248,-50.02,0.0,0.0,0.0,1,8,2.0,0,NONE
1715,37.2885303333,127.1074326667,-19.337,-50.242,0.0,0.0,0.0,1,8,2.0,0,NONE
1716,37.2885283333,127.1074316667,-19.425,-50.465,0.0,0.0,0.0,1,8,2.0,0,NONE
1717,37.2885263333,127.1074306667,-19.514,-50.688,0.0,0.0,0.0,1,8,2.0,0,NONE
1718,37.2885243333,127.1074295,-19.617,-50.91,0.0,0.0,0.0,1,8,2.0,0,NONE
1719,37.2885223333,127.1074283333,-19.72,-51.133,0.0,0.0,0.0,1,8,2.0,0,NONE
1720,37.2885203333,127.107427,-19.839,-51.356,0.0,0.0,0.0,1,8,2.0,0,NONE
1721,37.2885185,127.1074258333,-19.942,-51.56,0.0,0.0,0.0,1,8,2.0,0,NONE
1722,37.2885166667,127.1074248333,-20.03,-51.764,0.0,0.0,0.0,1,8,2.0,0,NONE
1723,37.2885146667,127.107424,-20.104,-51.986,0.0,0.0,0.0,1,8,2.0,0,NONE
1724,37.2885128333,127.1074228333,-20.208,-52.191,0.0,0.0,0.0,1,8,2.0,0,NONE
1725,37.288511,127.1074216667,-20.311,-52.395,0.0,0.0,0.0,1,8,2.0,0,NONE
1726,37.2885091667,127.1074205,-20.414,-52.599,0.0,0.0,0.0,1,8,2.0,0,NONE
1727,37.2885071667,127.1074195,-20.503,-52.821,0.0,0.0,0.0,1,8,2.0,0,NONE
1728,37.2885051667,127.1074186667,-20.577,-53.044,0.0,0.0,0.0,1,8,2.0,0,NONE
1729,37.2885031667,127.1074176667,-20.665,-53.267,0.0,0.0,0.0,1,8,2.0,0,NONE
1730,37.2885011667,127.1074166667,-20.754,-53.489,0.0,0.0,0.0,1,8,2.0,0,NONE
1731,37.2884991667,127.1074155,-20.857,-53.712,0.0,0.0,0.0,1,8,2.0,0,NONE
1732,37.288497,127.1074145,-20.946,-53.953,0.0,0.0,0.0,1,8,2.0,0,NONE
1733,37.288495,127.1074136667,-21.019,-54.176,0.0,0.0,0.0,1,8,2.0,0,NONE
1734,37.2884926667,127.1074128333,-21.093,-54.435,0.0,0.0,0.0,1,8,2.0,0,NONE
1735,37.2884906667,127.1074121667,-21.152,-54.658,0.0,0.0,0.0,1,8,2.0,0,NONE
1736,37.2884885,127.107411,-21.256,-54.899,0.0,0.0,0.0,1,8,2.0,0,NONE
1737,37.2884865,127.1074098333,-21.359,-55.122,0.0,0.0,0.0,1,8,2.0,0,NONE
1738,37.2884846667,127.1074088333,-21.448,-55.326,0.0,0.0,0.0,1,8,2.0,0,NONE
1739,37.2884825,127.1074078333,-21.536,-55.567,0.0,0.0,0.0,1,8,2.0,0,NONE
1740,37.2884805,127.1074068333,-21.625,-55.79,0.0,0.0,0.0,1,8,2.0,0,NONE
1741,37.2884786667,127.1074056667,-21.728,-55.994,0.0,0.0,0.0,1,8,2.0,0,NONE
1742,37.2884766667,127.1074045,-21.831,-56.217,0.0,0.0,0.0,1,8,2.0,0,NONE
1743,37.2884748333,127.1074035,-21.92,-56.421,0.0,0.0,0.0,1,8,2.0,0,NONE
1744,37.2884728333,127.1074026667,-21.994,-56.643,0.0,0.0,0.0,1,8,2.0,0,NONE
1745,37.288471,127.1074016667,-22.082,-56.847,0.0,0.0,0.0,1,8,2.0,0,NONE
1746,37.288469,127.1074005,-22.186,-57.07,0.0,0.0,0.0,1,8,2.0,0,NONE
1747,37.2884671667,127.1073993333,-22.289,-57.274,0.0,0.0,0.0,1,8,2.0,0,NONE
1748,37.288465,127.107398,-22.407,-57.515,0.0,0.0,0.0,1,8,2.0,0,NONE
1749,37.2884631667,127.1073968333,-22.51,-57.719,0.0,0.0,0.0,1,8,2.0,0,NONE
1750,37.2884611667,127.107396,-22.584,-57.942,0.0,0.0,0.0,1,8,2.0,0,NONE
1751,37.288459,127.107395,-22.673,-58.183,0.0,0.0,0.0,1,8,2.0,0,NONE
1752,37.2884571667,127.1073938333,-22.776,-58.387,0.0,0.0,0.0,1,8,2.0,0,NONE
1753,37.288455,127.1073926667,-22.879,-58.629,0.0,0.0,0.0,1,8,2.0,0,NONE
1754,37.288453,127.1073915,-22.983,-58.851,0.0,0.0,0.0,1,8,2.0,0,NONE
1755,37.2884508333,127.1073906667,-23.056,-59.092,0.0,0.0,0.0,1,8,2.0,0,NONE
1756,37.2884486667,127.1073895,-23.16,-59.334,0.0,0.0,0.0,1,8,2.0,0,NONE
1757,37.2884466667,127.1073885,-23.248,-59.556,0.0,0.0,0.0,1,8,2.0,0,NONE
1758,37.2884446667,127.1073873333,-23.352,-59.779,0.0,0.0,0.0,1,8,2.0,0,NONE
1759,37.2884426667,127.107386,-23.47,-60.001,0.0,0.0,0.0,1,8,2.0,0,NONE
1760,37.2884406667,127.107385,-23.558,-60.224,0.0,0.0,0.0,1,8,2.0,0,NONE
1761,37.2884386667,127.107384,-23.647,-60.447,0.0,0.0,0.0,1,8,2.0,0,NONE
1762,37.2884365,127.107383,-23.735,-60.688,0.0,0.0,0.0,1,8,2.0,0,NONE
1763,37.2884345,127.1073821667,-23.809,-60.911,0.0,0.0,0.0,1,8,2.0,0,NONE
1764,37.2884325,127.107381,-23.913,-61.133,0.0,0.0,0.0,1,8,2.0,0,NONE
1765,37.2884303333,127.1073796667,-24.031,-61.374,0.0,0.0,0.0,1,8,2.0,0,NONE
1766,37.2884285,127.1073786667,-24.119,-61.579,0.0,0.0,0.0,1,8,2.0,0,NONE
1767,37.2884263333,127.1073775,-24.223,-61.82,0.0,0.0,0.0,1,8,2.0,0,NONE
1768,37.2884245,127.1073763333,-24.326,-62.024,0.0,0.0,0.0,1,8,2.0,0,NONE
1769,37.2884226667,127.107375,-24.444,-62.228,0.0,0.0,0.0,1,8,2.0,0,NONE
1770,37.2884208333,127.1073735,-24.577,-62.432,0.0,0.0,0.0,1,8,2.0,0,NONE
1771,37.288419,127.1073718333,-24.724,-62.636,0.0,0.0,0.0,1,8,2.0,0,NONE
1772,37.2884171667,127.1073703333,-24.857,-62.84,0.0,0.0,0.0,1,8,2.0,0,NONE
1773,37.2884151667,127.107369,-24.975,-63.063,0.0,0.0,0.0,1,8,2.0,0,NONE
1774,37.2884131667,127.1073676667,-25.093,-63.285,0.0,0.0,0.0,1,8,2.0,0,NONE
1775,37.2884113333,127.1073661667,-25.226,-63.49,0.0,0.0,0.0,1,8,2.0,0,NONE
1776,37.2884095,127.1073645,-25.374,-63.694,0.0,0.0,0.0,1,8,2.0,0,NONE
1777,37.2884076667,127.1073631667,-25.492,-63.898,0.0,0.0,0.0,1,8,2.0,0,NONE
1778,37.2884056667,127.1073616667,-25.625,-64.12,0.0,0.0,0.0,1,8,2.0,0,NONE
1779,37.2884038333,127.1073601667,-25.758,-64.324,0.0,0.0,0.0,1,8,2.0,0,NONE
1780,37.2884018333,127.1073586667,-25.891,-64.547,0.0,0.0,0.0,1,8,2.0,0,NONE
1781,37.2884001667,127.1073568333,-26.053,-64.733,0.0,0.0,0.0,1,8,2.0,0,NONE
1782,37.2883985,127.107355,-26.215,-64.918,0.0,0.0,0.0,1,8,2.0,0,NONE
1783,37.2883968333,127.107353,-26.392,-65.104,0.0,0.0,0.0,1,8,2.0,0,NONE
1784,37.2883951667,127.1073515,-26.525,-65.289,0.0,0.0,0.0,1,8,2.0,0,NONE
1785,37.2883936667,127.1073501667,-26.643,-65.456,0.0,0.0,0.0,1,8,2.0,0,NONE
1786,37.2883923333,127.1073483333,-26.806,-65.605,0.0,0.0,0.0,1,8,2.0,0,NONE
1787,37.2883908333,127.1073463333,-26.983,-65.772,0.0,0.0,0.0,1,8,2.0,0,NONE
1788,37.2883895,127.1073446667,-27.13,-65.92,0.0,0.0,0.0,1,8,2.0,0,NONE
1789,37.2883881667,127.1073423333,-27.337,-66.068,0.0,0.0,0.0,1,8,2.0,0,NONE
1790,37.2883866667,127.10734,-27.544,-66.235,0.0,0.0,0.0,1,8,2.0,0,NONE
1791,37.2883855,127.1073378333,-27.736,-66.365,0.0,0.0,0.0,1,8,2.0,0,NONE
1792,37.2883845,127.1073355,-27.942,-66.477,0.0,0.0,0.0,1,8,2.0,0,NONE
1793,37.2883836667,127.1073328333,-28.178,-66.569,0.0,0.0,0.0,1,8,2.0,0,NONE
1794,37.2883828333,127.1073301667,-28.415,-66.662,0.0,0.0,0.0,1,8,2.0,0,NONE
1795,37.288382,127.1073278333,-28.621,-66.755,0.0,0.0,0.0,1,8,2.0,0,NONE
1796,37.2883811667,127.1073253333,-28.843,-66.848,0.0,0.0,0.0,1,8,2.0,0,NONE
1797,37.2883806667,127.107323,-29.049,-66.903,0.0,0.0,0.0,1,8,2.0,0,NONE
1798,37.2883803333,127.1073203333,-29.286,-66.94,0.0,0.0,0.0,1,8,2.0,0,NONE
1799,37.2883801667,127.1073175,-29.536,-66.959,0.0,0.0,0.0,1,8,2.0,0,NONE
1800,37.28838,127.107315,-29.758,-66.978,0.0,0.0,0.0,1,8,2.0,0,NONE
1801,37.2883796667,127.1073121667,-30.009,-67.015,0.0,0.0,0.0,1,8,2.0,0,NONE
1802,37.2883796667,127.1073095,-30.245,-67.015,0.0,0.0,0.0,1,8,2.0,0,NONE
1803,37.2883796667,127.1073068333,-30.481,-67.015,0.0,0.0,0.0,1,8,2.0,0,NONE
1804,37.2883798333,127.1073038333,-30.747,-66.996,0.0,0.0,0.0,1,8,2.0,0,NONE
1805,37.28838,127.1073011667,-30.983,-66.978,0.0,0.0,0.0,1,8,2.0,0,NONE
1806,37.28838,127.1072983333,-31.234,-66.978,0.0,0.0,0.0,1,8,2.0,0,NONE
1807,37.28838,127.1072956667,-31.47,-66.978,0.0,0.0,0.0,1,8,2.0,0,NONE
1808,37.2883801667,127.107293,-31.706,-66.959,0.0,0.0,0.0,1,8,2.0,0,NONE
1809,37.2883805,127.1072903333,-31.942,-66.922,0.0,0.0,0.0,1,8,2.0,0,NONE
1810,37.2883806667,127.1072873333,-32.208,-66.903,0.0,0.0,0.0,1,8,2.0,0,NONE
1811,37.2883808333,127.1072845,-32.459,-66.885,0.0,0.0,0.0,1,8,2.0,0,NONE
1812,37.288381,127.1072816667,-32.71,-66.866,0.0,0.0,0.0,1,8,2.0,0,NONE
1813,37.2883813333,127.1072788333,-32.961,-66.829,0.0,0.0,0.0,1,8,2.0,0,NONE
1814,37.288382,127.1072761667,-33.197,-66.755,0.0,0.0,0.0,1,8,2.0,0,NONE
1815,37.2883825,127.1072735,-33.433,-66.699,0.0,0.0,0.0,1,8,2.0,0,NONE
1816,37.288383,127.1072708333,-33.669,-66.644,0.0,0.0,0.0,1,8,2.0,0,NONE
1817,37.2883835,127.1072681667,-33.906,-66.588,0.0,0.0,0.0,1,8,2.0,0,NONE
1818,37.288384,127.1072655,-34.142,-66.532,0.0,0.0,0.0,1,8,2.0,0,NONE
1819,37.2883845,127.107263,-34.363,-66.477,0.0,0.0,0.0,1,8,2.0,0,NONE
1820,37.2883851667,127.1072606667,-34.57,-66.402,0.0,0.0,0.0,1,8,2.0,0,NONE
1821,37.2883858333,127.107258,-34.806,-66.328,0.0,0.0,0.0,1,8,2.0,0,NONE
1822,37.2883865,127.1072553333,-35.042,-66.254,0.0,0.0,0.0,1,8,2.0,0,NONE
1823,37.288387,127.1072526667,-35.278,-66.198,0.0,0.0,0.0,1,8,2.0,0,NONE
1824,37.2883875,127.1072501667,-35.5,-66.143,0.0,0.0,0.0,1,8,2.0,0,NONE
1825,37.2883881667,127.1072478333,-35.706,-66.068,0.0,0.0,0.0,1,8,2.0,0,NONE
1826,37.2883893333,127.1072453333,-35.928,-65.939,0.0,0.0,0.0,1,8,2.0,0,NONE
1827,37.28839,127.107243,-36.135,-65.864,0.0,0.0,0.0,1,8,2.0,0,NONE
1828,37.2883908333,127.1072405,-36.356,-65.772,0.0,0.0,0.0,1,8,2.0,0,NONE
1829,37.2883913333,127.1072378333,-36.592,-65.716,0.0,0.0,0.0,1,8,2.0,0,NONE
1830,37.2883918333,127.1072353333,-36.814,-65.66,0.0,0.0,0.0,1,8,2.0,0,NONE
1831,37.2883928333,127.1072328333,-37.035,-65.549,0.0,0.0,0.0,1,8,2.0,0,NONE
1832,37.2883936667,127.1072303333,-37.256,-65.456,0.0,0.0,0.0,1,8,2.0,0,NONE
1833,37.2883945,127.107228,-37.463,-65.363,0.0,0.0,0.0,1,8,2.0,0,NONE
1834,37.288395,127.1072256667,-37.67,-65.308,0.0,0.0,0.0,1,8,2.0,0,NONE
1835,37.2883955,127.1072233333,-37.876,-65.252,0.0,0.0,0.0,1,8,2.0,0,NONE
1836,37.288396,127.1072211667,-38.068,-65.196,0.0,0.0,0.0,1,8,2.0,0,NONE
1837,37.2883965,127.1072191667,-38.245,-65.141,0.0,0.0,0.0,1,8,2.0,0,NONE
1838,37.288397,127.107217,-38.437,-65.085,0.0,0.0,0.0,1,8,2.0,0,NONE
1839,37.2883976667,127.107215,-38.614,-65.011,0.0,0.0,0.0,1,8,2.0,0,NONE
1840,37.2883981667,127.1072126667,-38.821,-64.955,0.0,0.0,0.0,1,8,2.0,0,NONE
1841,37.2883986667,127.1072105,-39.013,-64.9,0.0,0.0,0.0,1,8,2.0,0,NONE
1842,37.2883993333,127.1072085,-39.19,-64.825,0.0,0.0,0.0,1,8,2.0,0,NONE
1843,37.2884001667,127.1072063333,-39.382,-64.733,0.0,0.0,0.0,1,8,2.0,0,NONE
1844,37.2884011667,127.1072041667,-39.574,-64.621,0.0,0.0,0.0,1,8,2.0,0,NONE
1845,37.288402,127.1072021667,-39.751,-64.528,0.0,0.0,0.0,1,8,2.0,0,NONE
1846,37.2884028333,127.1072,-39.943,-64.436,0.0,0.0,0.0,1,8,2.0,0,NONE
1847,37.2884035,127.1071978333,-40.135,-64.362,0.0,0.0,0.0,1,8,2.0,0,NONE
1848,37.2884043333,127.1071958333,-40.312,-64.269,0.0,0.0,0.0,1,8,2.0,0,NONE
1849,37.2884051667,127.107194,-40.474,-64.176,0.0,0.0,0.0,1,8,2.0,0,NONE
1850,37.2884061667,127.107192,-40.651,-64.065,0.0,0.0,0.0,1,8,2.0,0,NONE
1851,37.2884071667,127.1071901667,-40.814,-63.953,0.0,0.0,0.0,1,8,2.0,0,NONE
1852,37.2884078333,127.1071883333,-40.976,-63.879,0.0,0.0,0.0,1,8,2.0,0,NONE
1853,37.2884085,127.1071861667,-41.168,-63.805,0.0,0.0,0.0,1,8,2.0,0,NONE
1854,37.2884093333,127.107184,-41.36,-63.712,0.0,0.0,0.0,1,8,2.0,0,NONE
1855,37.2884101667,127.107182,-41.537,-63.619,0.0,0.0,0.0,1,8,2.0,0,NONE
1856,37.288411,127.1071798333,-41.729,-63.527,0.0,0.0,0.0,1,8,2.0,0,NONE
1857,37.2884118333,127.1071778333,-41.906,-63.434,0.0,0.0,0.0,1,8,2.0,0,NONE
1858,37.2884123333,127.1071756667,-42.098,-63.378,0.0,0.0,0.0,1,8,2.0,0,NONE
1859,37.2884128333,127.1071733333,-42.305,-63.323,0.0,0.0,0.0,1,8,2.0,0,NONE
1860,37.2884133333,127.1071713333,-42.482,-63.267,0.0,0.0,0.0,1,8,2.0,0,NONE
1861,37.288414,127.1071693333,-42.659,-63.193,0.0,0.0,0.0,1,8,2.0,0,NONE
1862,37.288415,127.1071671667,-42.851,-63.081,0.0,0.0,0.0,1,8,2.0,0,NONE
1863,37.2884158333,127.1071651667,-43.028,-62.989,0.0,0.0,0.0,1,8,2.0,0,NONE
1864,37.2884163333,127.1071631667,-43.205,-62.933,0.0,0.0,0.0,1,8,2.0,0,NONE
1865,37.288417,127.107161,-43.397,-62.859,0.0,0.0,0.0,1,8,2.0,0,NONE
1866,37.2884176667,127.1071588333,-43.589,-62.784,0.0,0.0,0.0,1,8,2.0,0,NONE
1867,37.2884185,127.107157,-43.751,-62.692,0.0,0.0,0.0,1,8,2.0,0,NONE
1868,37.2884195,127.107155,-43.928,-62.58,0.0,0.0,0.0,1,8,2.0,0,NONE
1869,37.2884203333,127.1071531667,-44.091,-62.488,0.0,0.0,0.0,1,8,2.0,0,NONE
1870,37.2884211667,127.107151,-44.283,-62.395,0.0,0.0,0.0,1,8,2.0,0,NONE
1871,37.2884218333,127.107149,-44.46,-62.321,0.0,0.0,0.0,1,8,2.0,0,NONE
1872,37.2884226667,127.107147,-44.637,-62.228,0.0,0.0,0.0,1,8,2.0,0,NONE
1873,37.2884236667,127.107145,-44.814,-62.117,0.0,0.0,0.0,1,8,2.0,0,NONE
1874,37.2884248333,127.1071428333,-45.006,-61.987,0.0,0.0,0.0,1,8,2.0,0,NONE
1875,37.2884258333,127.1071405,-45.212,-61.875,0.0,0.0,0.0,1,8,2.0,0,NONE
1876,37.2884268333,127.1071381667,-45.419,-61.764,0.0,0.0,0.0,1,8,2.0,0,NONE
1877,37.2884276667,127.1071358333,-45.626,-61.671,0.0,0.0,0.0,1,8,2.0,0,NONE
1878,37.2884286667,127.107134,-45.788,-61.56,0.0,0.0,0.0,1,8,2.0,0,NONE
1879,37.2884298333,127.107132,-45.965,-61.43,0.0,0.0,0.0,1,8,2.0,0,NONE
1880,37.288431,127.1071301667,-46.128,-61.3,0.0,0.0,0.0,1,8,2.0,0,NONE
1881,37.2884321667,127.1071285,-46.275,-61.17,0.0,0.0,0.0,1,8,2.0,0,NONE
1882,37.2884333333,127.1071265,-46.452,-61.04,0.0,0.0,0.0,1,8,2.0,0,NONE
1883,37.2884345,127.1071246667,-46.615,-60.911,0.0,0.0,0.0,1,8,2.0,0,NONE
1884,37.2884358333,127.107123,-46.762,-60.762,0.0,0.0,0.0,1,8,2.0,0,NONE
1885,37.2884373333,127.1071215,-46.895,-60.595,0.0,0.0,0.0,1,8,2.0,0,NONE
1886,37.288439,127.10712,-47.028,-60.41,0.0,0.0,0.0,1,8,2.0,0,NONE
1887,37.2884403333,127.1071188333,-47.131,-60.261,0.0,0.0,0.0,1,8,2.0,0,NONE
1888,37.2884418333,127.1071175,-47.249,-60.094,0.0,0.0,0.0,1,8,2.0,0,NONE
1889,37.288443,127.107116,-47.382,-59.964,0.0,0.0,0.0,1,8,2.0,0,NONE
1890,37.2884441667,127.1071148333,-47.486,-59.835,0.0,0.0,0.0,1,8,2.0,0,NONE
1891,37.2884458333,127.1071136667,-47.589,-59.649,0.0,0.0,0.0,1,8,2.0,0,NONE
1892,37.2884473333,127.1071126667,-47.678,-59.482,0.0,0.0,0.0,1,8,2.0,0,NONE
1893,37.288449,127.1071116667,-47.766,-59.296,0.0,0.0,0.0,1,8,2.0,0,NONE
1894,37.2884506667,127.1071105,-47.869,-59.111,0.0,0.0,0.0,1,8,2.0,0,NONE
1895,37.2884521667,127.1071095,-47.958,-58.944,0.0,0.0,0.0,1,8,2.0,0,NONE
1896,37.288454,127.1071088333,-48.017,-58.74,0.0,0.0,0.0,1,8,2.0,0,NONE
1897,37.2884561667,127.1071086667,-48.032,-58.499,0.0,0.0,0.0,1,8,2.0,0,NONE
1898,37.2884585,127.1071085,-48.047,-58.239,0.0,0.0,0.0,1,8,2.0,0,NONE
1899,37.2884603333,127.1071083333,-48.061,-58.035,0.0,0.0,0.0,1,8,2.0,0,NONE
1900,37.288462,127.1071081667,-48.076,-57.849,0.0,0.0,0.0,1,8,2.0,0,NONE
1901,37.2884635,127.107108,-48.091,-57.682,0.0,0.0,0.0,1,8,2.0,0,NONE
1902,37.288465,127.1071081667,-48.076,-57.515,0.0,0.0,0.0,1,8,2.0,0,NONE
1903,37.2884666667,127.1071085,-48.047,-57.33,0.0,0.0,0.0,1,8,2.0,0,NONE
1904,37.2884683333,127.1071088333,-48.017,-57.144,0.0,0.0,0.0,1,8,2.0,0,NONE
1905,37.28847,127.1071091667,-47.988,-56.959,0.0,0.0,0.0,1,8,2.0,0,NONE
1906,37.2884718333,127.1071091667,-47.988,-56.755,0.0,0.0,0.0,1,8,2.0,0,NONE
1907,37.2884735,127.1071093333,-47.973,-56.569,0.0,0.0,0.0,1,8,2.0,0,NONE
1908,37.2884753333,127.1071096667,-47.943,-56.365,0.0,0.0,0.0,1,8,2.0,0,NONE
1909,37.2884771667,127.1071103333,-47.884,-56.161,0.0,0.0,0.0,1,8,2.0,0,NONE
1910,37.288479,127.107111,-47.825,-55.957,0.0,0.0,0.0,1,8,2.0,0,NONE
1911,37.2884808333,127.1071115,-47.781,-55.753,0.0,0.0,0.0,1,8,2.0,0,NONE
1912,37.2884826667,127.1071116667,-47.766,-55.549,0.0,0.0,0.0,1,8,2.0,0,NONE
1913,37.2884846667,127.107112,-47.737,-55.326,0.0,0.0,0.0,1,8,2.0,0,NONE
1914,37.2884865,127.1071126667,-47.678,-55.122,0.0,0.0,0.0,1,8,2.0,0,NONE
1915,37.2884883333,127.1071136667,-47.589,-54.918,0.0,0.0,0.0,1,8,2.0,0,NONE
1916,37.2884901667,127.1071143333,-47.53,-54.714,0.0,0.0,0.0,1,8,2.0,0,NONE
1917,37.288492,127.1071148333,-47.486,-54.51,0.0,0.0,0.0,1,8,2.0,0,NONE
1918,37.2884938333,127.1071153333,-47.441,-54.306,0.0,0.0,0.0,1,8,2.0,0,NONE
1919,37.2884956667,127.107116,-47.382,-54.102,0.0,0.0,0.0,1,8,2.0,0,NONE
1920,37.2884975,127.1071168333,-47.309,-53.897,0.0,0.0,0.0,1,8,2.0,0,NONE
1921,37.2884995,127.1071178333,-47.22,-53.675,0.0,0.0,0.0,1,8,2.0,0,NONE
1922,37.2885013333,127.1071188333,-47.131,-53.471,0.0,0.0,0.0,1,8,2.0,0,NONE
1923,37.2885033333,127.1071195,-47.072,-53.248,0.0,0.0,0.0,1,8,2.0,0,NONE
1924,37.2885053333,127.1071201667,-47.013,-53.025,0.0,0.0,0.0,1,8,2.0,0,NONE
1925,37.2885073333,127.107121,-46.939,-52.803,0.0,0.0,0.0,1,8,2.0,0,NONE
1926,37.2885093333,127.1071221667,-46.836,-52.58,0.0,0.0,0.0,1,8,2.0,0,NONE
1927,37.2885113333,127.1071231667,-46.748,-52.358,0.0,0.0,0.0,1,8,2.0,0,NONE
1928,37.2885133333,127.1071241667,-46.659,-52.135,0.0,0.0,0.0,1,8,2.0,0,NONE
1929,37.2885155,127.107125,-46.585,-51.894,0.0,0.0,0.0,1,8,2.0,0,NONE
1930,37.2885175,127.1071258333,-46.511,-51.671,0.0,0.0,0.0,1,8,2.0,0,NONE
1931,37.2885195,127.1071268333,-46.423,-51.448,0.0,0.0,0.0,1,8,2.0,0,NONE
1932,37.2885215,127.1071278333,-46.334,-51.226,0.0,0.0,0.0,1,8,2.0,0,NONE
1933,37.2885235,127.1071288333,-46.246,-51.003,0.0,0.0,0.0,1,8,2.0,0,NONE
1934,37.2885256667,127.1071296667,-46.172,-50.762,0.0,0.0,0.0,1,8,2.0,0,NONE
1935,37.2885278333,127.1071303333,-46.113,-50.521,0.0,0.0,0.0,1,8,2.0,0,NONE
1936,37.2885298333,127.1071311667,-46.039,-50.298,0.0,0.0,0.0,1,8,2.0,0,NONE
1937,37.2885316667,127.1071321667,-45.951,-50.094,0.0,0.0,0.0,1,8,2.0,0,NONE
1938,37.2885338333,127.1071333333,-45.847,-49.853,0.0,0.0,0.0,1,8,2.0,0,NONE
1939,37.2885356667,127.1071341667,-45.773,-49.649,0.0,0.0,0.0,1,8,2.0,0,NONE
1940,37.2885376667,127.107135,-45.7,-49.426,0.0,0.0,0.0,1,8,2.0,0,NONE
1941,37.2885396667,127.1071358333,-45.626,-49.203,0.0,0.0,0.0,1,8,2.0,0,NONE
1942,37.2885415,127.1071366667,-45.552,-48.999,0.0,0.0,0.0,1,8,2.0,0,NONE
1943,37.2885435,127.1071378333,-45.449,-48.777,0.0,0.0,0.0,1,8,2.0,0,NONE
1944,37.2885453333,127.107139,-45.345,-48.573,0.0,0.0,0.0,1,8,2.0,0,NONE
1945,37.2885471667,127.1071398333,-45.272,-48.369,0.0,0.0,0.0,1,8,2.0,0,NONE
1946,37.288549,127.1071406667,-45.198,-48.164,0.0,0.0,0.0,1,8,2.0,0,NONE
1947,37.288551,127.1071413333,-45.139,-47.942,0.0,0.0,0.0,1,8,2.0,0,NONE
1948,37.2885526667,127.107142,-45.08,-47.756,0.0,0.0,0.0,1,8,2.0,0,NONE
1949,37.2885545,127.1071428333,-45.006,-47.552,0.0,0.0,0.0,1,8,2.0,0,NONE
1950,37.2885563333,127.107144,-44.902,-47.348,0.0,0.0,0.0,1,8,2.0,0,NONE
1951,37.288558,127.1071448333,-44.829,-47.163,0.0,0.0,0.0,1,8,2.0,0,NONE
1952,37.2885596667,127.1071458333,-44.74,-46.977,0.0,0.0,0.0,1,8,2.0,0,NONE
1953,37.2885615,127.1071468333,-44.652,-46.773,0.0,0.0,0.0,1,8,2.0,0,NONE
1954,37.2885631667,127.1071478333,-44.563,-46.587,0.0,0.0,0.0,1,8,2.0,0,NONE
1955,37.288565,127.107149,-44.46,-46.383,0.0,0.0,0.0,1,8,2.0,0,NONE
1956,37.2885666667,127.1071501667,-44.356,-46.198,0.0,0.0,0.0,1,8,2.0,0,NONE
1957,37.2885683333,127.1071511667,-44.268,-46.012,0.0,0.0,0.0,1,8,2.0,0,NONE
1958,37.28857,127.107152,-44.194,-45.827,0.0,0.0,0.0,1,8,2.0,0,NONE
1959,37.2885718333,127.1071526667,-44.135,-45.623,0.0,0.0,0.0,1,8,2.0,0,NONE
1960,37.2885736667,127.1071535,-44.061,-45.419,0.0,0.0,0.0,1,8,2.0,0,NONE
1961,37.2885753333,127.1071543333,-43.987,-45.233,0.0,0.0,0.0,1,8,2.0,0,NONE
1962,37.2885771667,127.1071555,-43.884,-45.029,0.0,0.0,0.0,1,8,2.0,0,NONE
1963,37.2885786667,127.1071561667,-43.825,-44.862,0.0,0.0,0.0,1,8,2.0,0,NONE
1964,37.2885805,127.1071568333,-43.766,-44.658,0.0,0.0,0.0,1,8,2.0,0,NONE
1965,37.2885823333,127.1071573333,-43.722,-44.454,0.0,0.0,0.0,1,8,2.0,0,NONE
1966,37.288584,127.107158,-43.663,-44.268,0.0,0.0,0.0,1,8,2.0,0,NONE
1967,37.2885858333,127.107159,-43.574,-44.064,0.0,0.0,0.0,1,8,2.0,0,NONE
1968,37.2885876667,127.10716,-43.485,-43.86,0.0,0.0,0.0,1,8,2.0,0,NONE
1969,37.2885895,127.1071606667,-43.426,-43.656,0.0,0.0,0.0,1,8,2.0,0,NONE
1970,37.2885913333,127.1071611667,-43.382,-43.452,0.0,0.0,0.0,1,8,2.0,0,NONE
1971,37.2885931667,127.1071618333,-43.323,-43.248,0.0,0.0,0.0,1,8,2.0,0,NONE
1972,37.2885948333,127.1071625,-43.264,-43.062,0.0,0.0,0.0,1,8,2.0,0,NONE
1973,37.2885965,127.1071635,-43.175,-42.877,0.0,0.0,0.0,1,8,2.0,0,NONE
1974,37.288598,127.1071643333,-43.102,-42.71,0.0,0.0,0.0,1,8,2.0,0,NONE
1975,37.2885996667,127.1071653333,-43.013,-42.524,0.0,0.0,0.0,1,8,2.0,0,NONE
1976,37.2886013333,127.1071658333,-42.969,-42.339,0.0,0.0,0.0,1,8,2.0,0,NONE
1977,37.288603,127.1071665,-42.91,-42.153,0.0,0.0,0.0,1,8,2.0,0,NONE
1978,37.2886045,127.1071673333,-42.836,-41.986,0.0,0.0,0.0,1,8,2.0,0,NONE
1979,37.2886061667,127.1071683333,-42.747,-41.801,0.0,0.0,0.0,1,8,2.0,0,NONE
1980,37.2886078333,127.1071693333,-42.659,-41.615,0.0,0.0,0.0,1,8,2.0,0,NONE
1981,37.2886096667,127.1071703333,-42.57,-41.411,0.0,0.0,0.0,1,8,2.0,0,NONE
1982,37.2886113333,127.1071708333,-42.526,-41.226,0.0,0.0,0.0,1,8,2.0,0,NONE
1983,37.2886131667,127.1071716667,-42.452,-41.021,0.0,0.0,0.0,1,8,2.0,0,NONE
1984,37.2886148333,127.1071725,-42.378,-40.836,0.0,0.0,0.0,1,8,2.0,0,NONE
1985,37.2886165,127.1071735,-42.29,-40.65,0.0,0.0,0.0,1,8,2.0,0,NONE
1986,37.2886181667,127.1071743333,-42.216,-40.465,0.0,0.0,0.0,1,8,2.0,0,NONE
1987,37.2886198333,127.1071751667,-42.142,-40.279,0.0,0.0,0.0,1,8,2.0,0,NONE
1988,37.2886216667,127.107176,-42.068,-40.075,0.0,0.0,0.0,1,8,2.0,0,NONE
1989,37.2886235,127.1071765,-42.024,-39.871,0.0,0.0,0.0,1,8,2.0,0,NONE
1990,37.288625,127.1071775,-41.936,-39.704,0.0,0.0,0.0,1,8,2.0,0,NONE
1991,37.2886268333,127.1071785,-41.847,-39.5,0.0,0.0,0.0,1,8,2.0,0,NONE
1992,37.2886286667,127.1071795,-41.758,-39.296,0.0,0.0,0.0,1,8,2.0,0,NONE
1993,37.2886301667,127.1071805,-41.67,-39.129,0.0,0.0,0.0,1,8,2.0,0,NONE
1994,37.2886318333,127.1071811667,-41.611,-38.943,0.0,0.0,0.0,1,8,2.0,0,NONE
1995,37.2886335,127.107182,-41.537,-38.758,0.0,0.0,0.0,1,8,2.0,0,NONE
1996,37.2886348333,127.1071828333,-41.463,-38.609,0.0,0.0,0.0,1,8,2.0,0,NONE
1997,37.2886361667,127.1071838333,-41.375,-38.461,0.0,0.0,0.0,1,8,2.0,0,NONE
1998,37.2886373333,127.1071848333,-41.286,-38.331,0.0,0.0,0.0,1,8,2.0,0,NONE
1999,37.2886391667,127.1071856667,-41.212,-38.127,0.0,0.0,0.0,1,8,2.0,0,NONE
2000,37.288641,127.107186,-41.183,-37.923,0.0,0.0,0.0,1,8,2.0,0,NONE
2001,37.2886425,127.1071866667,-41.124,-37.756,0.0,0.0,0.0,1,8,2.0,0,NONE
2002,37.288644,127.1071876667,-41.035,-37.589,0.0,0.0,0.0,1,8,2.0,0,NONE
2003,37.2886453333,127.107189,-40.917,-37.441,0.0,0.0,0.0,1,8,2.0,0,NONE
2004,37.288647,127.1071898333,-40.843,-37.255,0.0,0.0,0.0,1,8,2.0,0,NONE
2005,37.2886485,127.1071903333,-40.799,-37.088,0.0,0.0,0.0,1,8,2.0,0,NONE
2006,37.2886495,127.1071915,-40.696,-36.977,0.0,0.0,0.0,1,8,2.0,0,NONE
2007,37.2886498333,127.1071923333,-40.622,-36.94,0.0,0.0,0.0,1,8,2.0,0,STOP_LINE
2008,37.2886511667,127.1071916667,-40.681,-36.791,0.0,0.0,0.0,1,8,2.0,0,NONE
2009,37.2886523333,127.107193,-40.563,-36.661,0.0,0.0,0.0,1,8,2.0,0,NONE
2010,37.2886536667,127.1071941667,-40.459,-36.513,0.0,0.0,0.0,1,8,2.0,0,NONE
2011,37.2886553333,127.107195,-40.386,-36.327,0.0,0.0,0.0,1,8,2.0,0,NONE
2012,37.288657,127.1071953333,-40.356,-36.142,0.0,0.0,0.0,1,8,2.0,0,NONE
2013,37.2886585,127.1071958333,-40.312,-35.975,0.0,0.0,0.0,1,8,2.0,0,NONE
2014,37.28866,127.1071966667,-40.238,-35.808,0.0,0.0,0.0,1,8,2.0,0,NONE
2015,37.2886616667,127.1071975,-40.164,-35.622,0.0,0.0,0.0,1,8,2.0,0,NONE
2016,37.2886635,127.1071981667,-40.105,-35.418,0.0,0.0,0.0,1,8,2.0,0,NONE
2017,37.2886653333,127.1071985,-40.076,-35.214,0.0,0.0,0.0,1,8,2.0,0,NONE
2018,37.2886671667,127.1071986667,-40.061,-35.01,0.0,0.0,0.0,1,8,2.0,0,NONE
2019,37.2886688333,127.1071991667,-40.017,-34.825,0.0,0.0,0.0,1,8,2.0,0,NONE
2020,37.2886705,127.1071998333,-39.958,-34.639,0.0,0.0,0.0,1,8,2.0,0,NONE
2021,37.2886723333,127.1072005,-39.899,-34.435,0.0,0.0,0.0,1,8,2.0,0,NONE
2022,37.2886741667,127.107201,-39.854,-34.231,0.0,0.0,0.0,1,8,2.0,0,NONE
2023,37.2886761667,127.1072013333,-39.825,-34.008,0.0,0.0,0.0,1,8,2.0,0,NONE
2024,37.2886781667,127.1072016667,-39.795,-33.786,0.0,0.0,0.0,1,8,2.0,0,NONE
2025,37.28868,127.1072021667,-39.751,-33.582,0.0,0.0,0.0,1,8,2.0,0,NONE
2026,37.288682,127.1072026667,-39.707,-33.359,0.0,0.0,0.0,1,8,2.0,0,NONE
2027,37.2886841667,127.1072031667,-39.662,-33.118,0.0,0.0,0.0,1,8,2.0,0,NONE
2028,37.288686,127.1072033333,-39.648,-32.914,0.0,0.0,0.0,1,8,2.0,0,NONE
2029,37.2886881667,127.1072035,-39.633,-32.672,0.0,0.0,0.0,1,8,2.0,0,NONE
2030,37.28869,127.1072038333,-39.603,-32.468,0.0,0.0,0.0,1,8,2.0,0,NONE
2031,37.2886918333,127.1072043333,-39.559,-32.264,0.0,0.0,0.0,1,8,2.0,0,NONE
2032,37.2886938333,127.1072048333,-39.515,-32.042,0.0,0.0,0.0,1,8,2.0,0,NONE
2033,37.2886956667,127.1072051667,-39.485,-31.838,0.0,0.0,0.0,1,8,2.0,0,NONE
2034,37.2886975,127.1072053333,-39.471,-31.633,0.0,0.0,0.0,1,8,2.0,0,NONE
2035,37.2886995,127.1072055,-39.456,-31.411,0.0,0.0,0.0,1,8,2.0,0,NONE
2036,37.2887013333,127.1072056667,-39.441,-31.207,0.0,0.0,0.0,1,8,2.0,0,NONE
2037,37.2887031667,127.107206,-39.411,-31.003,0.0,0.0,0.0,1,8,2.0,0,NONE
2038,37.2887051667,127.1072063333,-39.382,-30.78,0.0,0.0,0.0,1,8,2.0,0,NONE
2039,37.2887068333,127.1072063333,-39.382,-30.594,0.0,0.0,0.0,1,8,2.0,0,NONE
2040,37.2887088333,127.1072058333,-39.426,-30.372,0.0,0.0,0.0,1,8,2.0,0,NONE
2041,37.2887106667,127.1072051667,-39.485,-30.168,0.0,0.0,0.0,1,8,2.0,0,NONE
2042,37.2887125,127.1072045,-39.544,-29.964,0.0,0.0,0.0,1,8,2.0,0,NONE
2043,37.2887145,127.107204,-39.589,-29.741,0.0,0.0,0.0,1,8,2.0,0,NONE
2044,37.2887163333,127.1072035,-39.633,-29.537,0.0,0.0,0.0,1,8,2.0,0,NONE
2045,37.2887181667,127.107203,-39.677,-29.333,0.0,0.0,0.0,1,8,2.0,0,NONE
2046,37.28872,127.107202,-39.766,-29.129,0.0,0.0,0.0,1,8,2.0,0,NONE
2047,37.2887218333,127.1072011667,-39.84,-28.925,0.0,0.0,0.0,1,8,2.0,0,NONE
2048,37.2887236667,127.1072003333,-39.913,-28.721,0.0,0.0,0.0,1,8,2.0,0,NONE
2049,37.2887256667,127.1071993333,-40.002,-28.498,0.0,0.0,0.0,1,8,2.0,0,NONE
2050,37.2887275,127.1071985,-40.076,-28.294,0.0,0.0,0.0,1,8,2.0,0,NONE
2051,37.2887293333,127.1071973333,-40.179,-28.09,0.0,0.0,0.0,1,8,2.0,0,NONE
2052,37.2887311667,127.107196,-40.297,-27.886,0.0,0.0,0.0,1,8,2.0,0,NONE
2053,37.2887326667,127.1071946667,-40.415,-27.719,0.0,0.0,0.0,1,8,2.0,0,NONE
2054,37.2887343333,127.1071935,-40.519,-27.533,0.0,0.0,0.0,1,8,2.0,0,NONE
2055,37.2887361667,127.1071921667,-40.637,-27.329,0.0,0.0,0.0,1,8,2.0,0,NONE
2056,37.2887376667,127.1071906667,-40.769,-27.162,0.0,0.0,0.0,1,8,2.0,0,NONE
2057,37.2887391667,127.107189,-40.917,-26.995,0.0,0.0,0.0,1,8,2.0,0,NONE
2058,37.2887405,127.107187,-41.094,-26.847,0.0,0.0,0.0,1,8,2.0,0,NONE
2059,37.2887418333,127.1071851667,-41.257,-26.698,0.0,0.0,0.0,1,8,2.0,0,NONE
2060,37.2887431667,127.1071833333,-41.419,-26.55,0.0,0.0,0.0,1,8,2.0,0,NONE
2061,37.2887446667,127.1071813333,-41.596,-26.383,0.0,0.0,0.0,1,8,2.0,0,NONE
2062,37.2887456667,127.1071793333,-41.773,-26.272,0.0,0.0,0.0,1,8,2.0,0,NONE
2063,37.2887466667,127.107177,-41.98,-26.16,0.0,0.0,0.0,1,8,2.0,0,NONE
2064,37.2887475,127.1071748333,-42.172,-26.067,0.0,0.0,0.0,1,8,2.0,0,NONE
2065,37.2887485,127.1071726667,-42.364,-25.956,0.0,0.0,0.0,1,8,2.0,0,NONE
2066,37.2887496667,127.1071705,-42.556,-25.826,0.0,0.0,0.0,1,8,2.0,0,NONE
2067,37.2887506667,127.1071683333,-42.747,-25.715,0.0,0.0,0.0,1,8,2.0,0,NONE
2068,37.2887516667,127.107166,-42.954,-25.604,0.0,0.0,0.0,1,8,2.0,0,NONE
2069,37.2887525,127.1071635,-43.175,-25.511,0.0,0.0,0.0,1,8,2.0,0,NONE
2070,37.2887535,127.1071611667,-43.382,-25.4,0.0,0.0,0.0,1,8,2.0,0,NONE
2071,37.2887545,127.1071588333,-43.589,-25.288,0.0,0.0,0.0,1,8,2.0,0,NONE
2072,37.2887556667,127.1071563333,-43.81,-25.158,0.0,0.0,0.0,1,8,2.0,0,NONE
2073,37.2887566667,127.107154,-44.017,-25.047,0.0,0.0,0.0,1,8,2.0,0,NONE
2074,37.2887575,127.1071515,-44.238,-24.954,0.0,0.0,0.0,1,8,2.0,0,NONE
2075,37.2887581667,127.107149,-44.46,-24.88,0.0,0.0,0.0,1,8,2.0,0,NONE
2076,37.288759,127.1071466667,-44.666,-24.787,0.0,0.0,0.0,1,8,2.0,0,NONE
2077,37.28876,127.1071443333,-44.873,-24.676,0.0,0.0,0.0,1,8,2.0,0,NONE
2078,37.288761,127.1071418333,-45.094,-24.565,0.0,0.0,0.0,1,8,2.0,0,NONE
2079,37.2887618333,127.1071393333,-45.316,-24.472,0.0,0.0,0.0,1,8,2.0,0,NONE
2080,37.2887626667,127.1071366667,-45.552,-24.379,0.0,0.0,0.0,1,8,2.0,0,NONE
2081,37.2887635,127.1071343333,-45.759,-24.286,0.0,0.0,0.0,1,8,2.0,0,NONE
2082,37.2887645,127.107132,-45.965,-24.175,0.0,0.0,0.0,1,8,2.0,0,NONE
2083,37.2887656667,127.1071296667,-46.172,-24.045,0.0,0.0,0.0,1,8,2.0,0,NONE
2084,37.2887666667,127.1071271667,-46.393,-23.934,0.0,0.0,0.0,1,8,2.0,0,NONE
2085,37.2887675,127.1071248333,-46.6,-23.841,0.0,0.0,0.0,1,8,2.0,0,NONE
2086,37.2887681667,127.1071223333,-46.821,-23.767,0.0,0.0,0.0,1,8,2.0,0,NONE
2087,37.288769,127.1071198333,-47.043,-23.674,0.0,0.0,0.0,1,8,2.0,0,NONE
2088,37.28877,127.1071175,-47.249,-23.563,0.0,0.0,0.0,1,8,2.0,0,NONE
2089,37.288771,127.1071151667,-47.456,-23.451,0.0,0.0,0.0,1,8,2.0,0,NONE
2090,37.2887716667,127.1071128333,-47.663,-23.377,0.0,0.0,0.0,1,8,2.0,0,NONE
2091,37.2887723333,127.1071103333,-47.884,-23.303,0.0,0.0,0.0,1,8,2.0,0,NONE
2092,37.288773,127.107108,-48.091,-23.229,0.0,0.0,0.0,1,8,2.0,0,NONE
2093,37.2887736667,127.1071056667,-48.297,-23.155,0.0,0.0,0.0,1,8,2.0,0,NONE
2094,37.2887745,127.1071033333,-48.504,-23.062,0.0,0.0,0.0,1,8,2.0,0,NONE
2095,37.2887753333,127.107101,-48.711,-22.969,0.0,0.0,0.0,1,8,2.0,0,NONE
2096,37.288776,127.1070986667,-48.917,-22.895,0.0,0.0,0.0,1,8,2.0,0,NONE
2097,37.2887768333,127.1070958333,-49.168,-22.802,0.0,0.0,0.0,1,8,2.0,0,NONE
2098,37.2887775,127.1070935,-49.375,-22.728,0.0,0.0,0.0,1,8,2.0,0,NONE
2099,37.2887781667,127.107091,-49.596,-22.654,0.0,0.0,0.0,1,8,2.0,0,NONE
2100,37.2887791667,127.1070885,-49.818,-22.542,0.0,0.0,0.0,1,8,2.0,0,NONE
2101,37.28878,127.1070861667,-50.025,-22.45,0.0,0.0,0.0,1,8,2.0,0,NONE
2102,37.2887808333,127.1070835,-50.261,-22.357,0.0,0.0,0.0,1,8,2.0,0,NONE
2103,37.2887815,127.1070808333,-50.497,-22.283,0.0,0.0,0.0,1,8,2.0,0,NONE
2104,37.2887823333,127.1070783333,-50.718,-22.19,0.0,0.0,0.0,1,8,2.0,0,NONE
2105,37.2887831667,127.1070756667,-50.954,-22.097,0.0,0.0,0.0,1,8,2.0,0,NONE
2106,37.2887841667,127.107073,-51.191,-21.986,0.0,0.0,0.0,1,8,2.0,0,NONE
2107,37.2887848333,127.1070703333,-51.427,-21.911,0.0,0.0,0.0,1,8,2.0,0,NONE
2108,37.2887856667,127.1070676667,-51.663,-21.819,0.0,0.0,0.0,1,8,2.0,0,NONE
2109,37.2887863333,127.107065,-51.899,-21.745,0.0,0.0,0.0,1,8,2.0,0,NONE
2110,37.2887871667,127.1070623333,-52.135,-21.652,0.0,0.0,0.0,1,8,2.0,0,NONE
2111,37.2887883333,127.1070598333,-52.357,-21.522,0.0,0.0,0.0,1,8,2.0,0,NONE
2112,37.2887891667,127.1070571667,-52.593,-21.429,0.0,0.0,0.0,1,8,2.0,0,NONE
2113,37.2887901667,127.1070545,-52.829,-21.318,0.0,0.0,0.0,1,8,2.0,0,NONE
2114,37.288791,127.1070518333,-53.065,-21.225,0.0,0.0,0.0,1,8,2.0,0,NONE
2115,37.2887918333,127.1070493333,-53.287,-21.132,0.0,0.0,0.0,1,8,2.0,0,NONE
2116,37.288793,127.107047,-53.493,-21.002,0.0,0.0,0.0,1,8,2.0,0,NONE
2117,37.288794,127.1070445,-53.715,-20.891,0.0,0.0,0.0,1,8,2.0,0,NONE
2118,37.2887948333,127.1070421667,-53.921,-20.798,0.0,0.0,0.0,1,8,2.0,0,NONE
2119,37.2887956667,127.1070395,-54.158,-20.706,0.0,0.0,0.0,1,8,2.0,0,NONE
2120,37.2887963333,127.107037,-54.379,-20.631,0.0,0.0,0.0,1,8,2.0,0,NONE
2121,37.2887971667,127.1070346667,-54.586,-20.539,0.0,0.0,0.0,1,8,2.0,0,NONE
2122,37.288798,127.107032,-54.822,-20.446,0.0,0.0,0.0,1,8,2.0,0,NONE
2123,37.2887988333,127.1070295,-55.043,-20.353,0.0,0.0,0.0,1,8,2.0,0,NONE
2124,37.2887996667,127.1070268333,-55.279,-20.26,0.0,0.0,0.0,1,8,2.0,0,NONE
2125,37.2888003333,127.1070241667,-55.516,-20.186,0.0,0.0,0.0,1,8,2.0,0,NONE
2126,37.288801,127.1070215,-55.752,-20.112,0.0,0.0,0.0,1,8,2.0,0,NONE
2127,37.2888018333,127.107019,-55.973,-20.019,0.0,0.0,0.0,1,8,2.0,0,NONE
2128,37.2888028333,127.1070163333,-56.209,-19.908,0.0,0.0,0.0,1,8,2.0,0,NONE
2129,37.2888036667,127.1070138333,-56.431,-19.815,0.0,0.0,0.0,1,8,2.0,0,NONE
2130,37.2888045,127.107011,-56.682,-19.722,0.0,0.0,0.0,1,8,2.0,0,NONE
2131,37.2888051667,127.1070085,-56.903,-19.648,0.0,0.0,0.0,1,8,2.0,0,NONE
2132,37.2888063333,127.107006,-57.124,-19.518,0.0,0.0,0.0,1,8,2.0,0,NONE
2133,37.2888073333,127.1070035,-57.346,-19.407,0.0,0.0,0.0,1,8,2.0,0,NONE
2134,37.2888083333,127.107001,-57.567,-19.295,0.0,0.0,0.0,1,8,2.0,0,NONE
2135,37.2888091667,127.1069983333,-57.803,-19.203,0.0,0.0,0.0,1,8,2.0,0,NONE
2136,37.2888098333,127.1069958333,-58.025,-19.128,0.0,0.0,0.0,1,8,2.0,0,NONE
2137,37.2888106667,127.1069933333,-58.246,-19.036,0.0,0.0,0.0,1,8,2.0,0,NONE
2138,37.2888116667,127.1069906667,-58.482,-18.924,0.0,0.0,0.0,1,8,2.0,0,NONE
2139,37.2888126667,127.1069881667,-58.704,-18.813,0.0,0.0,0.0,1,8,2.0,0,NONE
2140,37.2888136667,127.1069855,-58.94,-18.702,0.0,0.0,0.0,1,8,2.0,0,NONE
2141,37.2888145,127.1069828333,-59.176,-18.609,0.0,0.0,0.0,1,8,2.0,0,NONE
2142,37.2888153333,127.1069803333,-59.398,-18.516,0.0,0.0,0.0,1,8,2.0,0,NONE
2143,37.2888161667,127.1069776667,-59.634,-18.423,0.0,0.0,0.0,1,8,2.0,0,NONE
2144,37.2888173333,127.1069751667,-59.855,-18.294,0.0,0.0,0.0,1,8,2.0,0,NONE
2145,37.2888181667,127.1069725,-60.091,-18.201,0.0,0.0,0.0,1,8,2.0,0,NONE
2146,37.288819,127.1069698333,-60.328,-18.108,0.0,0.0,0.0,1,8,2.0,0,NONE
2147,37.2888198333,127.106967,-60.579,-18.015,0.0,0.0,0.0,1,8,2.0,0,NONE
2148,37.2888208333,127.1069645,-60.8,-17.904,0.0,0.0,0.0,1,8,2.0,0,NONE
2149,37.2888218333,127.1069618333,-61.036,-17.793,0.0,0.0,0.0,1,8,2.0,0,NONE
2150,37.2888228333,127.1069593333,-61.258,-17.681,0.0,0.0,0.0,1,8,2.0,0,NONE
2151,37.2888236667,127.1069566667,-61.494,-17.589,0.0,0.0,0.0,1,8,2.0,0,NONE
2152,37.2888245,127.1069541667,-61.715,-17.496,0.0,0.0,0.0,1,8,2.0,0,NONE
2153,37.2888251667,127.1069515,-61.951,-17.422,0.0,0.0,0.0,1,8,2.0,0,NONE
2154,37.288826,127.106949,-62.173,-17.329,0.0,0.0,0.0,1,8,2.0,0,NONE
2155,37.288827,127.1069463333,-62.409,-17.217,0.0,0.0,0.0,1,8,2.0,0,NONE
2156,37.288828,127.1069438333,-62.63,-17.106,0.0,0.0,0.0,1,8,2.0,0,NONE
2157,37.2888286667,127.1069413333,-62.852,-17.032,0.0,0.0,0.0,1,8,2.0,0,NONE
2158,37.2888295,127.1069386667,-63.088,-16.939,0.0,0.0,0.0,1,8,2.0,0,NONE
2159,37.2888303333,127.106936,-63.324,-16.846,0.0,0.0,0.0,1,8,2.0,0,NONE
2160,37.2888311667,127.1069336667,-63.531,-16.754,0.0,0.0,0.0,1,8,2.0,0,NONE
2161,37.2888323333,127.106931,-63.767,-16.624,0.0,0.0,0.0,1,8,2.0,0,NONE
2162,37.288833,127.1069285,-63.988,-16.55,0.0,0.0,0.0,1,8,2.0,0,NONE
2163,37.2888338333,127.1069258333,-64.224,-16.457,0.0,0.0,0.0,1,8,2.0,0,NONE
2164,37.2888345,127.106923,-64.475,-16.383,0.0,0.0,0.0,1,8,2.0,0,NONE
2165,37.2888353333,127.1069205,-64.697,-16.29,0.0,0.0,0.0,1,8,2.0,0,NONE
2166,37.2888361667,127.1069176667,-64.948,-16.197,0.0,0.0,0.0,1,8,2.0,0,NONE
2167,37.2888371667,127.1069148333,-65.199,-16.086,0.0,0.0,0.0,1,8,2.0,0,NONE
2168,37.2888378333,127.1069121667,-65.435,-16.012,0.0,0.0,0.0,1,8,2.0,0,NONE
2169,37.2888385,127.1069095,-65.671,-15.937,0.0,0.0,0.0,1,8,2.0,0,NONE
2170,37.2888393333,127.1069068333,-65.907,-15.845,0.0,0.0,0.0,1,8,2.0,0,NONE
2171,37.2888401667,127.1069043333,-66.129,-15.752,0.0,0.0,0.0,1,8,2.0,0,NONE
2172,37.2888411667,127.1069015,-66.38,-15.64,0.0,0.0,0.0,1,8,2.0,0,NONE
2173,37.288842,127.1068988333,-66.616,-15.548,0.0,0.0,0.0,1,8,2.0,0,NONE
2174,37.2888428333,127.1068961667,-66.852,-15.455,0.0,0.0,0.0,1,8,2.0,0,NONE
2175,37.2888436667,127.1068935,-67.088,-15.362,0.0,0.0,0.0,1,8,2.0,0,NONE
2176,37.2888446667,127.1068908333,-67.324,-15.251,0.0,0.0,0.0,1,8,2.0,0,NONE
2177,37.2888458333,127.1068881667,-67.56,-15.121,0.0,0.0,0.0,1,8,2.0,0,NONE
2178,37.2888466667,127.1068856667,-67.782,-15.028,0.0,0.0,0.0,1,8,2.0,0,NONE
2179,37.2888473333,127.106883,-68.018,-14.954,0.0,0.0,0.0,1,8,2.0,0,NONE
2180,37.288848,127.1068801667,-68.269,-14.88,0.0,0.0,0.0,1,8,2.0,0,NONE
2181,37.2888488333,127.1068776667,-68.49,-14.787,0.0,0.0,0.0,1,8,2.0,0,NONE
2182,37.2888496667,127.1068751667,-68.712,-14.694,0.0,0.0,0.0,1,8,2.0,0,NONE
2183,37.2888506667,127.1068725,-68.948,-14.583,0.0,0.0,0.0,1,8,2.0,0,NONE
2184,37.2888513333,127.1068698333,-69.184,-14.509,0.0,0.0,0.0,1,8,2.0,0,NONE
2185,37.288852,127.1068671667,-69.42,-14.434,0.0,0.0,0.0,1,8,2.0,0,NONE
2186,37.2888526667,127.1068646667,-69.642,-14.36,0.0,0.0,0.0,1,8,2.0,0,NONE
2187,37.2888533333,127.1068621667,-69.863,-14.286,0.0,0.0,0.0,1,8,2.0,0,NONE
2188,37.2888543333,127.1068595,-70.099,-14.175,0.0,0.0,0.0,1,8,2.0,0,NONE
2189,37.288855,127.106857,-70.321,-14.101,0.0,0.0,0.0,1,8,2.0,0,NONE
2190,37.2888556667,127.1068545,-70.542,-14.026,0.0,0.0,0.0,1,8,2.0,0,NONE
2191,37.2888563333,127.1068516667,-70.793,-13.952,0.0,0.0,0.0,1,8,2.0,0,NONE
2192,37.2888571667,127.1068493333,-71.0,-13.859,0.0,0.0,0.0,1,8,2.0,0,NONE
2193,37.288858,127.1068468333,-71.221,-13.767,0.0,0.0,0.0,1,8,2.0,0,NONE
2194,37.288859,127.1068443333,-71.442,-13.655,0.0,0.0,0.0,1,8,2.0,0,NONE
2195,37.28886,127.1068418333,-71.664,-13.544,0.0,0.0,0.0,1,8,2.0,0,NONE
2196,37.2888608333,127.1068391667,-71.9,-13.451,0.0,0.0,0.0,1,8,2.0,0,NONE
2197,37.2888616667,127.1068366667,-72.121,-13.358,0.0,0.0,0.0,1,8,2.0,0,NONE
2198,37.2888625,127.1068343333,-72.328,-13.266,0.0,0.0,0.0,1,8,2.0,0,NONE
2199,37.2888635,127.1068318333,-72.55,-13.154,0.0,0.0,0.0,1,8,2.0,0,NONE
2200,37.2888645,127.1068295,-72.756,-13.043,0.0,0.0,0.0,1,8,2.0,0,NONE
2201,37.2888653333,127.1068271667,-72.963,-12.95,0.0,0.0,0.0,1,8,2.0,0,NONE
2202,37.288866,127.1068246667,-73.184,-12.876,0.0,0.0,0.0,1,8,2.0,0,NONE
2203,37.2888665,127.1068221667,-73.406,-12.82,0.0,0.0,0.0,1,8,2.0,0,NONE
2204,37.2888673333,127.1068198333,-73.612,-12.728,0.0,0.0,0.0,1,8,2.0,0,NONE
2205,37.2888683333,127.1068173333,-73.834,-12.616,0.0,0.0,0.0,1,8,2.0,0,NONE
2206,37.2888691667,127.1068148333,-74.055,-12.524,0.0,0.0,0.0,1,8,2.0,0,NONE
2207,37.2888698333,127.1068125,-74.262,-12.449,0.0,0.0,0.0,1,8,2.0,0,NONE
2208,37.2888703333,127.1068098333,-74.498,-12.394,0.0,0.0,0.0,1,8,2.0,0,NONE
2209,37.288871,127.1068073333,-74.719,-12.319,0.0,0.0,0.0,1,8,2.0,0,NONE
2210,37.2888716667,127.1068048333,-74.941,-12.245,0.0,0.0,0.0,1,8,2.0,0,NONE
2211,37.2888725,127.1068023333,-75.162,-12.152,0.0,0.0,0.0,1,8,2.0,0,NONE
2212,37.2888731667,127.1067998333,-75.384,-12.078,0.0,0.0,0.0,1,8,2.0,0,NONE
2213,37.2888736667,127.1067971667,-75.62,-12.023,0.0,0.0,0.0,1,8,2.0,0,NONE
2214,37.2888741667,127.1067946667,-75.841,-11.967,0.0,0.0,0.0,1,8,2.0,0,NONE
2215,37.2888746667,127.1067921667,-76.063,-11.911,0.0,0.0,0.0,1,8,2.0,0,NONE
2216,37.2888755,127.1067895,-76.299,-11.818,0.0,0.0,0.0,1,8,2.0,0,NONE
2217,37.2888763333,127.1067866667,-76.55,-11.726,0.0,0.0,0.0,1,8,2.0,0,NONE
2218,37.288877,127.1067841667,-76.771,-11.651,0.0,0.0,0.0,1,8,2.0,0,NONE
2219,37.2888773333,127.1067816667,-76.993,-11.614,0.0,0.0,0.0,1,8,2.0,0,NONE
2220,37.2888776667,127.1067788333,-77.244,-11.577,0.0,0.0,0.0,1,8,2.0,0,NONE
2221,37.2888781667,127.1067763333,-77.465,-11.522,0.0,0.0,0.0,1,8,2.0,0,NONE
2222,37.2888788333,127.1067738333,-77.686,-11.447,0.0,0.0,0.0,1,8,2.0,0,NONE
2223,37.2888793333,127.1067711667,-77.923,-11.392,0.0,0.0,0.0,1,8,2.0,0,NONE
2224,37.2888796667,127.1067686667,-78.144,-11.355,0.0,0.0,0.0,1,8,2.0,0,NONE
2225,37.2888798333,127.106766,-78.38,-11.336,0.0,0.0,0.0,1,8,2.0,0,NONE
2226,37.2888801667,127.1067635,-78.602,-11.299,0.0,0.0,0.0,1,8,2.0,0,NONE
2227,37.2888805,127.1067608333,-78.838,-11.262,0.0,0.0,0.0,1,8,2.0,0,NONE
2228,37.2888808333,127.106758,-79.089,-11.225,0.0,0.0,0.0,1,8,2.0,0,NONE
2229,37.288881,127.1067553333,-79.325,-11.206,0.0,0.0,0.0,1,8,2.0,0,NONE
2230,37.2888808333,127.1067525,-79.576,-11.225,0.0,0.0,0.0,1,8,2.0,0,NONE
2231,37.2888806667,127.10675,-79.797,-11.243,0.0,0.0,0.0,1,8,2.0,0,NONE
2232,37.2888806667,127.1067473333,-80.033,-11.243,0.0,0.0,0.0,1,8,2.0,0,NONE
2233,37.2888806667,127.1067445,-80.284,-11.243,0.0,0.0,0.0,1,8,2.0,0,NONE
2234,37.2888805,127.1067418333,-80.52,-11.262,0.0,0.0,0.0,1,8,2.0,0,NONE
2235,37.2888801667,127.1067393333,-80.742,-11.299,0.0,0.0,0.0,1,8,2.0,0,NONE
2236,37.2888795,127.1067366667,-80.978,-11.373,0.0,0.0,0.0,1,8,2.0,0,NONE
2237,37.288879,127.1067341667,-81.199,-11.429,0.0,0.0,0.0,1,8,2.0,0,NONE
2238,37.2888785,127.1067315,-81.436,-11.485,0.0,0.0,0.0,1,8,2.0,0,NONE
2239,37.2888778333,127.106729,-81.657,-11.559,0.0,0.0,0.0,1,8,2.0,0,NONE
2240,37.2888771667,127.1067266667,-81.864,-11.633,0.0,0.0,0.0,1,8,2.0,0,NONE
2241,37.2888763333,127.106724,-82.1,-11.726,0.0,0.0,0.0,1,8,2.0,0,NONE
2242,37.2888753333,127.1067216667,-82.306,-11.837,0.0,0.0,0.0,1,8,2.0,0,NONE
2243,37.2888746667,127.1067193333,-82.513,-11.911,0.0,0.0,0.0,1,8,2.0,0,NONE
2244,37.2888738333,127.1067168333,-82.735,-12.004,0.0,0.0,0.0,1,8,2.0,0,NONE
2245,37.288873,127.1067145,-82.941,-12.097,0.0,0.0,0.0,1,8,2.0,0,NONE
2246,37.2888718333,127.1067121667,-83.148,-12.227,0.0,0.0,0.0,1,8,2.0,0,NONE
2247,37.2888706667,127.1067098333,-83.355,-12.357,0.0,0.0,0.0,1,8,2.0,0,NONE
2248,37.2888695,127.1067078333,-83.532,-12.486,0.0,0.0,0.0,1,8,2.0,0,NONE
2249,37.2888685,127.1067055,-83.738,-12.598,0.0,0.0,0.0,1,8,2.0,0,NONE
2250,37.2888673333,127.106703,-83.96,-12.728,0.0,0.0,0.0,1,8,2.0,0,NONE
2251,37.2888661667,127.1067008333,-84.152,-12.857,0.0,0.0,0.0,1,8,2.0,0,NONE
2252,37.2888648333,127.106699,-84.314,-13.006,0.0,0.0,0.0,1,8,2.0,0,NONE
2253,37.2888633333,127.106697,-84.491,-13.173,0.0,0.0,0.0,1,8,2.0,0,NONE
2254,37.288862,127.1066951667,-84.653,-13.321,0.0,0.0,0.0,1,8,2.0,0,NONE
2255,37.2888605,127.1066933333,-84.816,-13.488,0.0,0.0,0.0,1,8,2.0,0,NONE
2256,37.2888591667,127.1066913333,-84.993,-13.637,0.0,0.0,0.0,1,8,2.0,0,NONE
2257,37.2888578333,127.1066896667,-85.141,-13.785,0.0,0.0,0.0,1,8,2.0,0,NONE
2258,37.2888561667,127.106688,-85.288,-13.971,0.0,0.0,0.0,1,8,2.0,0,NONE
2259,37.2888545,127.1066866667,-85.406,-14.156,0.0,0.0,0.0,1,8,2.0,0,NONE
2260,37.288853,127.1066851667,-85.539,-14.323,0.0,0.0,0.0,1,8,2.0,0,NONE
2261,37.2888515,127.1066836667,-85.672,-14.49,0.0,0.0,0.0,1,8,2.0,0,NONE
2262,37.2888498333,127.106682,-85.82,-14.676,0.0,0.0,0.0,1,8,2.0,0,NONE
2263,37.2888481667,127.1066806667,-85.938,-14.861,0.0,0.0,0.0,1,8,2.0,0,NONE
2264,37.2888461667,127.1066793333,-86.056,-15.084,0.0,0.0,0.0,1,8,2.0,0,NONE
2265,37.2888446667,127.1066781667,-86.159,-15.251,0.0,0.0,0.0,1,8,2.0,0,NONE
2266,37.2888431667,127.1066765,-86.307,-15.418,0.0,0.0,0.0,1,8,2.0,0,NONE
2267,37.2888415,127.1066748333,-86.454,-15.603,0.0,0.0,0.0,1,8,2.0,0,NONE
2268,37.28884,127.1066733333,-86.587,-15.77,0.0,0.0,0.0,1,8,2.0,0,NONE
2269,37.2888383333,127.106672,-86.705,-15.956,0.0,0.0,0.0,1,8,2.0,0,NONE
2270,37.2888366667,127.1066706667,-86.823,-16.141,0.0,0.0,0.0,1,8,2.0,0,NONE
2271,37.288835,127.1066693333,-86.941,-16.327,0.0,0.0,0.0,1,8,2.0,0,NONE
2272,37.2888333333,127.1066678333,-87.074,-16.512,0.0,0.0,0.0,1,8,2.0,0,NONE
2273,37.2888316667,127.1066663333,-87.207,-16.698,0.0,0.0,0.0,1,8,2.0,0,NONE
2274,37.28883,127.106665,-87.325,-16.884,0.0,0.0,0.0,1,8,2.0,0,NONE
2275,37.2888281667,127.1066636667,-87.443,-17.088,0.0,0.0,0.0,1,8,2.0,0,NONE
2276,37.2888263333,127.1066625,-87.547,-17.292,0.0,0.0,0.0,1,8,2.0,0,NONE
2277,37.2888248333,127.1066611667,-87.665,-17.459,0.0,0.0,0.0,1,8,2.0,0,NONE
2278,37.288823,127.1066598333,-87.783,-17.663,0.0,0.0,0.0,1,8,2.0,0,NONE
2279,37.2888213333,127.1066585,-87.901,-17.848,0.0,0.0,0.0,1,8,2.0,0,NONE
2280,37.2888196667,127.1066573333,-88.004,-18.034,0.0,0.0,0.0,1,8,2.0,0,NONE
2281,37.2888178333,127.1066561667,-88.107,-18.238,0.0,0.0,0.0,1,8,2.0,0,NONE
2282,37.2888161667,127.1066548333,-88.226,-18.423,0.0,0.0,0.0,1,8,2.0,0,NONE
2283,37.2888145,127.1066536667,-88.329,-18.609,0.0,0.0,0.0,1,8,2.0,0,NONE
2284,37.2888128333,127.1066521667,-88.462,-18.795,0.0,0.0,0.0,1,8,2.0,0,NONE
2285,37.2888111667,127.1066506667,-88.595,-18.98,0.0,0.0,0.0,1,8,2.0,0,NONE
2286,37.2888091667,127.1066495,-88.698,-19.203,0.0,0.0,0.0,1,8,2.0,0,NONE
2287,37.2888071667,127.1066485,-88.786,-19.425,0.0,0.0,0.0,1,8,2.0,0,NONE
2288,37.2888053333,127.1066473333,-88.89,-19.629,0.0,0.0,0.0,1,8,2.0,0,NONE
2289,37.2888035,127.1066461667,-88.993,-19.834,0.0,0.0,0.0,1,8,2.0,0,NONE
2290,37.2888016667,127.1066448333,-89.111,-20.038,0.0,0.0,0.0,1,8,2.0,0,NONE
2291,37.2887998333,127.1066438333,-89.2,-20.242,0.0,0.0,0.0,1,8,2.0,0,NONE
2292,37.2887978333,127.1066428333,-89.288,-20.464,0.0,0.0,0.0,1,8,2.0,0,NONE
2293,37.2887958333,127.106642,-89.362,-20.687,0.0,0.0,0.0,1,8,2.0,0,NONE
2294,37.2887941667,127.1066408333,-89.465,-20.872,0.0,0.0,0.0,1,8,2.0,0,NONE
2295,37.2887923333,127.1066398333,-89.554,-21.077,0.0,0.0,0.0,1,8,2.0,0,NONE
2296,37.2887905,127.1066385,-89.672,-21.281,0.0,0.0,0.0,1,8,2.0,0,NONE
2297,37.2887888333,127.1066375,-89.761,-21.466,0.0,0.0,0.0,1,8,2.0,0,NONE
2298,37.2887868333,127.1066366667,-89.835,-21.689,0.0,0.0,0.0,1,8,2.0,0,NONE
2299,37.288785,127.1066358333,-89.908,-21.893,0.0,0.0,0.0,1,8,2.0,0,NONE
2300,37.2887831667,127.1066348333,-89.997,-22.097,0.0,0.0,0.0,1,8,2.0,0,NONE
2301,37.288781,127.1066336667,-90.1,-22.338,0.0,0.0,0.0,1,8,2.0,0,NONE
2302,37.2887791667,127.1066326667,-90.189,-22.542,0.0,0.0,0.0,1,8,2.0,0,NONE
2303,37.2887771667,127.1066316667,-90.277,-22.765,0.0,0.0,0.0,1,8,2.0,0,NONE
2304,37.288775,127.1066308333,-90.351,-23.006,0.0,0.0,0.0,1,8,2.0,0,NONE
2305,37.2887731667,127.1066298333,-90.44,-23.21,0.0,0.0,0.0,1,8,2.0,0,NONE
2306,37.2887713333,127.1066285,-90.558,-23.414,0.0,0.0,0.0,1,8,2.0,0,NONE
2307,37.2887693333,127.1066273333,-90.661,-23.637,0.0,0.0,0.0,1,8,2.0,0,NONE
2308,37.2887675,127.1066263333,-90.75,-23.841,0.0,0.0,0.0,1,8,2.0,0,NONE
2309,37.2887653333,127.1066253333,-90.838,-24.082,0.0,0.0,0.0,1,8,2.0,0,NONE
2310,37.2887635,127.1066245,-90.912,-24.286,0.0,0.0,0.0,1,8,2.0,0,NONE
2311,37.2887616667,127.1066233333,-91.015,-24.49,0.0,0.0,0.0,1,8,2.0,0,NONE
2312,37.2887598333,127.1066223333,-91.104,-24.694,0.0,0.0,0.0,1,8,2.0,0,NONE
2313,37.2887578333,127.1066213333,-91.193,-24.917,0.0,0.0,0.0,1,8,2.0,0,NONE
2314,37.2887558333,127.1066205,-91.266,-25.14,0.0,0.0,0.0,1,8,2.0,0,NONE
2315,37.288754,127.1066198333,-91.325,-25.344,0.0,0.0,0.0,1,8,2.0,0,NONE
2316,37.2887521667,127.1066191667,-91.384,-25.548,0.0,0.0,0.0,1,8,2.0,0,NONE
2317,37.2887503333,127.1066181667,-91.473,-25.752,0.0,0.0,0.0,1,8,2.0,0,NONE
2318,37.2887485,127.1066171667,-91.562,-25.956,0.0,0.0,0.0,1,8,2.0,0,NONE
2319,37.2887468333,127.1066163333,-91.635,-26.142,0.0,0.0,0.0,1,8,2.0,0,NONE
2320,37.2887451667,127.1066158333,-91.68,-26.327,0.0,0.0,0.0,1,8,2.0,0,NONE
2321,37.2887433333,127.1066153333,-91.724,-26.531,0.0,0.0,0.0,1,8,2.0,0,NONE
2322,37.288742,127.1066146667,-91.783,-26.68,0.0,0.0,0.0,1,8,2.0,0,NONE
2323,37.2887405,127.106614,-91.842,-26.847,0.0,0.0,0.0,1,8,2.0,0,NONE
2324,37.2887391667,127.1066131667,-91.916,-26.995,0.0,0.0,0.0,1,8,2.0,0,NONE
2325,37.2887375,127.1066123333,-91.99,-27.181,0.0,0.0,0.0,1,8,2.0,0,NONE
2326,37.2887361667,127.106612,-92.019,-27.329,0.0,0.0,0.0,1,8,2.0,0,NONE
2327,37.2887348333,127.1066115,-92.063,-27.477,0.0,0.0,0.0,1,8,2.0,0,NONE
2328,37.2887336667,127.1066106667,-92.137,-27.607,0.0,0.0,0.0,1,8,2.0,0,STOP_LINE
2329,37.2887328333,127.1066091667,-92.27,-27.7,0.0,0.0,0.0,1,8,2.0,0,NONE
2330,37.2887315,127.1066088333,-92.3,-27.849,0.0,0.0,0.0,1,8,2.0,0,NONE
2331,37.2887301667,127.1066085,-92.329,-27.997,0.0,0.0,0.0,1,8,2.0,0,NONE
2332,37.2887288333,127.1066081667,-92.359,-28.145,0.0,0.0,0.0,1,8,2.0,0,NONE
2333,37.2887275,127.1066073333,-92.432,-28.294,0.0,0.0,0.0,1,8,2.0,0,NONE
2334,37.288726,127.1066065,-92.506,-28.461,0.0,0.0,0.0,1,8,2.0,0,NONE
2335,37.2887245,127.1066055,-92.595,-28.628,0.0,0.0,0.0,1,8,2.0,0,NONE
2336,37.288723,127.1066046667,-92.669,-28.795,0.0,0.0,0.0,1,8,2.0,0,NONE
2337,37.2887211667,127.1066038333,-92.742,-28.999,0.0,0.0,0.0,1,8,2.0,0,NONE
2338,37.2887195,127.106603,-92.816,-29.184,0.0,0.0,0.0,1,8,2.0,0,NONE
2339,37.288718,127.106602,-92.905,-29.351,0.0,0.0,0.0,1,8,2.0,0,NONE
2340,37.2887161667,127.1066008333,-93.008,-29.555,0.0,0.0,0.0,1,8,2.0,0,NONE
2341,37.2887146667,127.1065995,-93.126,-29.722,0.0,0.0,0.0,1,8,2.0,0,NONE
2342,37.288713,127.1065985,-93.215,-29.908,0.0,0.0,0.0,1,8,2.0,0,NONE
2343,37.2887111667,127.1065975,-93.303,-30.112,0.0,0.0,0.0,1,8,2.0,0,NONE
2344,37.288709,127.1065966667,-93.377,-30.353,0.0,0.0,0.0,1,8,2.0,0,NONE
2345,37.2887071667,127.1065956667,-93.466,-30.557,0.0,0.0,0.0,1,8,2.0,0,NONE
2346,37.2887053333,127.1065948333,-93.539,-30.761,0.0,0.0,0.0,1,8,2.0,0,NONE
2347,37.2887035,127.1065938333,-93.628,-30.966,0.0,0.0,0.0,1,8,2.0,0,NONE
2348,37.2887016667,127.1065928333,-93.717,-31.17,0.0,0.0,0.0,1,8,2.0,0,NONE
2349,37.2886998333,127.106592,-93.79,-31.374,0.0,0.0,0.0,1,8,2.0,0,NONE
2350,37.2886976667,127.1065913333,-93.849,-31.615,0.0,0.0,0.0,1,8,2.0,0,NONE
2351,37.2886956667,127.1065905,-93.923,-31.838,0.0,0.0,0.0,1,8,2.0,0,NONE
2352,37.2886938333,127.1065895,-94.012,-32.042,0.0,0.0,0.0,1,8,2.0,0,NONE
2353,37.2886918333,127.1065885,-94.1,-32.264,0.0,0.0,0.0,1,8,2.0,0,NONE
2354,37.28869,127.1065876667,-94.174,-32.468,0.0,0.0,0.0,1,8,2.0,0,NONE
2355,37.288688,127.1065868333,-94.248,-32.691,0.0,0.0,0.0,1,8,2.0,0,NONE
2356,37.288686,127.1065861667,-94.307,-32.914,0.0,0.0,0.0,1,8,2.0,0,NONE
2357,37.2886838333,127.1065851667,-94.396,-33.155,0.0,0.0,0.0,1,8,2.0,0,NONE
2358,37.2886818333,127.106584,-94.499,-33.377,0.0,0.0,0.0,1,8,2.0,0,NONE
2359,37.2886798333,127.1065828333,-94.602,-33.6,0.0,0.0,0.0,1,8,2.0,0,NONE
2360,37.2886776667,127.1065818333,-94.691,-33.841,0.0,0.0,0.0,1,8,2.0,0,NONE
2361,37.2886756667,127.1065808333,-94.779,-34.064,0.0,0.0,0.0,1,8,2.0,0,NONE
2362,37.2886735,127.1065798333,-94.868,-34.305,0.0,0.0,0.0,1,8,2.0,0,NONE
2363,37.2886716667,127.1065788333,-94.957,-34.509,0.0,0.0,0.0,1,8,2.0,0,NONE
2364,37.2886696667,127.1065775,-95.075,-34.732,0.0,0.0,0.0,1,8,2.0,0,NONE
2365,37.2886678333,127.1065763333,-95.178,-34.936,0.0,0.0,0.0,1,8,2.0,0,NONE
2366,37.2886658333,127.1065755,-95.252,-35.159,0.0,0.0,0.0,1,8,2.0,0,NONE
2367,37.2886638333,127.1065746667,-95.326,-35.381,0.0,0.0,0.0,1,8,2.0,0,NONE
2368,37.2886618333,127.106574,-95.385,-35.604,0.0,0.0,0.0,1,8,2.0,0,NONE
2369,37.28866,127.1065728333,-95.488,-35.808,0.0,0.0,0.0,1,8,2.0,0,NONE
2370,37.288658,127.1065716667,-95.591,-36.031,0.0,0.0,0.0,1,8,2.0,0,NONE
2371,37.2886561667,127.1065706667,-95.68,-36.235,0.0,0.0,0.0,1,8,2.0,0,NONE
2372,37.288653,127.1065695,-95.783,-36.587,0.0,0.0,0.0,1,8,2.0,0,NONE
2373,37.288651,127.1065686667,-95.857,-36.81,0.0,0.0,0.0,1,8,2.0,0,NONE
2374,37.2886491667,127.1065676667,-95.946,-37.014,0.0,0.0,0.0,1,8,2.0,0,NONE
2375,37.2886473333,127.1065666667,-96.034,-37.218,0.0,0.0,0.0,1,8,2.0,0,NONE
2376,37.2886453333,127.1065658333,-96.108,-37.441,0.0,0.0,0.0,1,8,2.0,0,NONE
2377,37.2886433333,127.106565,-96.182,-37.663,0.0,0.0,0.0,1,8,2.0,0,NONE
2378,37.2886413333,127.1065643333,-96.241,-37.886,0.0,0.0,0.0,1,8,2.0,0,NONE
2379,37.2886395,127.1065638333,-96.285,-38.09,0.0,0.0,0.0,1,8,2.0,0,NONE
2380,37.2886375,127.106563,-96.359,-38.313,0.0,0.0,0.0,1,8,2.0,0,NONE
2381,37.2886355,127.106562,-96.447,-38.535,0.0,0.0,0.0,1,8,2.0,0,NONE
2382,37.2886336667,127.1065615,-96.492,-38.739,0.0,0.0,0.0,1,8,2.0,0,NONE
2383,37.2886316667,127.106561,-96.536,-38.962,0.0,0.0,0.0,1,8,2.0,0,NONE
2384,37.2886296667,127.1065606667,-96.565,-39.185,0.0,0.0,0.0,1,8,2.0,0,NONE
2385,37.288628,127.1065605,-96.58,-39.37,0.0,0.0,0.0,1,8,2.0,0,NONE
2386,37.2886261667,127.1065601667,-96.61,-39.574,0.0,0.0,0.0,1,8,2.0,0,NONE
2387,37.2886243333,127.1065598333,-96.639,-39.778,0.0,0.0,0.0,1,8,2.0,0,NONE
2388,37.2886228333,127.1065598333,-96.639,-39.945,0.0,0.0,0.0,1,8,2.0,0,NONE
2389,37.2886213333,127.1065598333,-96.639,-40.112,0.0,0.0,0.0,1,8,2.0,0,NONE
2390,37.28862,127.1065601667,-96.61,-40.261,0.0,0.0,0.0,1,8,2.0,0,NONE
2391,37.2886185,127.1065601667,-96.61,-40.428,0.0,0.0,0.0,1,8,2.0,0,NONE
2392,37.2886171667,127.1065598333,-96.639,-40.576,0.0,0.0,0.0,1,8,2.0,0,NONE
2393,37.2886168333,127.1065598333,-96.639,-40.613,0.0,0.0,0.0,1,9,2.0,0,NONE
2394,37.2886158333,127.1065586667,-96.743,-40.725,0.0,0.0,0.0,1,9,2.0,0,NONE
2395,37.2886143333,127.1065593333,-96.684,-40.892,0.0,0.0,0.0,1,9,2.0,0,NONE
2396,37.288613,127.10656,-96.625,-41.04,0.0,0.0,0.0,1,9,2.0,0,NONE
2397,37.2886111667,127.106561,-96.536,-41.244,0.0,0.0,0.0,1,9,2.0,0,NONE
2398,37.2886096667,127.1065616667,-96.477,-41.411,0.0,0.0,0.0,1,9,2.0,0,NONE
2399,37.2886078333,127.1065621667,-96.433,-41.615,0.0,0.0,0.0,1,9,2.0,0,NONE
2400,37.288606,127.1065625,-96.403,-41.819,0.0,0.0,0.0,1,9,2.0,0,NONE
2401,37.2886041667,127.1065635,-96.315,-42.023,0.0,0.0,0.0,1,9,2.0,0,NONE
2402,37.2886021667,127.1065648333,-96.196,-42.246,0.0,0.0,0.0,1,9,2.0,0,NONE
2403,37.2886003333,127.106566,-96.093,-42.45,0.0,0.0,0.0,1,9,2.0,0,NONE
2404,37.2885983333,127.1065671667,-95.99,-42.673,0.0,0.0,0.0,1,9,2.0,0,NONE
2405,37.2885963333,127.1065686667,-95.857,-42.895,0.0,0.0,0.0,1,9,2.0,0,NONE
2406,37.2885945,127.1065701667,-95.724,-43.099,0.0,0.0,0.0,1,9,2.0,0,NONE
2407,37.2885926667,127.106572,-95.562,-43.303,0.0,0.0,0.0,1,9,2.0,0,NONE
2408,37.2885916667,127.1065731667,-95.458,-43.415,0.0,0.0,0.0,1,9,2.0,0,NONE
2409,37.28859,127.1065748333,-95.311,-43.6,0.0,0.0,0.0,1,9,2.0,0,NONE
2410,37.2885881667,127.1065765,-95.163,-43.804,0.0,0.0,0.0,1,9,2.0,0,NONE
2411,37.2885863333,127.1065781667,-95.016,-44.009,0.0,0.0,0.0,1,9,2.0,0,NONE
2412,37.2885848333,127.1065798333,-94.868,-44.175,0.0,0.0,0.0,1,9,2.0,0,NONE
2413,37.2885831667,127.106582,-94.676,-44.361,0.0,0.0,0.0,1,9,2.0,0,NONE
2414,37.2885815,127.1065841667,-94.484,-44.547,0.0,0.0,0.0,1,9,2.0,0,NONE
2415,37.28858,127.1065861667,-94.307,-44.714,0.0,0.0,0.0,1,9,2.0,0,NONE
2416,37.2885781667,127.1065881667,-94.13,-44.918,0.0,0.0,0.0,1,9,2.0,0,NONE
2417,37.2885766667,127.1065903333,-93.938,-45.085,0.0,0.0,0.0,1,9,2.0,0,NONE
2418,37.2885751667,127.1065925,-93.746,-45.252,0.0,0.0,0.0,1,9,2.0,0,NONE
2419,37.2885738333,127.106595,-93.525,-45.4,0.0,0.0,0.0,1,9,2.0,0,NONE
2420,37.2885725,127.1065971667,-93.333,-45.548,0.0,0.0,0.0,1,9,2.0,0,NONE
2421,37.2885708333,127.1065991667,-93.156,-45.734,0.0,0.0,0.0,1,9,2.0,0,NONE
2422,37.2885693333,127.1066015,-92.949,-45.901,0.0,0.0,0.0,1,9,2.0,0,NONE
2423,37.288568,127.1066036667,-92.757,-46.049,0.0,0.0,0.0,1,9,2.0,0,NONE
2424,37.2885666667,127.106606,-92.551,-46.198,0.0,0.0,0.0,1,9,2.0,0,NONE
2425,37.2885655,127.1066085,-92.329,-46.328,0.0,0.0,0.0,1,9,2.0,0,NONE
2426,37.2885641667,127.1066106667,-92.137,-46.476,0.0,0.0,0.0,1,9,2.0,0,NONE
2427,37.2885628333,127.106613,-91.931,-46.625,0.0,0.0,0.0,1,9,2.0,0,NONE
2428,37.2885615,127.1066153333,-91.724,-46.773,0.0,0.0,0.0,1,9,2.0,0,NONE
2429,37.2885605,127.1066178333,-91.502,-46.884,0.0,0.0,0.0,1,9,2.0,0,NONE
2430,37.2885598333,127.1066206667,-91.252,-46.958,0.0,0.0,0.0,1,9,2.0,0,NONE
2431,37.288559,127.106623,-91.045,-47.051,0.0,0.0,0.0,1,9,2.0,0,NONE
2432,37.288558,127.1066255,-90.823,-47.163,0.0,0.0,0.0,1,9,2.0,0,NONE
2433,37.2885568333,127.106628,-90.602,-47.292,0.0,0.0,0.0,1,9,2.0,0,NONE
2434,37.288556,127.1066305,-90.381,-47.385,0.0,0.0,0.0,1,9,2.0,0,NONE
2435,37.288555,127.1066333333,-90.13,-47.497,0.0,0.0,0.0,1,9,2.0,0,NONE
2436,37.2885541667,127.1066361667,-89.879,-47.589,0.0,0.0,0.0,1,9,2.0,0,NONE
2437,37.2885533333,127.1066388333,-89.643,-47.682,0.0,0.0,0.0,1,9,2.0,0,NONE
2438,37.2885521667,127.1066413333,-89.421,-47.812,0.0,0.0,0.0,1,9,2.0,0,NONE
2439,37.2885511667,127.1066438333,-89.2,-47.923,0.0,0.0,0.0,1,9,2.0,0,NONE
2440,37.2885505,127.1066465,-88.964,-47.997,0.0,0.0,0.0,1,9,2.0,0,NONE
2441,37.2885496667,127.1066491667,-88.727,-48.09,0.0,0.0,0.0,1,9,2.0,0,NONE
2442,37.2885488333,127.1066518333,-88.491,-48.183,0.0,0.0,0.0,1,9,2.0,0,NONE
2443,37.2885478333,127.1066543333,-88.27,-48.294,0.0,0.0,0.0,1,9,2.0,0,NONE
2444,37.288547,127.106657,-88.034,-48.387,0.0,0.0,0.0,1,9,2.0,0,NONE
2445,37.2885461667,127.1066596667,-87.798,-48.48,0.0,0.0,0.0,1,9,2.0,0,NONE
2446,37.2885455,127.1066623333,-87.561,-48.554,0.0,0.0,0.0,1,9,2.0,0,NONE
2447,37.2885448333,127.106665,-87.325,-48.628,0.0,0.0,0.0,1,9,2.0,0,NONE
2448,37.288544,127.1066676667,-87.089,-48.721,0.0,0.0,0.0,1,9,2.0,0,NONE
2449,37.288543,127.1066703333,-86.853,-48.832,0.0,0.0,0.0,1,9,2.0,0,NONE
2450,37.288542,127.1066728333,-86.631,-48.944,0.0,0.0,0.0,1,9,2.0,0,NONE
2451,37.2885413333,127.1066755,-86.395,-49.018,0.0,0.0,0.0,1,9,2.0,0,NONE
2452,37.2885406667,127.1066781667,-86.159,-49.092,0.0,0.0,0.0,1,9,2.0,0,NONE
2453,37.28854,127.1066808333,-85.923,-49.166,0.0,0.0,0.0,1,9,2.0,0,NONE
2454,37.2885391667,127.1066831667,-85.716,-49.259,0.0,0.0,0.0,1,9,2.0,0,NONE
2455,37.2885381667,127.1066858333,-85.48,-49.37,0.0,0.0,0.0,1,9,2.0,0,NONE
2456,37.2885373333,127.1066885,-85.244,-49.463,0.0,0.0,0.0,1,9,2.0,0,NONE
2457,37.2885366667,127.1066913333,-84.993,-49.537,0.0,0.0,0.0,1,9,2.0,0,NONE
2458,37.288536,127.1066938333,-84.772,-49.612,0.0,0.0,0.0,1,9,2.0,0,NONE
2459,37.2885353333,127.1066963333,-84.55,-49.686,0.0,0.0,0.0,1,9,2.0,0,NONE
2460,37.2885345,127.1066991667,-84.299,-49.779,0.0,0.0,0.0,1,9,2.0,0,NONE
2461,37.2885335,127.1067016667,-84.078,-49.89,0.0,0.0,0.0,1,9,2.0,0,NONE
2462,37.2885328333,127.1067041667,-83.856,-49.964,0.0,0.0,0.0,1,9,2.0,0,NONE
2463,37.2885323333,127.106707,-83.605,-50.02,0.0,0.0,0.0,1,9,2.0,0,NONE
2464,37.2885315,127.1067095,-83.384,-50.113,0.0,0.0,0.0,1,9,2.0,0,NONE
2465,37.2885306667,127.106712,-83.163,-50.205,0.0,0.0,0.0,1,9,2.0,0,NONE
2466,37.2885295,127.1067145,-82.941,-50.335,0.0,0.0,0.0,1,9,2.0,0,NONE
2467,37.2885285,127.1067168333,-82.735,-50.447,0.0,0.0,0.0,1,9,2.0,0,NONE
2468,37.2885276667,127.1067195,-82.498,-50.539,0.0,0.0,0.0,1,9,2.0,0,NONE
2469,37.2885268333,127.1067221667,-82.262,-50.632,0.0,0.0,0.0,1,9,2.0,0,NONE
2470,37.2885256667,127.1067248333,-82.026,-50.762,0.0,0.0,0.0,1,9,2.0,0,NONE
2471,37.2885246667,127.1067275,-81.79,-50.873,0.0,0.0,0.0,1,9,2.0,0,NONE
2472,37.2885238333,127.10673,-81.568,-50.966,0.0,0.0,0.0,1,9,2.0,0,NONE
2473,37.2885231667,127.1067315,-81.436,-51.04,0.0,0.0,0.0,1,9,2.0,0,NONE
2474,37.2885225,127.106734,-81.214,-51.114,0.0,0.0,0.0,1,9,2.0,0,NONE
2475,37.2885218333,127.1067366667,-80.978,-51.189,0.0,0.0,0.0,1,9,2.0,0,NONE
2476,37.2885208333,127.1067393333,-80.742,-51.3,0.0,0.0,0.0,1,9,2.0,0,NONE
2477,37.28852,127.106742,-80.506,-51.393,0.0,0.0,0.0,1,9,2.0,0,NONE
2478,37.2885191667,127.1067445,-80.284,-51.485,0.0,0.0,0.0,1,9,2.0,0,NONE
2479,37.2885185,127.106747,-80.063,-51.56,0.0,0.0,0.0,1,9,2.0,0,NONE
2480,37.2885178333,127.1067496667,-79.827,-51.634,0.0,0.0,0.0,1,9,2.0,0,NONE
2481,37.288517,127.1067521667,-79.605,-51.727,0.0,0.0,0.0,1,9,2.0,0,NONE
2482,37.2885161667,127.1067548333,-79.369,-51.819,0.0,0.0,0.0,1,9,2.0,0,NONE
2483,37.2885151667,127.1067571667,-79.162,-51.931,0.0,0.0,0.0,1,9,2.0,0,NONE
2484,37.2885145,127.1067598333,-78.926,-52.005,0.0,0.0,0.0,1,9,2.0,0,NONE
2485,37.2885138333,127.1067626667,-78.675,-52.079,0.0,0.0,0.0,1,9,2.0,0,NONE
2486,37.2885131667,127.1067651667,-78.454,-52.153,0.0,0.0,0.0,1,9,2.0,0,NONE
2487,37.2885121667,127.1067676667,-78.232,-52.265,0.0,0.0,0.0,1,9,2.0,0,NONE
2488,37.288511,127.1067703333,-77.996,-52.395,0.0,0.0,0.0,1,9,2.0,0,NONE
2489,37.28851,127.1067725,-77.804,-52.506,0.0,0.0,0.0,1,9,2.0,0,NONE
2490,37.2885091667,127.1067751667,-77.568,-52.599,0.0,0.0,0.0,1,9,2.0,0,NONE
2491,37.2885083333,127.1067776667,-77.347,-52.691,0.0,0.0,0.0,1,9,2.0,0,NONE
2492,37.2885075,127.1067801667,-77.125,-52.784,0.0,0.0,0.0,1,9,2.0,0,NONE
2493,37.2885066667,127.1067826667,-76.904,-52.877,0.0,0.0,0.0,1,9,2.0,0,NONE
2494,37.2885056667,127.1067855,-76.653,-52.988,0.0,0.0,0.0,1,9,2.0,0,NONE
2495,37.2885048333,127.1067881667,-76.417,-53.081,0.0,0.0,0.0,1,9,2.0,0,NONE
2496,37.2885043333,127.1067911667,-76.151,-53.137,0.0,0.0,0.0,1,9,2.0,0,NONE
2497,37.2885036667,127.1067938333,-75.915,-53.211,0.0,0.0,0.0,1,9,2.0,0,NONE
2498,37.2885028333,127.1067963333,-75.694,-53.304,0.0,0.0,0.0,1,9,2.0,0,NONE
2499,37.2885018333,127.106799,-75.457,-53.415,0.0,0.0,0.0,1,9,2.0,0,NONE
2500,37.288501,127.1068015,-75.236,-53.508,0.0,0.0,0.0,1,9,2.0,0,NONE
2501,37.2885003333,127.106804,-75.015,-53.582,0.0,0.0,0.0,1,9,2.0,0,NONE
2502,37.2884995,127.1068068333,-74.764,-53.675,0.0,0.0,0.0,1,9,2.0,0,NONE
2503,37.2884986667,127.1068095,-74.528,-53.768,0.0,0.0,0.0,1,9,2.0,0,NONE
2504,37.2884976667,127.106812,-74.306,-53.879,0.0,0.0,0.0,1,9,2.0,0,NONE
2505,37.2884965,127.1068146667,-74.07,-54.009,0.0,0.0,0.0,1,9,2.0,0,NONE
2506,37.2884956667,127.106817,-73.863,-54.102,0.0,0.0,0.0,1,9,2.0,0,NONE
2507,37.2884948333,127.1068198333,-73.612,-54.194,0.0,0.0,0.0,1,9,2.0,0,NONE
2508,37.288494,127.1068225,-73.376,-54.287,0.0,0.0,0.0,1,9,2.0,0,NONE
2509,37.288493,127.106825,-73.155,-54.398,0.0,0.0,0.0,1,9,2.0,0,NONE
2510,37.288492,127.1068276667,-72.919,-54.51,0.0,0.0,0.0,1,9,2.0,0,NONE
2511,37.2884908333,127.1068301667,-72.697,-54.64,0.0,0.0,0.0,1,9,2.0,0,NONE
2512,37.28849,127.106833,-72.446,-54.732,0.0,0.0,0.0,1,9,2.0,0,NONE
2513,37.2884891667,127.1068358333,-72.195,-54.825,0.0,0.0,0.0,1,9,2.0,0,NONE
2514,37.2884881667,127.1068383333,-71.974,-54.936,0.0,0.0,0.0,1,9,2.0,0,NONE
2515,37.288487,127.106841,-71.738,-55.066,0.0,0.0,0.0,1,9,2.0,0,NONE
2516,37.288486,127.1068436667,-71.502,-55.178,0.0,0.0,0.0,1,9,2.0,0,NONE
2517,37.288485,127.1068461667,-71.28,-55.289,0.0,0.0,0.0,1,9,2.0,0,NONE
2518,37.288484,127.106849,-71.029,-55.4,0.0,0.0,0.0,1,9,2.0,0,NONE
2519,37.2884831667,127.1068516667,-70.793,-55.493,0.0,0.0,0.0,1,9,2.0,0,NONE
2520,37.2884821667,127.1068541667,-70.572,-55.604,0.0,0.0,0.0,1,9,2.0,0,NONE
2521,37.2884811667,127.106857,-70.321,-55.716,0.0,0.0,0.0,1,9,2.0,0,NONE
2522,37.2884803333,127.1068598333,-70.07,-55.808,0.0,0.0,0.0,1,9,2.0,0,NONE
2523,37.2884795,127.1068625,-69.834,-55.901,0.0,0.0,0.0,1,9,2.0,0,NONE
2524,37.2884788333,127.1068653333,-69.583,-55.975,0.0,0.0,0.0,1,9,2.0,0,NONE
2525,37.288478,127.106868,-69.346,-56.068,0.0,0.0,0.0,1,9,2.0,0,NONE
2526,37.288477,127.1068708333,-69.096,-56.179,0.0,0.0,0.0,1,9,2.0,0,NONE
2527,37.288476,127.1068735,-68.859,-56.291,0.0,0.0,0.0,1,9,2.0,0,NONE
2528,37.2884753333,127.1068761667,-68.623,-56.365,0.0,0.0,0.0,1,9,2.0,0,NONE
2529,37.2884745,127.106879,-68.372,-56.458,0.0,0.0,0.0,1,9,2.0,0,NONE
2530,37.2884735,127.1068816667,-68.136,-56.569,0.0,0.0,0.0,1,9,2.0,0,NONE
2531,37.2884725,127.1068843333,-67.9,-56.68,0.0,0.0,0.0,1,9,2.0,0,NONE
2532,37.2884715,127.106887,-67.664,-56.792,0.0,0.0,0.0,1,9,2.0,0,NONE
2533,37.2884708333,127.1068896667,-67.428,-56.866,0.0,0.0,0.0,1,9,2.0,0,NONE
2534,37.28847,127.1068925,-67.177,-56.959,0.0,0.0,0.0,1,9,2.0,0,NONE
2535,37.288469,127.1068953333,-66.926,-57.07,0.0,0.0,0.0,1,9,2.0,0,NONE
2536,37.288468,127.106898,-66.69,-57.181,0.0,0.0,0.0,1,9,2.0,0,NONE
2537,37.288467,127.1069005,-66.468,-57.293,0.0,0.0,0.0,1,9,2.0,0,NONE
2538,37.2884658333,127.1069033333,-66.217,-57.423,0.0,0.0,0.0,1,9,2.0,0,NONE
2539,37.2884651667,127.1069061667,-65.966,-57.497,0.0,0.0,0.0,1,9,2.0,0,NONE
2540,37.2884643333,127.106909,-65.715,-57.59,0.0,0.0,0.0,1,9,2.0,0,NONE
2541,37.2884635,127.1069116667,-65.479,-57.682,0.0,0.0,0.0,1,9,2.0,0,NONE
2542,37.2884623333,127.1069143333,-65.243,-57.812,0.0,0.0,0.0,1,9,2.0,0,NONE
2543,37.2884615,127.1069171667,-64.992,-57.905,0.0,0.0,0.0,1,9,2.0,0,NONE
2544,37.2884605,127.1069195,-64.785,-58.016,0.0,0.0,0.0,1,9,2.0,0,NONE
2545,37.2884596667,127.1069223333,-64.534,-58.109,0.0,0.0,0.0,1,9,2.0,0,NONE
2546,37.2884588333,127.106925,-64.298,-58.202,0.0,0.0,0.0,1,9,2.0,0,NONE
2547,37.2884575,127.1069275,-64.077,-58.35,0.0,0.0,0.0,1,9,2.0,0,NONE
2548,37.2884565,127.1069301667,-63.841,-58.462,0.0,0.0,0.0,1,9,2.0,0,NONE
2549,37.2884553333,127.1069326667,-63.619,-58.591,0.0,0.0,0.0,1,9,2.0,0,NONE
2550,37.2884543333,127.1069355,-63.368,-58.703,0.0,0.0,0.0,1,9,2.0,0,NONE
2551,37.2884535,127.1069385,-63.103,-58.796,0.0,0.0,0.0,1,9,2.0,0,NONE
2552,37.2884525,127.1069413333,-62.852,-58.907,0.0,0.0,0.0,1,9,2.0,0,NONE
2553,37.2884516667,127.106944,-62.616,-59.0,0.0,0.0,0.0,1,9,2.0,0,NONE
2554,37.288451,127.1069455,-62.483,-59.074,0.0,0.0,0.0,1,9,2.0,0,NONE
2555,37.28845,127.1069483333,-62.232,-59.185,0.0,0.0,0.0,1,9,2.0,0,NONE
2556,37.2884493333,127.1069511667,-61.981,-59.259,0.0,0.0,0.0,1,9,2.0,0,NONE
2557,37.2884485,127.1069541667,-61.715,-59.352,0.0,0.0,0.0,1,9,2.0,0,NONE
2558,37.2884478333,127.1069568333,-61.479,-59.426,0.0,0.0,0.0,1,9,2.0,0,NONE
2559,37.2884466667,127.1069595,-61.243,-59.556,0.0,0.0,0.0,1,9,2.0,0,NONE
2560,37.2884463333,127.1069611667,-61.095,-59.593,0.0,0.0,0.0,1,9,2.0,0,NONE
2561,37.2884455,127.106964,-60.844,-59.686,0.0,0.0,0.0,1,9,2.0,0,NONE
2562,37.2884446667,127.1069666667,-60.608,-59.779,0.0,0.0,0.0,1,9,2.0,0,NONE
2563,37.288444,127.1069693333,-60.372,-59.853,0.0,0.0,0.0,1,9,2.0,0,NONE
2564,37.2884431667,127.1069718333,-60.15,-59.946,0.0,0.0,0.0,1,9,2.0,0,NONE
2565,37.2884421667,127.1069746667,-59.9,-60.057,0.0,0.0,0.0,1,9,2.0,0,NONE
2566,37.2884415,127.1069761667,-59.767,-60.131,0.0,0.0,0.0,1,9,2.0,0,NONE
2567,37.2884405,127.1069788333,-59.53,-60.243,0.0,0.0,0.0,1,9,2.0,0,NONE
2568,37.2884396667,127.1069818333,-59.265,-60.335,0.0,0.0,0.0,1,9,2.0,0,NONE
2569,37.288439,127.1069846667,-59.014,-60.41,0.0,0.0,0.0,1,9,2.0,0,NONE
2570,37.288438,127.1069875,-58.763,-60.521,0.0,0.0,0.0,1,9,2.0,0,NONE
2571,37.288437,127.1069903333,-58.512,-60.632,0.0,0.0,0.0,1,9,2.0,0,NONE
2572,37.2884363333,127.1069918333,-58.379,-60.707,0.0,0.0,0.0,1,9,2.0,0,NONE
2573,37.2884355,127.1069945,-58.143,-60.799,0.0,0.0,0.0,1,9,2.0,0,NONE
2574,37.2884346667,127.1069973333,-57.892,-60.892,0.0,0.0,0.0,1,9,2.0,0,NONE
2575,37.2884338333,127.1070001667,-57.641,-60.985,0.0,0.0,0.0,1,9,2.0,0,NONE
2576,37.288433,127.1070028333,-57.405,-61.078,0.0,0.0,0.0,1,9,2.0,0,NONE
2577,37.288432,127.1070053333,-57.184,-61.189,0.0,0.0,0.0,1,9,2.0,0,NONE
2578,37.2884308333,127.1070081667,-56.933,-61.319,0.0,0.0,0.0,1,9,2.0,0,NONE
2579,37.28843,127.1070108333,-56.696,-61.412,0.0,0.0,0.0,1,9,2.0,0,NONE
2580,37.2884293333,127.1070138333,-56.431,-61.486,0.0,0.0,0.0,1,9,2.0,0,NONE
2581,37.2884285,127.1070163333,-56.209,-61.579,0.0,0.0,0.0,1,9,2.0,0,NONE
2582,37.2884275,127.1070191667,-55.958,-61.69,0.0,0.0,0.0,1,9,2.0,0,NONE
2583,37.2884263333,127.107022,-55.707,-61.82,0.0,0.0,0.0,1,9,2.0,0,NONE
2584,37.2884255,127.1070248333,-55.457,-61.912,0.0,0.0,0.0,1,9,2.0,0,NONE
2585,37.2884248333,127.1070276667,-55.206,-61.987,0.0,0.0,0.0,1,9,2.0,0,NONE
2586,37.288424,127.1070303333,-54.969,-62.079,0.0,0.0,0.0,1,9,2.0,0,NONE
2587,37.2884233333,127.107033,-54.733,-62.154,0.0,0.0,0.0,1,9,2.0,0,NONE
2588,37.2884223333,127.1070358333,-54.482,-62.265,0.0,0.0,0.0,1,9,2.0,0,NONE
2589,37.2884215,127.1070386667,-54.231,-62.358,0.0,0.0,0.0,1,9,2.0,0,NONE
2590,37.2884208333,127.1070413333,-53.995,-62.432,0.0,0.0,0.0,1,9,2.0,0,NONE
2591,37.2884203333,127.107044,-53.759,-62.488,0.0,0.0,0.0,1,9,2.0,0,NONE
2592,37.2884196667,127.1070466667,-53.523,-62.562,0.0,0.0,0.0,1,9,2.0,0,NONE
2593,37.2884188333,127.1070493333,-53.287,-62.655,0.0,0.0,0.0,1,9,2.0,0,NONE
2594,37.2884181667,127.1070508333,-53.154,-62.729,0.0,0.0,0.0,1,9,2.0,0,NONE
2595,37.2884173333,127.1070536667,-52.903,-62.822,0.0,0.0,0.0,1,9,2.0,0,NONE
2596,37.2884166667,127.1070563333,-52.667,-62.896,0.0,0.0,0.0,1,9,2.0,0,NONE
2597,37.288416,127.1070591667,-52.416,-62.97,0.0,0.0,0.0,1,9,2.0,0,NONE
2598,37.2884151667,127.1070618333,-52.18,-63.063,0.0,0.0,0.0,1,9,2.0,0,NONE
2599,37.2884143333,127.1070645,-51.943,-63.156,0.0,0.0,0.0,1,9,2.0,0,NONE
2600,37.2884135,127.1070671667,-51.707,-63.248,0.0,0.0,0.0,1,9,2.0,0,NONE
2601,37.2884125,127.10707,-51.456,-63.36,0.0,0.0,0.0,1,9,2.0,0,NONE
2602,37.288412,127.1070726667,-51.22,-63.415,0.0,0.0,0.0,1,9,2.0,0,NONE
2603,37.2884113333,127.1070751667,-50.999,-63.49,0.0,0.0,0.0,1,9,2.0,0,NONE
2604,37.2884103333,127.1070778333,-50.763,-63.601,0.0,0.0,0.0,1,9,2.0,0,NONE
2605,37.2884096667,127.1070793333,-50.63,-63.675,0.0,0.0,0.0,1,9,2.0,0,NONE
2606,37.2884086667,127.1070818333,-50.408,-63.786,0.0,0.0,0.0,1,9,2.0,0,NONE
2607,37.2884078333,127.1070845,-50.172,-63.879,0.0,0.0,0.0,1,9,2.0,0,NONE
2608,37.288407,127.1070873333,-49.921,-63.972,0.0,0.0,0.0,1,9,2.0,0,NONE
2609,37.2884061667,127.10709,-49.685,-64.065,0.0,0.0,0.0,1,9,2.0,0,NONE
2610,37.2884053333,127.1070926667,-49.449,-64.157,0.0,0.0,0.0,1,9,2.0,0,NONE
2611,37.2884043333,127.1070953333,-49.213,-64.269,0.0,0.0,0.0,1,9,2.0,0,NONE
2612,37.2884033333,127.107098,-48.976,-64.38,0.0,0.0,0.0,1,9,2.0,0,NONE
2613,37.2884023333,127.1071008333,-48.726,-64.491,0.0,0.0,0.0,1,9,2.0,0,NONE
2614,37.2884015,127.1071035,-48.489,-64.584,0.0,0.0,0.0,1,9,2.0,0,NONE
2615,37.2884006667,127.107106,-48.268,-64.677,0.0,0.0,0.0,1,9,2.0,0,NONE
2616,37.2883996667,127.1071088333,-48.017,-64.788,0.0,0.0,0.0,1,9,2.0,0,NONE
2617,37.2883986667,127.1071113333,-47.796,-64.9,0.0,0.0,0.0,1,9,2.0,0,NONE
2618,37.2883978333,127.1071141667,-47.545,-64.992,0.0,0.0,0.0,1,9,2.0,0,NONE
2619,37.2883971667,127.107117,-47.294,-65.067,0.0,0.0,0.0,1,9,2.0,0,NONE
2620,37.2883963333,127.1071195,-47.072,-65.159,0.0,0.0,0.0,1,9,2.0,0,NONE
2621,37.2883953333,127.1071223333,-46.821,-65.271,0.0,0.0,0.0,1,9,2.0,0,NONE
2622,37.2883945,127.107125,-46.585,-65.363,0.0,0.0,0.0,1,9,2.0,0,NONE
2623,37.2883935,127.1071278333,-46.334,-65.475,0.0,0.0,0.0,1,9,2.0,0,NONE
2624,37.288393,127.1071306667,-46.083,-65.53,0.0,0.0,0.0,1,9,2.0,0,NONE
2625,37.2883921667,127.1071331667,-45.862,-65.623,0.0,0.0,0.0,1,9,2.0,0,NONE
2626,37.2883913333,127.107136,-45.611,-65.716,0.0,0.0,0.0,1,9,2.0,0,NONE
2627,37.2883901667,127.1071386667,-45.375,-65.846,0.0,0.0,0.0,1,9,2.0,0,NONE
2628,37.2883893333,127.1071413333,-45.139,-65.939,0.0,0.0,0.0,1,9,2.0,0,NONE
2629,37.2883883333,127.1071443333,-44.873,-66.05,0.0,0.0,0.0,1,9,2.0,0,NONE
2630,37.2883875,127.107147,-44.637,-66.143,0.0,0.0,0.0,1,9,2.0,0,NONE
2631,37.2883865,127.1071498333,-44.386,-66.254,0.0,0.0,0.0,1,9,2.0,0,NONE
2632,37.2883856667,127.1071523333,-44.164,-66.347,0.0,0.0,0.0,1,9,2.0,0,NONE
2633,37.288385,127.1071538333,-44.032,-66.421,0.0,0.0,0.0,1,9,2.0,0,NONE
2634,37.2883841667,127.1071565,-43.795,-66.514,0.0,0.0,0.0,1,9,2.0,0,NONE
2635,37.2883835,127.1071593333,-43.544,-66.588,0.0,0.0,0.0,1,9,2.0,0,NONE
2636,37.2883825,127.107162,-43.308,-66.699,0.0,0.0,0.0,1,9,2.0,0,NONE
2637,37.2883815,127.1071645,-43.087,-66.811,0.0,0.0,0.0,1,9,2.0,0,NONE
2638,37.2883805,127.1071673333,-42.836,-66.922,0.0,0.0,0.0,1,9,2.0,0,NONE
2639,37.2883795,127.1071698333,-42.615,-67.033,0.0,0.0,0.0,1,9,2.0,0,NONE
2640,37.2883785,127.1071726667,-42.364,-67.145,0.0,0.0,0.0,1,9,2.0,0,NONE
2641,37.2883776667,127.1071753333,-42.127,-67.237,0.0,0.0,0.0,1,9,2.0,0,NONE
2642,37.2883768333,127.107178,-41.891,-67.33,0.0,0.0,0.0,1,9,2.0,0,NONE
2643,37.2883756667,127.1071805,-41.67,-67.46,0.0,0.0,0.0,1,9,2.0,0,NONE
2644,37.2883748333,127.107183,-41.448,-67.553,0.0,0.0,0.0,1,9,2.0,0,NONE
2645,37.2883741667,127.1071858333,-41.198,-67.627,0.0,0.0,0.0,1,9,2.0,0,NONE
2646,37.2883735,127.1071886667,-40.947,-67.701,0.0,0.0,0.0,1,9,2.0,0,NONE
2647,37.2883726667,127.1071911667,-40.725,-67.794,0.0,0.0,0.0,1,9,2.0,0,NONE
2648,37.2883718333,127.1071936667,-40.504,-67.887,0.0,0.0,0.0,1,9,2.0,0,NONE
2649,37.288371,127.1071965,-40.253,-67.979,0.0,0.0,0.0,1,9,2.0,0,NONE
2650,37.2883703333,127.1071988333,-40.046,-68.054,0.0,0.0,0.0,1,9,2.0,0,NONE
2651,37.2883695,127.1072013333,-39.825,-68.146,0.0,0.0,0.0,1,9,2.0,0,NONE
2652,37.2883688333,127.107204,-39.589,-68.221,0.0,0.0,0.0,1,9,2.0,0,NONE
2653,37.2883678333,127.1072065,-39.367,-68.332,0.0,0.0,0.0,1,9,2.0,0,NONE
2654,37.288367,127.1072093333,-39.116,-68.425,0.0,0.0,0.0,1,9,2.0,0,NONE
2655,37.2883658333,127.1072118333,-38.895,-68.555,0.0,0.0,0.0,1,9,2.0,0,NONE
2656,37.2883651667,127.1072145,-38.659,-68.629,0.0,0.0,0.0,1,9,2.0,0,NONE
2657,37.2883645,127.1072171667,-38.422,-68.703,0.0,0.0,0.0,1,9,2.0,0,NONE
2658,37.2883635,127.1072198333,-38.186,-68.814,0.0,0.0,0.0,1,9,2.0,0,NONE
2659,37.2883623333,127.1072223333,-37.965,-68.944,0.0,0.0,0.0,1,9,2.0,0,NONE
2660,37.2883613333,127.1072246667,-37.758,-69.056,0.0,0.0,0.0,1,9,2.0,0,NONE
2661,37.2883603333,127.107227,-37.552,-69.167,0.0,0.0,0.0,1,9,2.0,0,NONE
2662,37.2883595,127.1072295,-37.33,-69.26,0.0,0.0,0.0,1,9,2.0,0,NONE
2663,37.2883588333,127.1072321667,-37.094,-69.334,0.0,0.0,0.0,1,9,2.0,0,NONE
2664,37.2883581667,127.1072343333,-36.902,-69.408,0.0,0.0,0.0,1,9,2.0,0,NONE
2665,37.2883575,127.107237,-36.666,-69.482,0.0,0.0,0.0,1,9,2.0,0,NONE
2666,37.2883565,127.1072395,-36.445,-69.594,0.0,0.0,0.0,1,9,2.0,0,NONE
2667,37.288356,127.107242,-36.223,-69.649,0.0,0.0,0.0,1,9,2.0,0,NONE
2668,37.2883556667,127.1072446667,-35.987,-69.686,0.0,0.0,0.0,1,9,2.0,0,NONE
2669,37.288355,127.1072473333,-35.751,-69.761,0.0,0.0,0.0,1,9,2.0,0,NONE
2670,37.2883543333,127.1072496667,-35.544,-69.835,0.0,0.0,0.0,1,9,2.0,0,NONE
2671,37.2883536667,127.1072521667,-35.323,-69.909,0.0,0.0,0.0,1,9,2.0,0,NONE
2672,37.288353,127.1072546667,-35.101,-69.983,0.0,0.0,0.0,1,9,2.0,0,NONE
2673,37.2883521667,127.107257,-34.895,-70.076,0.0,0.0,0.0,1,9,2.0,0,NONE
2674,37.288352,127.1072593333,-34.688,-70.094,0.0,0.0,0.0,1,9,2.0,0,NONE
2675,37.2883513333,127.1072615,-34.496,-70.169,0.0,0.0,0.0,1,9,2.0,0,NONE
2676,37.2883508333,127.1072631667,-34.348,-70.224,0.0,0.0,0.0,1,9,2.0,0,NONE
2677,37.28835,127.1072653333,-34.157,-70.317,0.0,0.0,0.0,1,9,2.0,0,NONE
2678,37.2883493333,127.1072671667,-33.994,-70.391,0.0,0.0,0.0,1,9,2.0,0,NONE
2679,37.2883488333,127.107269,-33.832,-70.447,0.0,0.0,0.0,1,9,2.0,0,NONE
2680,37.2883483333,127.1072711667,-33.64,-70.503,0.0,0.0,0.0,1,9,2.0,0,NONE
2681,37.2883475,127.1072735,-33.433,-70.595,0.0,0.0,0.0,1,9,2.0,0,NONE
2682,37.2883465,127.1072756667,-33.241,-70.707,0.0,0.0,0.0,1,9,2.0,0,NONE
2683,37.2883458333,127.1072773333,-33.094,-70.781,0.0,0.0,0.0,1,9,2.0,0,NONE
2684,37.2883455,127.1072785,-32.99,-70.818,0.0,0.0,0.0,1,10,2.0,0,NONE
2685,37.2883455,127.1072805,-32.813,-70.818,0.0,0.0,0.0,1,10,2.0,0,NONE
2686,37.2883446667,127.1072818333,-32.695,-70.911,0.0,0.0,0.0,1,10,2.0,0,NONE
2687,37.2883436667,127.1072838333,-32.518,-71.022,0.0,0.0,0.0,1,10,2.0,0,NONE
2688,37.288343,127.1072861667,-32.311,-71.096,0.0,0.0,0.0,1,10,2.0,0,NONE
2689,37.2883426667,127.1072885,-32.105,-71.133,0.0,0.0,0.0,1,10,2.0,0,NONE
2690,37.288342,127.1072908333,-31.898,-71.208,0.0,0.0,0.0,1,10,2.0,0,NONE
2691,37.2883415,127.107293,-31.706,-71.263,0.0,0.0,0.0,1,10,2.0,0,NONE
2692,37.288341,127.1072955,-31.485,-71.319,0.0,0.0,0.0,1,10,2.0,0,NONE
2693,37.2883405,127.107298,-31.263,-71.375,0.0,0.0,0.0,1,10,2.0,0,NONE
2694,37.2883403333,127.1073003333,-31.057,-71.393,0.0,0.0,0.0,1,10,2.0,0,NONE
2695,37.2883403333,127.1073031667,-30.806,-71.393,0.0,0.0,0.0,1,10,2.0,0,NONE
2696,37.2883401667,127.1073058333,-30.57,-71.412,0.0,0.0,0.0,1,10,2.0,0,NONE
2697,37.2883401667,127.1073085,-30.334,-71.412,0.0,0.0,0.0,1,10,2.0,0,NONE
2698,37.2883401667,127.1073113333,-30.083,-71.412,0.0,0.0,0.0,1,10,2.0,0,NONE
2699,37.2883403333,127.107314,-29.846,-71.393,0.0,0.0,0.0,1,10,2.0,0,NONE
2700,37.2883406667,127.1073166667,-29.61,-71.356,0.0,0.0,0.0,1,10,2.0,0,NONE
2701,37.2883411667,127.1073193333,-29.374,-71.3,0.0,0.0,0.0,1,10,2.0,0,NONE
2702,37.2883413333,127.107322,-29.138,-71.282,0.0,0.0,0.0,1,10,2.0,0,NONE
2703,37.2883416667,127.1073246667,-28.902,-71.245,0.0,0.0,0.0,1,10,2.0,0,NONE
2704,37.288342,127.1073273333,-28.666,-71.208,0.0,0.0,0.0,1,10,2.0,0,NONE
2705,37.2883425,127.10733,-28.429,-71.152,0.0,0.0,0.0,1,10,2.0,0,NONE
2706,37.2883433333,127.1073326667,-28.193,-71.059,0.0,0.0,0.0,1,10,2.0,0,NONE
2707,37.288344,127.1073353333,-27.957,-70.985,0.0,0.0,0.0,1,10,2.0,0,NONE
2708,37.2883446667,127.1073378333,-27.736,-70.911,0.0,0.0,0.0,1,10,2.0,0,NONE
2709,37.2883455,127.1073403333,-27.514,-70.818,0.0,0.0,0.0,1,10,2.0,0,NONE
2710,37.2883461667,127.107343,-27.278,-70.744,0.0,0.0,0.0,1,10,2.0,0,NONE
2711,37.2883471667,127.1073455,-27.057,-70.633,0.0,0.0,0.0,1,10,2.0,0,NONE
2712,37.2883483333,127.1073478333,-26.85,-70.503,0.0,0.0,0.0,1,10,2.0,0,NONE
2713,37.2883493333,127.1073501667,-26.643,-70.391,0.0,0.0,0.0,1,10,2.0,0,NONE
2714,37.2883501667,127.1073526667,-26.422,-70.299,0.0,0.0,0.0,1,10,2.0,0,NONE
2715,37.2883511667,127.1073551667,-26.201,-70.187,0.0,0.0,0.0,1,10,2.0,0,NONE
2716,37.2883523333,127.1073573333,-26.009,-70.057,0.0,0.0,0.0,1,10,2.0,0,NONE
2717,37.2883536667,127.1073596667,-25.802,-69.909,0.0,0.0,0.0,1,10,2.0,0,NONE
2718,37.288355,127.1073616667,-25.625,-69.761,0.0,0.0,0.0,1,10,2.0,0,NONE
2719,37.2883561667,127.1073638333,-25.433,-69.631,0.0,0.0,0.0,1,10,2.0,0,NONE
2720,37.2883576667,127.107366,-25.241,-69.464,0.0,0.0,0.0,1,10,2.0,0,NONE
2721,37.288359,127.1073683333,-25.034,-69.315,0.0,0.0,0.0,1,10,2.0,0,NONE
2722,37.2883605,127.1073703333,-24.857,-69.148,0.0,0.0,0.0,1,10,2.0,0,NONE
2723,37.2883621667,127.1073721667,-24.695,-68.963,0.0,0.0,0.0,1,10,2.0,0,NONE
2724,37.2883636667,127.1073741667,-24.518,-68.796,0.0,0.0,0.0,1,10,2.0,0,NONE
2725,37.288365,127.107376,-24.355,-68.647,0.0,0.0,0.0,1,10,2.0,0,NONE
2726,37.2883665,127.107378,-24.178,-68.48,0.0,0.0,0.0,1,10,2.0,0,NONE
2727,37.2883681667,127.10738,-24.001,-68.295,0.0,0.0,0.0,1,10,2.0,0,NONE
2728,37.2883698333,127.1073816667,-23.854,-68.109,0.0,0.0,0.0,1,10,2.0,0,NONE
2729,37.2883716667,127.1073833333,-23.706,-67.905,0.0,0.0,0.0,1,10,2.0,0,NONE
2730,37.2883733333,127.1073851667,-23.544,-67.72,0.0,0.0,0.0,1,10,2.0,0,NONE
2731,37.288375,127.107387,-23.381,-67.534,0.0,0.0,0.0,1,10,2.0,0,NONE
2732,37.2883766667,127.1073888333,-23.219,-67.349,0.0,0.0,0.0,1,10,2.0,0,NONE
2733,37.2883785,127.1073903333,-23.086,-67.145,0.0,0.0,0.0,1,10,2.0,0,NONE
2734,37.2883805,127.1073918333,-22.953,-66.922,0.0,0.0,0.0,1,10,2.0,0,NONE
2735,37.2883823333,127.1073933333,-22.82,-66.718,0.0,0.0,0.0,1,10,2.0,0,NONE
2736,37.2883841667,127.107395,-22.673,-66.514,0.0,0.0,0.0,1,10,2.0,0,NONE
2737,37.2883861667,127.1073966667,-22.525,-66.291,0.0,0.0,0.0,1,10,2.0,0,NONE
2738,37.288388,127.1073981667,-22.392,-66.087,0.0,0.0,0.0,1,10,2.0,0,NONE
2739,37.2883901667,127.1073995,-22.274,-65.846,0.0,0.0,0.0,1,10,2.0,0,NONE
2740,37.2883921667,127.1074006667,-22.171,-65.623,0.0,0.0,0.0,1,10,2.0,0,NONE
2741,37.2883941667,127.107402,-22.053,-65.4,0.0,0.0,0.0,1,10,2.0,0,NONE
2742,37.2883961667,127.1074033333,-21.935,-65.178,0.0,0.0,0.0,1,10,2.0,0,NONE
2743,37.2883981667,127.1074048333,-21.802,-64.955,0.0,0.0,0.0,1,10,2.0,0,NONE
2744,37.2884001667,127.107406,-21.698,-64.733,0.0,0.0,0.0,1,10,2.0,0,NONE
2745,37.2884023333,127.1074071667,-21.595,-64.491,0.0,0.0,0.0,1,10,2.0,0,NONE
2746,37.2884045,127.1074083333,-21.492,-64.25,0.0,0.0,0.0,1,10,2.0,0,NONE
2747,37.2884063333,127.1074096667,-21.374,-64.046,0.0,0.0,0.0,1,10,2.0,0,NONE
2748,37.2884083333,127.1074111667,-21.241,-63.823,0.0,0.0,0.0,1,10,2.0,0,NONE
2749,37.2884103333,127.1074125,-21.123,-63.601,0.0,0.0,0.0,1,10,2.0,0,NONE
2750,37.2884123333,127.1074138333,-21.005,-63.378,0.0,0.0,0.0,1,10,2.0,0,NONE
2751,37.2884143333,127.1074148333,-20.916,-63.156,0.0,0.0,0.0,1,10,2.0,0,NONE
2752,37.2884165,127.1074161667,-20.798,-62.914,0.0,0.0,0.0,1,10,2.0,0,NONE
2753,37.2884183333,127.1074173333,-20.695,-62.71,0.0,0.0,0.0,1,10,2.0,0,NONE
2754,37.2884206667,127.1074186667,-20.577,-62.451,0.0,0.0,0.0,1,10,2.0,0,NONE
2755,37.2884226667,127.10742,-20.459,-62.228,0.0,0.0,0.0,1,10,2.0,0,NONE
2756,37.2884248333,127.107421,-20.37,-61.987,0.0,0.0,0.0,1,10,2.0,0,NONE
2757,37.2884268333,127.107422,-20.281,-61.764,0.0,0.0,0.0,1,10,2.0,0,NONE
2758,37.2884288333,127.1074231667,-20.178,-61.541,0.0,0.0,0.0,1,10,2.0,0,NONE
2759,37.2884306667,127.1074245,-20.06,-61.337,0.0,0.0,0.0,1,10,2.0,0,NONE
2760,37.2884326667,127.1074258333,-19.942,-61.115,0.0,0.0,0.0,1,10,2.0,0,NONE
2761,37.2884346667,127.1074268333,-19.853,-60.892,0.0,0.0,0.0,1,10,2.0,0,NONE
2762,37.2884368333,127.1074278333,-19.765,-60.651,0.0,0.0,0.0,1,10,2.0,0,NONE
2763,37.2884388333,127.107429,-19.661,-60.428,0.0,0.0,0.0,1,10,2.0,0,NONE
2764,37.2884408333,127.1074301667,-19.558,-60.206,0.0,0.0,0.0,1,10,2.0,0,NONE
2765,37.2884428333,127.1074315,-19.44,-59.983,0.0,0.0,0.0,1,10,2.0,0,NONE
2766,37.2884448333,127.1074326667,-19.337,-59.76,0.0,0.0,0.0,1,10,2.0,0,NONE
2767,37.2884468333,127.1074336667,-19.248,-59.538,0.0,0.0,0.0,1,10,2.0,0,NONE
2768,37.288449,127.1074346667,-19.16,-59.296,0.0,0.0,0.0,1,10,2.0,0,NONE
2769,37.288451,127.1074356667,-19.071,-59.074,0.0,0.0,0.0,1,10,2.0,0,NONE
2770,37.2884531667,127.1074368333,-18.968,-58.833,0.0,0.0,0.0,1,10,2.0,0,NONE
2771,37.2884551667,127.1074378333,-18.879,-58.61,0.0,0.0,0.0,1,10,2.0,0,NONE
2772,37.2884573333,127.1074388333,-18.791,-58.369,0.0,0.0,0.0,1,10,2.0,0,NONE
2773,37.2884595,127.1074395,-18.732,-58.128,0.0,0.0,0.0,1,10,2.0,0,NONE
2774,37.2884616667,127.1074405,-18.643,-57.886,0.0,0.0,0.0,1,10,2.0,0,NONE
2775,37.2884636667,127.1074416667,-18.54,-57.664,0.0,0.0,0.0,1,10,2.0,0,NONE
2776,37.2884656667,127.1074428333,-18.436,-57.441,0.0,0.0,0.0,1,10,2.0,0,NONE
2777,37.2884676667,127.107444,-18.333,-57.218,0.0,0.0,0.0,1,10,2.0,0,NONE
2778,37.2884698333,127.107445,-18.244,-56.977,0.0,0.0,0.0,1,10,2.0,0,NONE
2779,37.288472,127.1074458333,-18.171,-56.736,0.0,0.0,0.0,1,10,2.0,0,NONE
2780,37.2884738333,127.1074466667,-18.097,-56.532,0.0,0.0,0.0,1,10,2.0,0,NONE
2781,37.2884758333,127.107448,-17.979,-56.309,0.0,0.0,0.0,1,10,2.0,0,NONE
2782,37.2884778333,127.107449,-17.89,-56.087,0.0,0.0,0.0,1,10,2.0,0,NONE
2783,37.2884796667,127.10745,-17.802,-55.883,0.0,0.0,0.0,1,10,2.0,0,NONE
2784,37.288482,127.1074508333,-17.728,-55.623,0.0,0.0,0.0,1,10,2.0,0,NONE
2785,37.2884838333,127.1074516667,-17.654,-55.419,0.0,0.0,0.0,1,10,2.0,0,NONE
2786,37.2884856667,127.1074526667,-17.565,-55.215,0.0,0.0,0.0,1,10,2.0,0,NONE
2787,37.2884876667,127.1074538333,-17.462,-54.992,0.0,0.0,0.0,1,10,2.0,0,NONE
2788,37.2884895,127.1074548333,-17.374,-54.788,0.0,0.0,0.0,1,10,2.0,0,NONE
2789,37.2884916667,127.1074556667,-17.3,-54.547,0.0,0.0,0.0,1,10,2.0,0,NONE
2790,37.2884936667,127.1074565,-17.226,-54.324,0.0,0.0,0.0,1,10,2.0,0,NONE
2791,37.2884955,127.1074571667,-17.167,-54.12,0.0,0.0,0.0,1,10,2.0,0,NONE
2792,37.2884975,127.1074583333,-17.064,-53.897,0.0,0.0,0.0,1,10,2.0,0,NONE
2793,37.2884995,127.1074595,-16.96,-53.675,0.0,0.0,0.0,1,10,2.0,0,NONE
2794,37.2885013333,127.1074605,-16.872,-53.471,0.0,0.0,0.0,1,10,2.0,0,NONE
2795,37.2885033333,127.1074615,-16.783,-53.248,0.0,0.0,0.0,1,10,2.0,0,NONE
2796,37.2885055,127.1074621667,-16.724,-53.007,0.0,0.0,0.0,1,10,2.0,0,NONE
2797,37.2885073333,127.1074631667,-16.635,-52.803,0.0,0.0,0.0,1,10,2.0,0,NONE
2798,37.2885095,127.1074643333,-16.532,-52.562,0.0,0.0,0.0,1,10,2.0,0,NONE
2799,37.2885116667,127.1074653333,-16.444,-52.32,0.0,0.0,0.0,1,10,2.0,0,NONE
2800,37.2885138333,127.107466,-16.385,-52.079,0.0,0.0,0.0,1,10,2.0,0,NONE
2801,37.2885161667,127.1074666667,-16.325,-51.819,0.0,0.0,0.0,1,10,2.0,0,NONE
2802,37.2885181667,127.1074675,-16.252,-51.597,0.0,0.0,0.0,1,10,2.0,0,NONE
2803,37.2885203333,127.1074685,-16.163,-51.356,0.0,0.0,0.0,1,10,2.0,0,NONE
2804,37.2885223333,127.1074696667,-16.06,-51.133,0.0,0.0,0.0,1,10,2.0,0,NONE
2805,37.2885243333,127.1074705,-15.986,-50.91,0.0,0.0,0.0,1,10,2.0,0,NONE
2806,37.2885265,127.1074711667,-15.927,-50.669,0.0,0.0,0.0,1,10,2.0,0,NONE
2807,37.2885285,127.1074718333,-15.868,-50.447,0.0,0.0,0.0,1,10,2.0,0,NONE
2808,37.2885305,127.1074728333,-15.779,-50.224,0.0,0.0,0.0,1,10,2.0,0,NONE
2809,37.2885323333,127.1074738333,-15.691,-50.02,0.0,0.0,0.0,1,10,2.0,0,NONE
2810,37.2885343333,127.1074748333,-15.602,-49.797,0.0,0.0,0.0,1,10,2.0,0,NONE
2811,37.2885361667,127.1074756667,-15.528,-49.593,0.0,0.0,0.0,1,10,2.0,0,NONE
2812,37.2885383333,127.1074765,-15.455,-49.352,0.0,0.0,0.0,1,10,2.0,0,NONE
2813,37.2885405,127.1074773333,-15.381,-49.111,0.0,0.0,0.0,1,10,2.0,0,NONE
2814,37.2885423333,127.1074781667,-15.307,-48.907,0.0,0.0,0.0,1,10,2.0,0,NONE
2815,37.2885445,127.1074793333,-15.204,-48.665,0.0,0.0,0.0,1,10,2.0,0,NONE
2816,37.2885463333,127.1074801667,-15.13,-48.461,0.0,0.0,0.0,1,10,2.0,0,NONE
2817,37.2885483333,127.1074811667,-15.041,-48.239,0.0,0.0,0.0,1,10,2.0,0,NONE
2818,37.2885505,127.107482,-14.967,-47.997,0.0,0.0,0.0,1,10,2.0,0,NONE
2819,37.2885525,127.1074828333,-14.894,-47.775,0.0,0.0,0.0,1,10,2.0,0,NONE
2820,37.2885543333,127.107484,-14.79,-47.571,0.0,0.0,0.0,1,10,2.0,0,NONE
2821,37.2885565,127.1074851667,-14.687,-47.33,0.0,0.0,0.0,1,10,2.0,0,NONE
2822,37.2885581667,127.1074863333,-14.584,-47.144,0.0,0.0,0.0,1,10,2.0,0,NONE
2823,37.2885601667,127.1074875,-14.48,-46.921,0.0,0.0,0.0,1,10,2.0,0,NONE
2824,37.2885621667,127.1074883333,-14.407,-46.699,0.0,0.0,0.0,1,10,2.0,0,NONE
2825,37.2885638333,127.1074895,-14.303,-46.513,0.0,0.0,0.0,1,10,2.0,0,NONE
2826,37.2885656667,127.1074906667,-14.2,-46.309,0.0,0.0,0.0,1,10,2.0,0,NONE
2827,37.2885675,127.1074916667,-14.111,-46.105,0.0,0.0,0.0,1,10,2.0,0,NONE
2828,37.2885693333,127.1074926667,-14.023,-45.901,0.0,0.0,0.0,1,10,2.0,0,NONE
2829,37.2885713333,127.1074935,-13.949,-45.678,0.0,0.0,0.0,1,10,2.0,0,NONE
2830,37.2885731667,127.107494,-13.905,-45.474,0.0,0.0,0.0,1,10,2.0,0,NONE
2831,37.2885748333,127.1074948333,-13.831,-45.289,0.0,0.0,0.0,1,10,2.0,0,NONE
2832,37.2885766667,127.1074956667,-13.757,-45.085,0.0,0.0,0.0,1,10,2.0,0,NONE
2833,37.2885785,127.1074965,-13.683,-44.881,0.0,0.0,0.0,1,10,2.0,0,NONE
2834,37.2885801667,127.107497,-13.639,-44.695,0.0,0.0,0.0,1,10,2.0,0,NONE
2835,37.288582,127.1074975,-13.595,-44.491,0.0,0.0,0.0,1,10,2.0,0,NONE
2836,37.2885836667,127.107498,-13.55,-44.305,0.0,0.0,0.0,1,10,2.0,0,NONE
2837,37.2885851667,127.1074985,-13.506,-44.138,0.0,0.0,0.0,1,10,2.0,0,NONE
2838,37.2885868333,127.1074993333,-13.432,-43.953,0.0,0.0,0.0,1,10,2.0,0,NONE
2839,37.2885883333,127.1075001667,-13.359,-43.786,0.0,0.0,0.0,1,10,2.0,0,NONE
2840,37.2885898333,127.1075005,-13.329,-43.619,0.0,0.0,0.0,1,10,2.0,0,NONE
2841,37.2885916667,127.1075008333,-13.3,-43.415,0.0,0.0,0.0,1,10,2.0,0,NONE
2842,37.2885935,127.107501,-13.285,-43.211,0.0,0.0,0.0,1,10,2.0,0,NONE
2843,37.2885951667,127.1075013333,-13.255,-43.025,0.0,0.0,0.0,1,10,2.0,0,NONE
2844,37.2885968333,127.107502,-13.196,-42.84,0.0,0.0,0.0,1,10,2.0,0,NONE
2845,37.2885985,127.1075026667,-13.137,-42.654,0.0,0.0,0.0,1,10,2.0,0,NONE
2846,37.2886001667,127.1075031667,-13.093,-42.469,0.0,0.0,0.0,1,10,2.0,0,NONE
2847,37.288602,127.1075036667,-13.049,-42.264,0.0,0.0,0.0,1,10,2.0,0,NONE
2848,37.2886038333,127.1075041667,-13.004,-42.06,0.0,0.0,0.0,1,10,2.0,0,NONE
2849,37.2886055,127.107505,-12.931,-41.875,0.0,0.0,0.0,1,10,2.0,0,NONE
2850,37.2886073333,127.107506,-12.842,-41.671,0.0,0.0,0.0,1,10,2.0,0,NONE
2851,37.2886091667,127.107507,-12.753,-41.467,0.0,0.0,0.0,1,10,2.0,0,NONE
2852,37.2886111667,127.1075076667,-12.694,-41.244,0.0,0.0,0.0,1,10,2.0,0,NONE
2853,37.2886131667,127.1075085,-12.621,-41.021,0.0,0.0,0.0,1,10,2.0,0,NONE
2854,37.288615,127.107509,-12.576,-40.817,0.0,0.0,0.0,1,10,2.0,0,NONE
2855,37.2886168333,127.1075096667,-12.517,-40.613,0.0,0.0,0.0,1,10,2.0,0,NONE
2856,37.2886188333,127.1075103333,-12.458,-40.391,0.0,0.0,0.0,1,10,2.0,0,NONE
2857,37.2886205,127.107511,-12.399,-40.205,0.0,0.0,0.0,1,10,2.0,0,NONE
2858,37.2886225,127.1075113333,-12.37,-39.982,0.0,0.0,0.0,1,10,2.0,0,NONE
2859,37.2886245,127.1075113333,-12.37,-39.76,0.0,0.0,0.0,1,10,2.0,0,NONE
2860,37.2886263333,127.1075116667,-12.34,-39.556,0.0,0.0,0.0,1,10,2.0,0,NONE
2861,37.2886281667,127.1075118333,-12.325,-39.352,0.0,0.0,0.0,1,10,2.0,0,NONE
2862,37.2886301667,127.107512,-12.311,-39.129,0.0,0.0,0.0,1,10,2.0,0,NONE
2863,37.288632,127.107512,-12.311,-38.925,0.0,0.0,0.0,1,10,2.0,0,NONE
2864,37.2886338333,127.1075118333,-12.325,-38.721,0.0,0.0,0.0,1,10,2.0,0,NONE
2865,37.2886356667,127.1075113333,-12.37,-38.517,0.0,0.0,0.0,1,10,2.0,0,NONE
2866,37.2886373333,127.1075106667,-12.429,-38.331,0.0,0.0,0.0,1,10,2.0,0,NONE
2867,37.2886393333,127.1075101667,-12.473,-38.109,0.0,0.0,0.0,1,10,2.0,0,NONE
2868,37.2886413333,127.1075095,-12.532,-37.886,0.0,0.0,0.0,1,10,2.0,0,NONE
2869,37.2886428333,127.1075086667,-12.606,-37.719,0.0,0.0,0.0,1,10,2.0,0,NONE
2870,37.2886446667,127.1075078333,-12.68,-37.515,0.0,0.0,0.0,1,10,2.0,0,NONE
2871,37.2886461667,127.1075066667,-12.783,-37.348,0.0,0.0,0.0,1,10,2.0,0,NONE
2872,37.2886476667,127.1075053333,-12.901,-37.181,0.0,0.0,0.0,1,10,2.0,0,NONE
2873,37.2886495,127.1075041667,-13.004,-36.977,0.0,0.0,0.0,1,10,2.0,0,NONE
2874,37.2886513333,127.1075028333,-13.122,-36.773,0.0,0.0,0.0,1,10,2.0,0,NONE
2875,37.288653,127.1075013333,-13.255,-36.587,0.0,0.0,0.0,1,10,2.0,0,NONE
2876,37.2886543333,127.1074995,-13.418,-36.439,0.0,0.0,0.0,1,10,2.0,0,NONE
2877,37.2886555,127.1074976667,-13.58,-36.309,0.0,0.0,0.0,1,10,2.0,0,NONE
2878,37.2886568333,127.1074958333,-13.742,-36.16,0.0,0.0,0.0,1,10,2.0,0,NONE
2879,37.2886585,127.1074941667,-13.89,-35.975,0.0,0.0,0.0,1,10,2.0,0,NONE
2880,37.28866,127.1074923333,-14.052,-35.808,0.0,0.0,0.0,1,10,2.0,0,NONE
2881,37.2886613333,127.1074903333,-14.229,-35.66,0.0,0.0,0.0,1,10,2.0,0,NONE
2882,37.2886625,127.1074883333,-14.407,-35.53,0.0,0.0,0.0,1,10,2.0,0,NONE
2883,37.2886635,127.1074861667,-14.598,-35.418,0.0,0.0,0.0,1,10,2.0,0,NONE
2884,37.2886646667,127.107484,-14.79,-35.288,0.0,0.0,0.0,1,10,2.0,0,NONE
2885,37.2886658333,127.1074818333,-14.982,-35.159,0.0,0.0,0.0,1,10,2.0,0,NONE
2886,37.288667,127.1074796667,-15.174,-35.029,0.0,0.0,0.0,1,10,2.0,0,NONE
2887,37.2886678333,127.1074773333,-15.381,-34.936,0.0,0.0,0.0,1,10,2.0,0,NONE
2888,37.2886685,127.107475,-15.587,-34.862,0.0,0.0,0.0,1,10,2.0,0,NONE
2889,37.2886693333,127.1074726667,-15.794,-34.769,0.0,0.0,0.0,1,10,2.0,0,NONE
2890,37.2886701667,127.1074703333,-16.001,-34.676,0.0,0.0,0.0,1,10,2.0,0,NONE
2891,37.288671,127.1074678333,-16.222,-34.583,0.0,0.0,0.0,1,10,2.0,0,NONE
2892,37.2886716667,127.1074655,-16.429,-34.509,0.0,0.0,0.0,1,10,2.0,0,NONE
2893,37.2886721667,127.1074631667,-16.635,-34.454,0.0,0.0,0.0,1,10,2.0,0,NONE
2894,37.2886726667,127.1074606667,-16.857,-34.398,0.0,0.0,0.0,1,10,2.0,0,NONE
2895,37.2886731667,127.1074583333,-17.064,-34.342,0.0,0.0,0.0,1,10,2.0,0,NONE
2896,37.288674,127.1074558333,-17.285,-34.249,0.0,0.0,0.0,1,10,2.0,0,NONE
2897,37.2886748333,127.1074535,-17.492,-34.157,0.0,0.0,0.0,1,10,2.0,0,NONE
2898,37.2886755,127.1074511667,-17.698,-34.082,0.0,0.0,0.0,1,10,2.0,0,NONE
2899,37.288676,127.1074488333,-17.905,-34.027,0.0,0.0,0.0,1,10,2.0,0,NONE
2900,37.2886765,127.1074466667,-18.097,-33.971,0.0,0.0,0.0,1,10,2.0,0,NONE
2901,37.2886771667,127.1074448333,-18.259,-33.897,0.0,0.0,0.0,1,10,2.0,0,NONE
2902,37.2886776667,127.107443,-18.422,-33.841,0.0,0.0,0.0,1,10,2.0,0,NONE
2903,37.2886773333,127.1074413333,-18.569,-33.878,0.0,0.0,0.0,1,10,2.0,0,NONE
2904,37.2886771667,127.1074395,-18.732,-33.897,0.0,0.0,0.0,1,10,2.0,0,NONE
2905,37.288678,127.1074375,-18.909,-33.804,0.0,0.0,0.0,1,10,2.0,0,NONE
2906,37.2886786667,127.1074356667,-19.071,-33.73,0.0,0.0,0.0,1,10,2.0,0,NONE
2907,37.2886788333,127.1074333333,-19.278,-33.711,0.0,0.0,0.0,1,10,2.0,0,NONE
2908,37.288679,127.1074315,-19.44,-33.693,0.0,0.0,0.0,1,10,2.0,0,NONE
2909,37.2886795,127.1074298333,-19.588,-33.637,0.0,0.0,0.0,1,10,2.0,0,NONE
2910,37.2886805,127.107428,-19.75,-33.526,0.0,0.0,0.0,1,10,2.0,0,NONE
2911,37.288681,127.1074261667,-19.912,-33.47,0.0,0.0,0.0,1,10,2.0,0,NONE
2912,37.2886813333,127.1074241667,-20.09,-33.433,0.0,0.0,0.0,1,10,2.0,0,NONE
2913,37.2886803333,127.107423,-20.193,-33.544,0.0,0.0,0.0,1,10,2.0,0,NONE
2914,37.2886801667,127.1074211667,-20.355,-33.563,0.0,0.0,0.0,1,10,2.0,0,NONE
2915,37.2886798333,127.1074228333,-20.208,-33.6,0.0,0.0,0.0,1,10,2.0,0,NONE
2916,37.2886805,127.1074208333,-20.385,-33.526,0.0,0.0,0.0,1,10,2.0,0,NONE
2917,37.2886815,127.1074191667,-20.532,-33.415,0.0,0.0,0.0,1,10,2.0,0,NONE
2918,37.2886821667,127.1074171667,-20.709,-33.34,0.0,0.0,0.0,1,10,2.0,0,NONE
2919,37.2886825,127.1074148333,-20.916,-33.303,0.0,0.0,0.0,1,10,2.0,0,NONE
2920,37.2886835,127.1074126667,-21.108,-33.192,0.0,0.0,0.0,1,10,2.0,0,NONE
2921,37.2886843333,127.1074111667,-21.241,-33.099,0.0,0.0,0.0,1,10,2.0,0,NONE
2922,37.2886853333,127.1074096667,-21.374,-32.988,0.0,0.0,0.0,1,10,2.0,0,NONE
2923,37.2886861667,127.1074073333,-21.58,-32.895,0.0,0.0,0.0,1,10,2.0,0,NONE
2924,37.2886866667,127.1074055,-21.743,-32.839,0.0,0.0,0.0,1,10,2.0,0,NONE
2925,37.2886871667,127.1074038333,-21.89,-32.784,0.0,0.0,0.0,1,10,2.0,0,NONE
2926,37.2886878333,127.1074021667,-22.038,-32.71,0.0,0.0,0.0,1,10,2.0,0,NONE
2927,37.2886888333,127.1074003333,-22.2,-32.598,0.0,0.0,0.0,1,10,2.0,0,NONE
2928,37.2886895,127.1073988333,-22.333,-32.524,0.0,0.0,0.0,1,10,2.0,0,NONE
2929,37.28869,127.1073971667,-22.481,-32.468,0.0,0.0,0.0,1,10,2.0,0,NONE
2930,37.2886905,127.1073955,-22.628,-32.413,0.0,0.0,0.0,1,10,2.0,0,NONE
2931,37.2886908333,127.1073938333,-22.776,-32.376,0.0,0.0,0.0,1,10,2.0,0,NONE
2932,37.2886915,127.1073915,-22.983,-32.301,0.0,0.0,0.0,1,10,2.0,0,NONE
2933,37.2886921667,127.1073898333,-23.13,-32.227,0.0,0.0,0.0,1,10,2.0,0,NONE
2934,37.288693,127.1073878333,-23.307,-32.134,0.0,0.0,0.0,1,10,2.0,0,NONE
2935,37.2886936667,127.1073855,-23.514,-32.06,0.0,0.0,0.0,1,10,2.0,0,NONE
2936,37.2886943333,127.1073833333,-23.706,-31.986,0.0,0.0,0.0,1,10,2.0,0,NONE
2937,37.2886951667,127.1073813333,-23.883,-31.893,0.0,0.0,0.0,1,10,2.0,0,NONE
2938,37.2886961667,127.1073798333,-24.016,-31.782,0.0,0.0,0.0,1,10,2.0,0,NONE
2939,37.288697,127.1073785,-24.134,-31.689,0.0,0.0,0.0,1,10,2.0,0,NONE
2940,37.288697,127.1073783333,-24.149,-31.689,0.0,0.0,0.0,-1,10,2.0,0,NONE
2941,37.2886966667,127.1073803333,-23.972,-31.726,0.0,0.0,0.0,-1,10,2.0,0,NONE
2942,37.2886963333,127.107382,-23.824,-31.763,0.0,0.0,0.0,-1,10,2.0,0,NONE
2943,37.2886966667,127.1073841667,-23.632,-31.726,0.0,0.0,0.0,-1,10,2.0,0,NONE
2944,37.2886966667,127.1073863333,-23.44,-31.726,0.0,0.0,0.0,-1,10,2.0,0,NONE
2945,37.2886963333,127.1073883333,-23.263,-31.763,0.0,0.0,0.0,-1,10,2.0,0,NONE
2946,37.288696,127.1073905,-23.071,-31.8,0.0,0.0,0.0,-1,10,2.0,0,NONE
2947,37.2886963333,127.1073926667,-22.879,-31.763,0.0,0.0,0.0,-1,10,2.0,0,NONE
2948,37.2886966667,127.107395,-22.673,-31.726,0.0,0.0,0.0,-1,10,2.0,0,NONE
2949,37.2886966667,127.107397,-22.496,-31.726,0.0,0.0,0.0,-1,10,2.0,0,NONE
2950,37.2886963333,127.1073995,-22.274,-31.763,0.0,0.0,0.0,-1,10,2.0,0,NONE
2951,37.2886963333,127.1074018333,-22.067,-31.763,0.0,0.0,0.0,-1,10,2.0,0,NONE
2952,37.288697,127.1074041667,-21.861,-31.689,0.0,0.0,0.0,-1,10,2.0,0,NONE
2953,37.2886971667,127.1074061667,-21.684,-31.671,0.0,0.0,0.0,-1,10,2.0,0,NONE
2954,37.2886968333,127.1074078333,-21.536,-31.708,0.0,0.0,0.0,-1,10,2.0,0,NONE
2955,37.2886965,127.1074096667,-21.374,-31.745,0.0,0.0,0.0,-1,10,2.0,0,NONE
2956,37.2886961667,127.1074113333,-21.226,-31.782,0.0,0.0,0.0,-1,10,2.0,0,NONE
2957,37.2886961667,127.1074135,-21.034,-31.782,0.0,0.0,0.0,-1,10,2.0,0,NONE
2958,37.2886961667,127.107416,-20.813,-31.782,0.0,0.0,0.0,-1,10,2.0,0,NONE
2959,37.2886958333,127.1074181667,-20.621,-31.819,0.0,0.0,0.0,-1,10,2.0,0,NONE
2960,37.2886953333,127.1074205,-20.414,-31.875,0.0,0.0,0.0,-1,10,2.0,0,NONE
2961,37.2886948333,127.1074225,-20.237,-31.93,0.0,0.0,0.0,-1,10,2.0,0,NONE
2962,37.2886946667,127.1074246667,-20.045,-31.949,0.0,0.0,0.0,-1,10,2.0,0,NONE
2963,37.2886945,127.1074265,-19.883,-31.967,0.0,0.0,0.0,-1,10,2.0,0,NONE
2964,37.2886941667,127.1074288333,-19.676,-32.004,0.0,0.0,0.0,-1,10,2.0,0,NONE
2965,37.2886936667,127.1074311667,-19.47,-32.06,0.0,0.0,0.0,-1,10,2.0,0,NONE
2966,37.2886938333,127.1074331667,-19.292,-32.042,0.0,0.0,0.0,-1,10,2.0,0,NONE
2967,37.2886941667,127.1074351667,-19.115,-32.004,0.0,0.0,0.0,-1,10,2.0,0,NONE
2968,37.288694,127.1074371667,-18.938,-32.023,0.0,0.0,0.0,-1,10,2.0,0,NONE
2969,37.2886936667,127.1074388333,-18.791,-32.06,0.0,0.0,0.0,-1,10,2.0,0,NONE
2970,37.2886931667,127.1074405,-18.643,-32.116,0.0,0.0,0.0,-1,10,2.0,0,NONE
2971,37.288693,127.1074425,-18.466,-32.134,0.0,0.0,0.0,-1,10,2.0,0,NONE
2972,37.2886931667,127.1074448333,-18.259,-32.116,0.0,0.0,0.0,-1,10,2.0,0,NONE
2973,37.288693,127.107447,-18.067,-32.134,0.0,0.0,0.0,-1,10,2.0,0,NONE
2974,37.2886921667,127.107449,-17.89,-32.227,0.0,0.0,0.0,-1,10,2.0,0,NONE
2975,37.2886913333,127.107451,-17.713,-32.32,0.0,0.0,0.0,-1,10,2.0,0,NONE
2976,37.288691,127.1074531667,-17.521,-32.357,0.0,0.0,0.0,-1,10,2.0,0,NONE
2977,37.2886908333,127.1074553333,-17.329,-32.376,0.0,0.0,0.0,-1,10,2.0,0,NONE
2978,37.2886903333,127.1074571667,-17.167,-32.431,0.0,0.0,0.0,-1,10,2.0,0,NONE
2979,37.2886891667,127.1074591667,-16.99,-32.561,0.0,0.0,0.0,-1,10,2.0,0,NONE
2980,37.2886885,127.1074608333,-16.842,-32.635,0.0,0.0,0.0,-1,10,2.0,0,NONE
2981,37.2886883333,127.1074628333,-16.665,-32.654,0.0,0.0,0.0,-1,10,2.0,0,NONE
2982,37.2886883333,127.1074648333,-16.488,-32.654,0.0,0.0,0.0,-1,10,2.0,0,NONE
2983,37.288688,127.107467,-16.296,-32.691,0.0,0.0,0.0,-1,10,2.0,0,NONE
2984,37.2886871667,127.1074693333,-16.089,-32.784,0.0,0.0,0.0,-1,10,2.0,0,NONE
2985,37.2886868333,127.1074713333,-15.912,-32.821,0.0,0.0,0.0,-1,10,2.0,0,NONE
2986,37.2886871667,127.1074733333,-15.735,-32.784,0.0,0.0,0.0,-1,10,2.0,0,NONE
2987,37.2886873333,127.1074751667,-15.573,-32.765,0.0,0.0,0.0,-1,10,2.0,0,NONE
2988,37.2886871667,127.1074773333,-15.381,-32.784,0.0,0.0,0.0,-1,10,2.0,0,NONE
2989,37.2886871667,127.1074795,-15.189,-32.784,0.0,0.0,0.0,-1,10,2.0,0,NONE
2990,37.2886875,127.1074811667,-15.041,-32.747,0.0,0.0,0.0,-1,10,2.0,0,NONE
2991,37.2886881667,127.1074826667,-14.908,-32.672,0.0,0.0,0.0,-1,10,2.0,0,NONE
2992,37.2886888333,127.1074845,-14.746,-32.598,0.0,0.0,0.0,-1,10,2.0,0,NONE
2993,37.2886891667,127.1074863333,-14.584,-32.561,0.0,0.0,0.0,-1,10,2.0,0,NONE
2994,37.288689,127.1074885,-14.392,-32.58,0.0,0.0,0.0,-1,10,2.0,0,NONE
2995,37.2886891667,127.1074905,-14.215,-32.561,0.0,0.0,0.0,-1,10,2.0,0,NONE
2996,37.2886898333,127.1074921667,-14.067,-32.487,0.0,0.0,0.0,-1,10,2.0,0,NONE
2997,37.2886905,127.107494,-13.905,-32.413,0.0,0.0,0.0,-1,10,2.0,0,NONE
2998,37.2886906667,127.107496,-13.728,-32.394,0.0,0.0,0.0,-1,10,2.0,0,NONE
2999,37.2886906667,127.1074983333,-13.521,-32.394,0.0,0.0,0.0,-1,10,2.0,0,NONE
3000,37.2886915,127.1075003333,-13.344,-32.301,0.0,0.0,0.0,-1,10,2.0,0,NONE
3001,37.2886928333,127.1075021667,-13.181,-32.153,0.0,0.0,0.0,-1,10,2.0,0,NONE
3002,37.2886938333,127.107504,-13.019,-32.042,0.0,0.0,0.0,-1,10,2.0,0,NONE
3003,37.2886945,127.107506,-12.842,-31.967,0.0,0.0,0.0,-1,10,2.0,0,NONE
3004,37.2886948333,127.1075076667,-12.694,-31.93,0.0,0.0,0.0,-1,10,2.0,0,NONE
3005,37.2886953333,127.1075093333,-12.547,-31.875,0.0,0.0,0.0,-1,10,2.0,0,NONE
3006,37.2886963333,127.107511,-12.399,-31.763,0.0,0.0,0.0,-1,10,2.0,0,NONE
3007,37.2886968333,127.1075126667,-12.252,-31.708,0.0,0.0,0.0,-1,10,2.0,0,NONE
3008,37.2886963333,127.1075146667,-12.074,-31.763,0.0,0.0,0.0,-1,10,2.0,0,NONE
3009,37.2886958333,127.1075163333,-11.927,-31.819,0.0,0.0,0.0,-1,10,2.0,0,NONE
3010,37.2886953333,127.107518,-11.779,-31.875,0.0,0.0,0.0,-1,10,2.0,0,NONE
3011,37.2886956667,127.1075196667,-11.632,-31.838,0.0,0.0,0.0,-1,10,2.0,0,NONE
3012,37.288695,127.1075213333,-11.484,-31.912,0.0,0.0,0.0,-1,10,2.0,0,NONE
3013,37.2886948333,127.1075213333,-11.484,-31.93,0.0,0.0,0.0,1,10,2.0,0,NONE
3014,37.2886938333,127.1075201667,-11.587,-32.042,0.0,0.0,0.0,1,10,2.0,0,NONE
3015,37.2886938333,127.1075178333,-11.794,-32.042,0.0,0.0,0.0,1,10,2.0,0,NONE
3016,37.2886938333,127.1075155,-12.001,-32.042,0.0,0.0,0.0,1,10,2.0,0,NONE
3017,37.2886931667,127.1075133333,-12.192,-32.116,0.0,0.0,0.0,1,10,2.0,0,NONE
3018,37.2886925,127.1075113333,-12.37,-32.19,0.0,0.0,0.0,1,10,2.0,0,NONE
3019,37.2886921667,127.1075088333,-12.591,-32.227,0.0,0.0,0.0,1,10,2.0,0,NONE
3020,37.2886921667,127.1075068333,-12.768,-32.227,0.0,0.0,0.0,1,10,2.0,0,NONE
3021,37.288692,127.1075045,-12.975,-32.246,0.0,0.0,0.0,1,10,2.0,0,NONE
3022,37.2886918333,127.1075025,-13.152,-32.264,0.0,0.0,0.0,1,10,2.0,0,NONE
3023,37.2886915,127.1075005,-13.329,-32.301,0.0,0.0,0.0,1,10,2.0,0,NONE
3024,37.288691,127.1074983333,-13.521,-32.357,0.0,0.0,0.0,1,10,2.0,0,NONE
3025,37.2886908333,127.1074963333,-13.698,-32.376,0.0,0.0,0.0,1,10,2.0,0,NONE
3026,37.2886906667,127.1074941667,-13.89,-32.394,0.0,0.0,0.0,1,10,2.0,0,NONE
3027,37.2886906667,127.1074918333,-14.097,-32.394,0.0,0.0,0.0,1,10,2.0,0,NONE
3028,37.2886905,127.1074895,-14.303,-32.413,0.0,0.0,0.0,1,10,2.0,0,NONE
3029,37.2886903333,127.1074873333,-14.495,-32.431,0.0,0.0,0.0,1,10,2.0,0,NONE
3030,37.28869,127.1074848333,-14.717,-32.468,0.0,0.0,0.0,1,10,2.0,0,NONE
3031,37.2886898333,127.1074826667,-14.908,-32.487,0.0,0.0,0.0,1,10,2.0,0,NONE
3032,37.2886898333,127.1074805,-15.1,-32.487,0.0,0.0,0.0,1,10,2.0,0,NONE
3033,37.2886898333,127.107478,-15.322,-32.487,0.0,0.0,0.0,1,10,2.0,0,NONE
3034,37.2886898333,127.1074756667,-15.528,-32.487,0.0,0.0,0.0,1,10,2.0,0,NONE
3035,37.2886898333,127.1074733333,-15.735,-32.487,0.0,0.0,0.0,1,10,2.0,0,NONE
3036,37.2886895,127.1074706667,-15.971,-32.524,0.0,0.0,0.0,1,10,2.0,0,NONE
3037,37.2886896667,127.1074686667,-16.148,-32.505,0.0,0.0,0.0,1,10,2.0,0,NONE
3038,37.2886898333,127.1074663333,-16.355,-32.487,0.0,0.0,0.0,1,10,2.0,0,NONE
3039,37.2886901667,127.1074638333,-16.576,-32.45,0.0,0.0,0.0,1,10,2.0,0,NONE
3040,37.2886905,127.1074615,-16.783,-32.413,0.0,0.0,0.0,1,10,2.0,0,NONE
3041,37.2886905,127.1074588333,-17.019,-32.413,0.0,0.0,0.0,1,10,2.0,0,NONE
3042,37.2886903333,127.1074563333,-17.241,-32.431,0.0,0.0,0.0,1,10,2.0,0,NONE
3043,37.2886905,127.107454,-17.447,-32.413,0.0,0.0,0.0,1,10,2.0,0,NONE
3044,37.2886908333,127.1074515,-17.669,-32.376,0.0,0.0,0.0,1,10,2.0,0,NONE
3045,37.288691,127.107449,-17.89,-32.357,0.0,0.0,0.0,1,10,2.0,0,NONE
3046,37.2886911667,127.1074463333,-18.126,-32.338,0.0,0.0,0.0,1,10,2.0,0,NONE
3047,37.2886913333,127.1074441667,-18.318,-32.32,0.0,0.0,0.0,1,10,2.0,0,NONE
3048,37.2886913333,127.1074418333,-18.525,-32.32,0.0,0.0,0.0,1,10,2.0,0,NONE
3049,37.2886915,127.1074398333,-18.702,-32.301,0.0,0.0,0.0,1,10,2.0,0,NONE
3050,37.2886918333,127.1074375,-18.909,-32.264,0.0,0.0,0.0,1,10,2.0,0,NONE
3051,37.2886923333,127.1074353333,-19.101,-32.209,0.0,0.0,0.0,1,10,2.0,0,NONE
3052,37.2886926667,127.1074333333,-19.278,-32.171,0.0,0.0,0.0,1,10,2.0,0,NONE
3053,37.2886928333,127.1074313333,-19.455,-32.153,0.0,0.0,0.0,1,10,2.0,0,NONE
3054,37.2886928333,127.1074291667,-19.647,-32.153,0.0,0.0,0.0,1,10,2.0,0,NONE
3055,37.288693,127.1074271667,-19.824,-32.134,0.0,0.0,0.0,1,10,2.0,0,NONE
3056,37.2886933333,127.107425,-20.016,-32.097,0.0,0.0,0.0,1,10,2.0,0,NONE
3057,37.2886938333,127.1074228333,-20.208,-32.042,0.0,0.0,0.0,1,10,2.0,0,NONE
3058,37.2886941667,127.1074206667,-20.399,-32.004,0.0,0.0,0.0,1,10,2.0,0,NONE
3059,37.2886943333,127.1074183333,-20.606,-31.986,0.0,0.0,0.0,1,10,2.0,0,NONE
3060,37.2886945,127.107416,-20.813,-31.967,0.0,0.0,0.0,1,10,2.0,0,NONE
3061,37.2886946667,127.107414,-20.99,-31.949,0.0,0.0,0.0,1,10,2.0,0,NONE
3062,37.288695,127.1074116667,-21.197,-31.912,0.0,0.0,0.0,1,10,2.0,0,NONE
3063,37.2886955,127.1074093333,-21.403,-31.856,0.0,0.0,0.0,1,10,2.0,0,NONE
3064,37.288696,127.107407,-21.61,-31.8,0.0,0.0,0.0,1,10,2.0,0,NONE
3065,37.2886963333,127.1074046667,-21.817,-31.763,0.0,0.0,0.0,1,10,2.0,0,NONE
3066,37.2886966667,127.107402,-22.053,-31.726,0.0,0.0,0.0,1,10,2.0,0,NONE
3067,37.288697,127.1073996667,-22.259,-31.689,0.0,0.0,0.0,1,10,2.0,0,NONE
3068,37.2886973333,127.1073971667,-22.481,-31.652,0.0,0.0,0.0,1,10,2.0,0,NONE
3069,37.288698,127.1073945,-22.717,-31.578,0.0,0.0,0.0,1,10,2.0,0,NONE
3070,37.2886983333,127.107392,-22.938,-31.541,0.0,0.0,0.0,1,10,2.0,0,NONE
3071,37.2886985,127.1073893333,-23.175,-31.522,0.0,0.0,0.0,1,10,2.0,0,NONE
3072,37.2886988333,127.1073868333,-23.396,-31.485,0.0,0.0,0.0,1,10,2.0,0,NONE
3073,37.2886993333,127.1073845,-23.603,-31.429,0.0,0.0,0.0,1,10,2.0,0,NONE
3074,37.2886998333,127.1073821667,-23.809,-31.374,0.0,0.0,0.0,1,10,2.0,0,NONE
3075,37.2887005,127.1073796667,-24.031,-31.299,0.0,0.0,0.0,1,10,2.0,0,NONE
3076,37.2887008333,127.1073771667,-24.252,-31.262,0.0,0.0,0.0,1,10,2.0,0,NONE
3077,37.2887011667,127.1073746667,-24.473,-31.225,0.0,0.0,0.0,1,10,2.0,0,NONE
3078,37.2887015,127.1073721667,-24.695,-31.188,0.0,0.0,0.0,1,10,2.0,0,NONE
3079,37.2887021667,127.1073698333,-24.902,-31.114,0.0,0.0,0.0,1,10,2.0,0,NONE
3080,37.2887028333,127.1073671667,-25.138,-31.04,0.0,0.0,0.0,1,10,2.0,0,NONE
3081,37.2887033333,127.1073645,-25.374,-30.984,0.0,0.0,0.0,1,10,2.0,0,NONE
3082,37.2887036667,127.107362,-25.595,-30.947,0.0,0.0,0.0,1,10,2.0,0,NONE
3083,37.288704,127.1073591667,-25.846,-30.91,0.0,0.0,0.0,1,10,2.0,0,NONE
3084,37.2887045,127.1073568333,-26.053,-30.854,0.0,0.0,0.0,1,10,2.0,0,NONE
3085,37.288705,127.1073541667,-26.289,-30.799,0.0,0.0,0.0,1,10,2.0,0,NONE
3086,37.2887056667,127.1073515,-26.525,-30.724,0.0,0.0,0.0,1,10,2.0,0,NONE
3087,37.2887061667,127.107349,-26.747,-30.669,0.0,0.0,0.0,1,10,2.0,0,NONE
3088,37.2887066667,127.1073463333,-26.983,-30.613,0.0,0.0,0.0,1,10,2.0,0,NONE
3089,37.288707,127.1073436667,-27.219,-30.576,0.0,0.0,0.0,1,10,2.0,0,NONE
3090,37.2887076667,127.1073413333,-27.426,-30.502,0.0,0.0,0.0,1,10,2.0,0,NONE
3091,37.2887083333,127.1073388333,-27.647,-30.427,0.0,0.0,0.0,1,10,2.0,0,NONE
3092,37.2887091667,127.1073363333,-27.868,-30.335,0.0,0.0,0.0,1,10,2.0,0,NONE
3093,37.2887098333,127.1073338333,-28.09,-30.26,0.0,0.0,0.0,1,10,2.0,0,NONE
3094,37.2887103333,127.1073313333,-28.311,-30.205,0.0,0.0,0.0,1,10,2.0,0,NONE
3095,37.2887108333,127.1073288333,-28.533,-30.149,0.0,0.0,0.0,1,10,2.0,0,NONE
3096,37.2887115,127.1073266667,-28.725,-30.075,0.0,0.0,0.0,1,10,2.0,0,NONE
3097,37.2887121667,127.1073243333,-28.931,-30.001,0.0,0.0,0.0,1,10,2.0,0,NONE
3098,37.2887128333,127.1073221667,-29.123,-29.927,0.0,0.0,0.0,1,10,2.0,0,NONE
3099,37.2887133333,127.10732,-29.315,-29.871,0.0,0.0,0.0,1,10,2.0,0,NONE
3100,37.2887138333,127.1073178333,-29.507,-29.815,0.0,0.0,0.0,1,10,2.0,0,NONE
3101,37.2887143333,127.1073156667,-29.699,-29.76,0.0,0.0,0.0,1,10,2.0,0,NONE
3102,37.2887148333,127.1073136667,-29.876,-29.704,0.0,0.0,0.0,1,10,2.0,0,NONE
3103,37.2887155,127.1073118333,-30.038,-29.63,0.0,0.0,0.0,1,10,2.0,0,NONE
3104,37.2887161667,127.1073098333,-30.215,-29.555,0.0,0.0,0.0,1,10,2.0,0,NONE
3105,37.2887165,127.1073078333,-30.393,-29.518,0.0,0.0,0.0,1,10,2.0,0,NONE
3106,37.2887168333,127.107306,-30.555,-29.481,0.0,0.0,0.0,1,10,2.0,0,NONE
3107,37.2887173333,127.107304,-30.732,-29.426,0.0,0.0,0.0,1,10,2.0,0,NONE
3108,37.2887181667,127.1073023333,-30.88,-29.333,0.0,0.0,0.0,1,10,2.0,0,NONE
3109,37.288718,127.1073015,-30.953,-29.351,0.0,0.0,0.0,1,10,2.0,0,STOP_LINE
3110,37.2887178333,127.1073013333,-30.968,-29.37,0.0,0.0,0.0,1,11,2.0,0,NONE
3111,37.2887176667,127.1072993333,-31.145,-29.388,0.0,0.0,0.0,1,11,2.0,0,NONE
3112,37.2887185,127.1072978333,-31.278,-29.296,0.0,0.0,0.0,1,11,2.0,0,NONE
3113,37.2887193333,127.1072956667,-31.47,-29.203,0.0,0.0,0.0,1,11,2.0,0,NONE
3114,37.28872,127.1072935,-31.662,-29.129,0.0,0.0,0.0,1,11,2.0,0,NONE
3115,37.2887205,127.1072918333,-31.81,-29.073,0.0,0.0,0.0,1,11,2.0,0,NONE
3116,37.2887208333,127.1072901667,-31.957,-29.036,0.0,0.0,0.0,1,11,2.0,0,NONE
3117,37.2887215,127.1072886667,-32.09,-28.962,0.0,0.0,0.0,1,11,2.0,0,NONE
3118,37.2887223333,127.107287,-32.238,-28.869,0.0,0.0,0.0,1,11,2.0,0,NONE
3119,37.2887233333,127.1072851667,-32.4,-28.758,0.0,0.0,0.0,1,11,2.0,0,NONE
3120,37.2887243333,127.1072833333,-32.562,-28.646,0.0,0.0,0.0,1,11,2.0,0,NONE
3121,37.288725,127.1072815,-32.725,-28.572,0.0,0.0,0.0,1,11,2.0,0,NONE
3122,37.2887258333,127.1072795,-32.902,-28.479,0.0,0.0,0.0,1,11,2.0,0,NONE
3123,37.2887268333,127.1072778333,-33.05,-28.368,0.0,0.0,0.0,1,11,2.0,0,NONE
3124,37.288728,127.1072763333,-33.182,-28.238,0.0,0.0,0.0,1,11,2.0,0,NONE
3125,37.2887293333,127.1072748333,-33.315,-28.09,0.0,0.0,0.0,1,11,2.0,0,NONE
3126,37.2887306667,127.1072733333,-33.448,-27.941,0.0,0.0,0.0,1,11,2.0,0,NONE
3127,37.2887316667,127.1072718333,-33.581,-27.83,0.0,0.0,0.0,1,11,2.0,0,NONE
3128,37.2887326667,127.1072701667,-33.729,-27.719,0.0,0.0,0.0,1,11,2.0,0,NONE
3129,37.2887338333,127.1072688333,-33.847,-27.589,0.0,0.0,0.0,1,11,2.0,0,NONE
3130,37.288736,127.1072671667,-33.994,-27.348,0.0,0.0,0.0,1,11,2.0,0,NONE
3131,37.2887375,127.1072661667,-34.083,-27.181,0.0,0.0,0.0,1,11,2.0,0,NONE
3132,37.288739,127.107265,-34.186,-27.014,0.0,0.0,0.0,1,11,2.0,0,NONE
3133,37.2887406667,127.1072636667,-34.304,-26.828,0.0,0.0,0.0,1,11,2.0,0,NONE
3134,37.2887421667,127.1072626667,-34.393,-26.661,0.0,0.0,0.0,1,11,2.0,0,NONE
3135,37.2887438333,127.107262,-34.452,-26.476,0.0,0.0,0.0,1,11,2.0,0,NONE
3136,37.2887458333,127.1072615,-34.496,-26.253,0.0,0.0,0.0,1,11,2.0,0,NONE
3137,37.2887476667,127.1072608333,-34.555,-26.049,0.0,0.0,0.0,1,11,2.0,0,NONE
3138,37.2887495,127.10726,-34.629,-25.845,0.0,0.0,0.0,1,11,2.0,0,NONE
3139,37.2887515,127.107259,-34.718,-25.622,0.0,0.0,0.0,1,11,2.0,0,NONE
3140,37.2887531667,127.1072583333,-34.777,-25.437,0.0,0.0,0.0,1,11,2.0,0,NONE
3141,37.2887551667,127.107258,-34.806,-25.214,0.0,0.0,0.0,1,11,2.0,0,NONE
3142,37.2887573333,127.1072576667,-34.836,-24.973,0.0,0.0,0.0,1,11,2.0,0,NONE
3143,37.2887591667,127.1072573333,-34.865,-24.769,0.0,0.0,0.0,1,11,2.0,0,NONE
3144,37.2887613333,127.1072568333,-34.909,-24.528,0.0,0.0,0.0,1,11,2.0,0,NONE
3145,37.2887631667,127.1072563333,-34.954,-24.323,0.0,0.0,0.0,1,11,2.0,0,NONE
3146,37.2887651667,127.1072563333,-34.954,-24.101,0.0,0.0,0.0,1,11,2.0,0,NONE
3147,37.288767,127.1072565,-34.939,-23.897,0.0,0.0,0.0,1,11,2.0,0,NONE
3148,37.2887691667,127.107257,-34.895,-23.655,0.0,0.0,0.0,1,11,2.0,0,NONE
3149,37.2887711667,127.1072571667,-34.88,-23.433,0.0,0.0,0.0,1,11,2.0,0,NONE
3150,37.2887731667,127.1072573333,-34.865,-23.21,0.0,0.0,0.0,1,11,2.0,0,NONE
3151,37.2887751667,127.1072576667,-34.836,-22.988,0.0,0.0,0.0,1,11,2.0,0,NONE
3152,37.288777,127.1072581667,-34.791,-22.783,0.0,0.0,0.0,1,11,2.0,0,NONE
3153,37.2887791667,127.107259,-34.718,-22.542,0.0,0.0,0.0,1,11,2.0,0,NONE
3154,37.2887811667,127.1072596667,-34.658,-22.32,0.0,0.0,0.0,1,11,2.0,0,NONE
3155,37.2887831667,127.1072601667,-34.614,-22.097,0.0,0.0,0.0,1,11,2.0,0,NONE
3156,37.2887851667,127.1072608333,-34.555,-21.874,0.0,0.0,0.0,1,11,2.0,0,NONE
3157,37.2887871667,127.1072613333,-34.511,-21.652,0.0,0.0,0.0,1,11,2.0,0,NONE
3158,37.2887888333,127.1072621667,-34.437,-21.466,0.0,0.0,0.0,1,11,2.0,0,NONE
3159,37.288791,127.1072633333,-34.334,-21.225,0.0,0.0,0.0,1,11,2.0,0,NONE
3160,37.2887928333,127.107264,-34.275,-21.021,0.0,0.0,0.0,1,11,2.0,0,NONE
3161,37.2887946667,127.1072648333,-34.201,-20.817,0.0,0.0,0.0,1,11,2.0,0,NONE
3162,37.2887968333,127.1072656667,-34.127,-20.576,0.0,0.0,0.0,1,11,2.0,0,NONE
3163,37.2887986667,127.1072665,-34.053,-20.372,0.0,0.0,0.0,1,11,2.0,0,NONE
3164,37.2888001667,127.1072678333,-33.935,-20.205,0.0,0.0,0.0,1,11,2.0,0,NONE
3165,37.2888021667,127.1072691667,-33.817,-19.982,0.0,0.0,0.0,1,11,2.0,0,NONE
3166,37.2888038333,127.1072703333,-33.714,-19.796,0.0,0.0,0.0,1,11,2.0,0,NONE
3167,37.2888056667,127.1072716667,-33.596,-19.592,0.0,0.0,0.0,1,11,2.0,0,NONE
3168,37.2888073333,127.1072728333,-33.492,-19.407,0.0,0.0,0.0,1,11,2.0,0,NONE
3169,37.2888088333,127.1072745,-33.345,-19.24,0.0,0.0,0.0,1,11,2.0,0,NONE
3170,37.2888103333,127.107276,-33.212,-19.073,0.0,0.0,0.0,1,11,2.0,0,NONE
3171,37.2888116667,127.1072776667,-33.064,-18.924,0.0,0.0,0.0,1,11,2.0,0,NONE
3172,37.2888131667,127.1072793333,-32.917,-18.757,0.0,0.0,0.0,1,11,2.0,0,NONE
3173,37.2888146667,127.107281,-32.769,-18.59,0.0,0.0,0.0,1,11,2.0,0,NONE
3174,37.288816,127.1072825,-32.636,-18.442,0.0,0.0,0.0,1,11,2.0,0,NONE
3175,37.2888171667,127.1072843333,-32.474,-18.312,0.0,0.0,0.0,1,11,2.0,0,NONE
3176,37.2888183333,127.1072863333,-32.297,-18.182,0.0,0.0,0.0,1,11,2.0,0,NONE
3177,37.2888196667,127.1072883333,-32.12,-18.034,0.0,0.0,0.0,1,11,2.0,0,NONE
3178,37.288821,127.1072901667,-31.957,-17.885,0.0,0.0,0.0,1,11,2.0,0,NONE
3179,37.2888223333,127.1072918333,-31.81,-17.737,0.0,0.0,0.0,1,11,2.0,0,NONE
3180,37.2888236667,127.1072936667,-31.647,-17.589,0.0,0.0,0.0,1,11,2.0,0,NONE
3181,37.2888246667,127.1072956667,-31.47,-17.477,0.0,0.0,0.0,1,11,2.0,0,NONE
3182,37.2888255,127.107298,-31.263,-17.384,0.0,0.0,0.0,1,11,2.0,0,NONE
3183,37.2888265,127.1073001667,-31.072,-17.273,0.0,0.0,0.0,1,11,2.0,0,NONE
3184,37.2888275,127.1073021667,-30.894,-17.162,0.0,0.0,0.0,1,11,2.0,0,NONE
3185,37.2888285,127.1073045,-30.688,-17.051,0.0,0.0,0.0,1,11,2.0,0,NONE
3186,37.2888293333,127.1073066667,-30.496,-16.958,0.0,0.0,0.0,1,11,2.0,0,NONE
3187,37.2888298333,127.107309,-30.289,-16.902,0.0,0.0,0.0,1,11,2.0,0,NONE
3188,37.2888305,127.1073118333,-30.038,-16.828,0.0,0.0,0.0,1,11,2.0,0,NONE
3189,37.288831,127.1073141667,-29.832,-16.772,0.0,0.0,0.0,1,11,2.0,0,NONE
3190,37.2888315,127.1073166667,-29.61,-16.717,0.0,0.0,0.0,1,11,2.0,0,NONE
3191,37.288832,127.1073193333,-29.374,-16.661,0.0,0.0,0.0,1,11,2.0,0,NONE
3192,37.2888323333,127.1073216667,-29.167,-16.624,0.0,0.0,0.0,1,11,2.0,0,NONE
3193,37.2888323333,127.1073243333,-28.931,-16.624,0.0,0.0,0.0,1,11,2.0,0,NONE
3194,37.2888323333,127.1073271667,-28.68,-16.624,0.0,0.0,0.0,1,11,2.0,0,NONE
3195,37.2888323333,127.1073296667,-28.459,-16.624,0.0,0.0,0.0,1,11,2.0,0,NONE
3196,37.2888323333,127.1073325,-28.208,-16.624,0.0,0.0,0.0,1,11,2.0,0,NONE
3197,37.2888321667,127.1073353333,-27.957,-16.642,0.0,0.0,0.0,1,11,2.0,0,NONE
3198,37.2888318333,127.107338,-27.721,-16.679,0.0,0.0,0.0,1,11,2.0,0,NONE
3199,37.2888315,127.1073406667,-27.485,-16.717,0.0,0.0,0.0,1,11,2.0,0,NONE
3200,37.2888313333,127.1073435,-27.234,-16.735,0.0,0.0,0.0,1,11,2.0,0,NONE
3201,37.2888311667,127.1073463333,-26.983,-16.754,0.0,0.0,0.0,1,11,2.0,0,NONE
3202,37.2888311667,127.1073491667,-26.732,-16.754,0.0,0.0,0.0,1,11,2.0,0,NONE
3203,37.2888308333,127.1073518333,-26.496,-16.791,0.0,0.0,0.0,1,11,2.0,0,NONE
3204,37.2888303333,127.1073545,-26.26,-16.846,0.0,0.0,0.0,1,11,2.0,0,NONE
3205,37.2888298333,127.1073573333,-26.009,-16.902,0.0,0.0,0.0,1,11,2.0,0,NONE
3206,37.2888295,127.1073601667,-25.758,-16.939,0.0,0.0,0.0,1,11,2.0,0,NONE
3207,37.2888293333,127.1073628333,-25.522,-16.958,0.0,0.0,0.0,1,11,2.0,0,NONE
3208,37.288829,127.1073656667,-25.271,-16.995,0.0,0.0,0.0,1,11,2.0,0,NONE
3209,37.2888285,127.1073681667,-25.049,-17.051,0.0,0.0,0.0,1,11,2.0,0,NONE
3210,37.2888278333,127.107371,-24.798,-17.125,0.0,0.0,0.0,1,11,2.0,0,NONE
3211,37.2888273333,127.1073735,-24.577,-17.18,0.0,0.0,0.0,1,11,2.0,0,NONE
3212,37.2888271667,127.107376,-24.355,-17.199,0.0,0.0,0.0,1,11,2.0,0,NONE
3213,37.288827,127.1073786667,-24.119,-17.217,0.0,0.0,0.0,1,11,2.0,0,NONE
3214,37.2888268333,127.1073811667,-23.898,-17.236,0.0,0.0,0.0,1,11,2.0,0,NONE
3215,37.2888265,127.1073836667,-23.676,-17.273,0.0,0.0,0.0,1,11,2.0,0,NONE
3216,37.2888261667,127.1073863333,-23.44,-17.31,0.0,0.0,0.0,1,11,2.0,0,NONE
3217,37.2888261667,127.1073888333,-23.219,-17.31,0.0,0.0,0.0,1,11,2.0,0,NONE
3218,37.2888261667,127.1073916667,-22.968,-17.31,0.0,0.0,0.0,1,11,2.0,0,NONE
3219,37.2888263333,127.1073945,-22.717,-17.292,0.0,0.0,0.0,1,11,2.0,0,NONE
3220,37.2888261667,127.107397,-22.496,-17.31,0.0,0.0,0.0,1,11,2.0,0,NONE
3221,37.288826,127.1073996667,-22.259,-17.329,0.0,0.0,0.0,1,11,2.0,0,NONE
3222,37.2888258333,127.1074026667,-21.994,-17.347,0.0,0.0,0.0,1,11,2.0,0,NONE
3223,37.2888258333,127.1074051667,-21.772,-17.347,0.0,0.0,0.0,1,11,2.0,0,NONE
3224,37.2888258333,127.1074081667,-21.507,-17.347,0.0,0.0,0.0,1,11,2.0,0,NONE
3225,37.2888258333,127.1074106667,-21.285,-17.347,0.0,0.0,0.0,1,11,2.0,0,NONE
3226,37.2888256667,127.1074131667,-21.064,-17.366,0.0,0.0,0.0,1,11,2.0,0,NONE
3227,37.2888255,127.1074161667,-20.798,-17.384,0.0,0.0,0.0,1,11,2.0,0,NONE
3228,37.2888255,127.1074186667,-20.577,-17.384,0.0,0.0,0.0,1,11,2.0,0,NONE
3229,37.2888256667,127.1074215,-20.326,-17.366,0.0,0.0,0.0,1,11,2.0,0,NONE
3230,37.2888261667,127.1074241667,-20.09,-17.31,0.0,0.0,0.0,1,11,2.0,0,NONE
3231,37.2888261667,127.1074266667,-19.868,-17.31,0.0,0.0,0.0,1,11,2.0,0,NONE
3232,37.2888263333,127.1074295,-19.617,-17.292,0.0,0.0,0.0,1,11,2.0,0,NONE
3233,37.2888263333,127.1074323333,-19.366,-17.292,0.0,0.0,0.0,1,11,2.0,0,NONE
3234,37.2888266667,127.1074348333,-19.145,-17.255,0.0,0.0,0.0,1,11,2.0,0,NONE
3235,37.288827,127.1074375,-18.909,-17.217,0.0,0.0,0.0,1,11,2.0,0,NONE
3236,37.2888273333,127.10744,-18.687,-17.18,0.0,0.0,0.0,1,11,2.0,0,NONE
3237,37.2888273333,127.1074426667,-18.451,-17.18,0.0,0.0,0.0,1,11,2.0,0,NONE
3238,37.2888273333,127.1074453333,-18.215,-17.18,0.0,0.0,0.0,1,11,2.0,0,NONE
3239,37.2888273333,127.1074478333,-17.993,-17.18,0.0,0.0,0.0,1,11,2.0,0,NONE
3240,37.2888275,127.1074505,-17.757,-17.162,0.0,0.0,0.0,1,11,2.0,0,NONE
3241,37.2888276667,127.1074531667,-17.521,-17.143,0.0,0.0,0.0,1,11,2.0,0,NONE
3242,37.2888276667,127.1074553333,-17.329,-17.143,0.0,0.0,0.0,1,11,2.0,0,NONE
3243,37.2888275,127.1074578333,-17.108,-17.162,0.0,0.0,0.0,1,11,2.0,0,NONE
3244,37.2888271667,127.1074605,-16.872,-17.199,0.0,0.0,0.0,1,11,2.0,0,NONE
3245,37.288827,127.1074628333,-16.665,-17.217,0.0,0.0,0.0,1,11,2.0,0,NONE
3246,37.2888268333,127.1074655,-16.429,-17.236,0.0,0.0,0.0,1,11,2.0,0,NONE
3247,37.2888265,127.1074681667,-16.193,-17.273,0.0,0.0,0.0,1,11,2.0,0,NONE
3248,37.288826,127.1074706667,-15.971,-17.329,0.0,0.0,0.0,1,11,2.0,0,NONE
3249,37.2888253333,127.1074733333,-15.735,-17.403,0.0,0.0,0.0,1,11,2.0,0,NONE
3250,37.2888248333,127.107476,-15.499,-17.459,0.0,0.0,0.0,1,11,2.0,0,NONE
3251,37.2888246667,127.1074785,-15.277,-17.477,0.0,0.0,0.0,1,11,2.0,0,NONE
3252,37.2888243333,127.1074813333,-15.027,-17.514,0.0,0.0,0.0,1,11,2.0,0,NONE
3253,37.2888238333,127.1074838333,-14.805,-17.57,0.0,0.0,0.0,1,11,2.0,0,NONE
3254,37.2888233333,127.1074861667,-14.598,-17.626,0.0,0.0,0.0,1,11,2.0,0,NONE
3255,37.2888228333,127.1074888333,-14.362,-17.681,0.0,0.0,0.0,1,11,2.0,0,NONE
3256,37.2888225,127.1074911667,-14.156,-17.718,0.0,0.0,0.0,1,11,2.0,0,NONE
3257,37.2888223333,127.1074935,-13.949,-17.737,0.0,0.0,0.0,1,11,2.0,0,NONE
3258,37.2888221667,127.107496,-13.728,-17.756,0.0,0.0,0.0,1,11,2.0,0,NONE
3259,37.2888218333,127.107498,-13.55,-17.793,0.0,0.0,0.0,1,11,2.0,0,NONE
3260,37.2888213333,127.1075,-13.373,-17.848,0.0,0.0,0.0,1,11,2.0,0,NONE
3261,37.2888206667,127.107502,-13.196,-17.923,0.0,0.0,0.0,1,11,2.0,0,NONE
3262,37.2888201667,127.1075038333,-13.034,-17.978,0.0,0.0,0.0,1,11,2.0,0,NONE
3263,37.2888198333,127.1075063333,-12.812,-18.015,0.0,0.0,0.0,1,11,2.0,0,NONE
3264,37.2888196667,127.1075081667,-12.65,-18.034,0.0,0.0,0.0,1,11,2.0,0,NONE
3265,37.2888191667,127.1075098333,-12.502,-18.089,0.0,0.0,0.0,1,11,2.0,0,NONE
3266,37.2888183333,127.1075115,-12.355,-18.182,0.0,0.0,0.0,1,11,2.0,0,NONE
3267,37.2888175,127.107513,-12.222,-18.275,0.0,0.0,0.0,1,11,2.0,0,NONE
3268,37.2888175,127.1075151667,-12.03,-18.275,0.0,0.0,0.0,1,11,2.0,0,NONE
3269,37.2888178333,127.1075168333,-11.882,-18.238,0.0,0.0,0.0,1,11,2.0,0,NONE
3270,37.2888175,127.1075191667,-11.676,-18.275,0.0,0.0,0.0,1,11,2.0,0,NONE
3271,37.2888168333,127.1075206667,-11.543,-18.349,0.0,0.0,0.0,1,11,2.0,0,NONE
3272,37.2888161667,127.1075223333,-11.395,-18.423,0.0,0.0,0.0,1,11,2.0,0,NONE
3273,37.2888161667,127.1075243333,-11.218,-18.423,0.0,0.0,0.0,1,11,2.0,0,NONE
3274,37.2888161667,127.1075266667,-11.012,-18.423,0.0,0.0,0.0,1,11,2.0,0,NONE
3275,37.2888158333,127.1075288333,-10.82,-18.461,0.0,0.0,0.0,1,11,2.0,0,NONE
3276,37.288815,127.1075306667,-10.657,-18.553,0.0,0.0,0.0,1,11,2.0,0,NONE
3277,37.2888146667,127.1075328333,-10.465,-18.59,0.0,0.0,0.0,1,11,2.0,0,NONE
3278,37.2888145,127.107535,-10.274,-18.609,0.0,0.0,0.0,1,11,2.0,0,NONE
3279,37.2888145,127.1075368333,-10.111,-18.609,0.0,0.0,0.0,1,11,2.0,0,NONE
3280,37.2888135,127.1075381667,-9.993,-18.72,0.0,0.0,0.0,1,11,2.0,0,NONE
3281,37.288813,127.1075398333,-9.845,-18.776,0.0,0.0,0.0,1,11,2.0,0,NONE
3282,37.2888131667,127.1075423333,-9.624,-18.757,0.0,0.0,0.0,1,11,2.0,0,NONE
3283,37.2888128333,127.107545,-9.388,-18.795,0.0,0.0,0.0,1,11,2.0,0,NONE
3284,37.2888125,127.1075466667,-9.24,-18.832,0.0,0.0,0.0,1,11,2.0,0,NONE
3285,37.2888118333,127.1075486667,-9.063,-18.906,0.0,0.0,0.0,1,11,2.0,0,NONE
3286,37.2888113333,127.1075508333,-8.871,-18.962,0.0,0.0,0.0,1,11,2.0,0,NONE
3287,37.2888108333,127.1075528333,-8.694,-19.017,0.0,0.0,0.0,1,11,2.0,0,NONE
3288,37.2888101667,127.1075553333,-8.473,-19.091,0.0,0.0,0.0,1,11,2.0,0,NONE
3289,37.2888096667,127.1075576667,-8.266,-19.147,0.0,0.0,0.0,1,11,2.0,0,NONE
3290,37.288809,127.1075598333,-8.074,-19.221,0.0,0.0,0.0,1,11,2.0,0,NONE
3291,37.2888081667,127.1075621667,-7.868,-19.314,0.0,0.0,0.0,1,11,2.0,0,NONE
3292,37.2888075,127.1075646667,-7.646,-19.388,0.0,0.0,0.0,1,11,2.0,0,NONE
3293,37.288807,127.1075668333,-7.454,-19.444,0.0,0.0,0.0,1,11,2.0,0,NONE
3294,37.2888063333,127.1075695,-7.218,-19.518,0.0,0.0,0.0,1,11,2.0,0,NONE
3295,37.2888058333,127.107572,-6.997,-19.574,0.0,0.0,0.0,1,11,2.0,0,NONE
3296,37.288805,127.1075741667,-6.805,-19.667,0.0,0.0,0.0,1,11,2.0,0,NONE
3297,37.2888043333,127.1075768333,-6.569,-19.741,0.0,0.0,0.0,1,11,2.0,0,NONE
3298,37.2888038333,127.1075791667,-6.362,-19.796,0.0,0.0,0.0,1,11,2.0,0,NONE
3299,37.2888035,127.1075816667,-6.141,-19.834,0.0,0.0,0.0,1,11,2.0,0,NONE
3300,37.2888031667,127.1075841667,-5.919,-19.871,0.0,0.0,0.0,1,11,2.0,0,NONE
3301,37.2888026667,127.1075865,-5.712,-19.926,0.0,0.0,0.0,1,11,2.0,0,NONE
3302,37.288802,127.1075886667,-5.521,-20.0,0.0,0.0,0.0,1,11,2.0,0,NONE
3303,37.2888011667,127.1075911667,-5.299,-20.093,0.0,0.0,0.0,1,11,2.0,0,NONE
3304,37.2888006667,127.1075933333,-5.107,-20.149,0.0,0.0,0.0,1,11,2.0,0,NONE
3305,37.2888001667,127.1075956667,-4.901,-20.205,0.0,0.0,0.0,1,11,2.0,0,NONE
3306,37.2887998333,127.107598,-4.694,-20.242,0.0,0.0,0.0,1,11,2.0,0,NONE
3307,37.288799,127.1076001667,-4.502,-20.334,0.0,0.0,0.0,1,11,2.0,0,NONE
3308,37.2887983333,127.1076023333,-4.31,-20.409,0.0,0.0,0.0,1,11,2.0,0,NONE
3309,37.2887975,127.1076045,-4.118,-20.501,0.0,0.0,0.0,1,11,2.0,0,NONE
3310,37.288797,127.1076065,-3.941,-20.557,0.0,0.0,0.0,1,11,2.0,0,NONE
3311,37.2887965,127.1076085,-3.764,-20.613,0.0,0.0,0.0,1,11,2.0,0,NONE
3312,37.288796,127.1076108333,-3.557,-20.668,0.0,0.0,0.0,1,11,2.0,0,NONE
3313,37.2887953333,127.1076128333,-3.38,-20.743,0.0,0.0,0.0,1,11,2.0,0,NONE
3314,37.2887946667,127.1076148333,-3.203,-20.817,0.0,0.0,0.0,1,11,2.0,0,NONE
3315,37.288794,127.1076171667,-2.996,-20.891,0.0,0.0,0.0,1,11,2.0,0,NONE
3316,37.2887935,127.107619,-2.834,-20.947,0.0,0.0,0.0,1,11,2.0,0,NONE
3317,37.2887931667,127.107621,-2.657,-20.984,0.0,0.0,0.0,1,11,2.0,0,NONE
3318,37.2887928333,127.1076228333,-2.495,-21.021,0.0,0.0,0.0,1,11,2.0,0,NONE
3319,37.2887921667,127.107625,-2.303,-21.095,0.0,0.0,0.0,1,11,2.0,0,NONE
3320,37.2887913333,127.1076271667,-2.111,-21.188,0.0,0.0,0.0,1,11,2.0,0,NONE
3321,37.288791,127.107629,-1.948,-21.225,0.0,0.0,0.0,1,11,2.0,0,NONE
3322,37.2887911667,127.1076313333,-1.742,-21.206,0.0,0.0,0.0,1,11,2.0,0,NONE
3323,37.2887908333,127.1076331667,-1.579,-21.244,0.0,0.0,0.0,1,11,2.0,0,NONE
