segment_id,segment_type,point_index,latitude,longitude,x_m,y_m,direction,mode,drive_level,event,from_node,to_node
AAA_BASE,base,0,37.2889770000,127.1076504891,-0.015000,0.000000,1,1,2,NONE,,
AAA_BASE,base,1,37.2889774063,127.1076488303,-0.161915,0.045225,1,1,2,NONE,,
AAA_BASE,base,2,37.2889778930,127.1076472498,-0.301895,0.099410,1,1,2,NONE,,
AAA_BASE,base,3,37.2889783889,127.1076453149,-0.473260,0.154607,1,1,2,NONE,,
AAA_BASE,base,4,37.2889789728,127.1076433013,-0.651593,0.219607,1,1,2,NONE,,
AAA_BASE,base,5,37.2889793356,127.1076416595,-0.797000,0.260000,1,1,2,NONE,,
AAA_BASE,base,6,37.2889798411,127.1076398010,-0.961593,0.316274,1,1,2,NONE,,
AAA_BASE,base,7,37.2889805598,127.1076376745,-1.149926,0.396274,1,1,2,NONE,,
AAA_BASE,base,8,37.2889813299,127.1076358220,-1.314000,0.482000,1,1,2,NONE,,
AAA_BASE,base,9,37.2889820270,127.1076337226,-1.499926,0.559607,1,1,2,NONE,,
AAA_BASE,base,10,37.2889826259,127.1076318784,-1.663260,0.626274,1,1,2,NONE,,
AAA_BASE,base,11,37.2889831649,127.1076300718,-1.823260,0.686274,1,1,2,NONE,,
AAA_BASE,base,12,37.2889838361,127.1076279972,-2.007000,0.761000,1,1,2,NONE,,
AAA_BASE,base,13,37.2889843302,127.1076261567,-2.170000,0.816000,1,1,2,NONE,,
AAA_BASE,base,14,37.2889850040,127.1076241582,-2.347000,0.891000,1,1,2,NONE,,
AAA_BASE,base,15,37.2889856687,127.1076221597,-2.524000,0.965000,1,1,2,NONE,,
AAA_BASE,base,16,37.2889863335,127.1076201612,-2.701000,1.039000,1,1,2,NONE,,
AAA_BASE,base,17,37.2889869982,127.1076181626,-2.878000,1.113000,1,1,2,NONE,,
AAA_BASE,base,18,37.2889875013,127.1076161641,-3.055000,1.169000,1,1,2,NONE,,
AAA_BASE,base,19,37.2889880756,127.1076141325,-3.234926,1.232940,1,1,2,NONE,,
AAA_BASE,base,20,37.2889886691,127.1076119864,-3.425000,1.299000,1,1,2,NONE,,
AAA_BASE,base,21,37.2889894381,127.1076099172,-3.608260,1.384607,1,1,2,NONE,,
AAA_BASE,base,22,37.2889900220,127.1076077530,-3.799926,1.449607,1,1,2,NONE,,
AAA_BASE,base,23,37.2889906059,127.1076054007,-4.008260,1.514607,1,1,2,NONE,,
AAA_BASE,base,24,37.2889911000,127.1076034060,-4.184926,1.569607,1,1,2,NONE,,
AAA_BASE,base,25,37.2889918311,127.1076011582,-4.384000,1.651000,1,1,2,NONE,,
AAA_BASE,base,26,37.2889923342,127.1075991597,-4.561000,1.707000,1,1,2,NONE,,
AAA_BASE,base,27,37.2889929989,127.1075969918,-4.753000,1.781000,1,1,2,NONE,,
AAA_BASE,base,28,37.2889938344,127.1075946545,-4.960000,1.874000,1,1,2,NONE,,
AAA_BASE,base,29,37.2889944991,127.1075924866,-5.152000,1.948000,1,1,2,NONE,,
AAA_BASE,base,30,37.2889950022,127.1075901606,-5.358000,2.004000,1,1,2,NONE,,
AAA_BASE,base,31,37.2889954418,127.1075878618,-5.561593,2.052940,1,1,2,NONE,,
AAA_BASE,base,32,37.2889959993,127.1075854974,-5.771000,2.115000,1,1,2,NONE,,
AAA_BASE,base,33,37.2889966640,127.1075829907,-5.993000,2.189000,1,1,2,NONE,,
AAA_BASE,base,34,37.2889974995,127.1075806535,-6.200000,2.282000,1,1,2,NONE,,
AAA_BASE,base,35,37.2889981642,127.1075783275,-6.406000,2.356000,1,1,2,NONE,,
AAA_BASE,base,36,37.2889986895,127.1075757757,-6.631998,2.414475,1,1,2,NONE,,
AAA_BASE,base,37,37.2889991703,127.1075733255,-6.849000,2.468000,1,1,2,NONE,,
AAA_BASE,base,38,37.2889998351,127.1075708302,-7.070000,2.542000,1,1,2,NONE,,
AAA_BASE,base,39,37.2890004998,127.1075684929,-7.277000,2.616000,1,1,2,NONE,,
AAA_BASE,base,40,37.2890011646,127.1075658282,-7.513000,2.690000,1,1,2,NONE,,
AAA_BASE,base,41,37.2890016676,127.1075634910,-7.720000,2.746000,1,1,2,NONE,,
AAA_BASE,base,42,37.2890021707,127.1075609956,-7.941000,2.802000,1,1,2,NONE,,
AAA_BASE,base,43,37.2890025031,127.1075583196,-8.178000,2.839000,1,1,2,NONE,,
AAA_BASE,base,44,37.2890029971,127.1075558243,-8.399000,2.894000,1,1,2,NONE,,
AAA_BASE,base,45,37.2890036709,127.1075533289,-8.620000,2.969000,1,1,2,NONE,,
AAA_BASE,base,46,37.2890043356,127.1075508223,-8.842000,3.043000,1,1,2,NONE,,
AAA_BASE,base,47,37.2890048130,127.1075482442,-9.070331,3.096142,1,1,2,NONE,,
AAA_BASE,base,48,37.2890053327,127.1075456623,-9.299000,3.154000,1,1,2,NONE,,
AAA_BASE,base,49,37.2890058358,127.1075429863,-9.536000,3.210000,1,1,2,NONE,,
AAA_BASE,base,50,37.2890063299,127.1075404909,-9.757000,3.265000,1,1,2,NONE,,
AAA_BASE,base,51,37.2890071653,127.1075378262,-9.993000,3.358000,1,1,2,NONE,,
AAA_BASE,base,52,37.2890078300,127.1075353196,-10.215000,3.432000,1,1,2,NONE,,
AAA_BASE,base,53,37.2890085038,127.1075326549,-10.451000,3.507000,1,1,2,NONE,,
AAA_BASE,base,54,37.2890089978,127.1075299902,-10.687000,3.562000,1,1,2,NONE,,
AAA_BASE,base,55,37.2890095890,127.1075276379,-10.895331,3.627809,1,1,2,NONE,,
AAA_BASE,base,56,37.2890103363,127.1075253269,-11.100000,3.711000,1,1,2,NONE,,
AAA_BASE,base,57,37.2890110011,127.1075231590,-11.292000,3.785000,1,1,2,NONE,,
AAA_BASE,base,58,37.2890115041,127.1075211605,-11.469000,3.841000,1,1,2,NONE,,
AAA_BASE,base,59,37.2890119982,127.1075191620,-11.646000,3.896000,1,1,2,NONE,,
AAA_BASE,base,60,37.2890123306,127.1075171635,-11.823000,3.933000,1,1,2,NONE,,
AAA_BASE,base,61,37.2890126630,127.1075154924,-11.971000,3.970000,1,1,2,NONE,,
AAA_BASE,base,62,37.2890130043,127.1075138213,-12.119000,4.008000,1,1,2,NONE,,
AAA_BASE,base,63,37.2890135537,127.1075115249,-12.322379,4.069163,1,1,2,NONE,,
AAA_BASE,base,64,37.2890138382,127.1075098877,-12.467379,4.100829,1,1,2,NONE,,
AAA_BASE,base,65,37.2890141077,127.1075086080,-12.580713,4.130829,1,1,2,STOP_LINE,,
AAA_BASE,base,66,37.2890144820,127.1075068014,-12.740713,4.172496,1,1,2,NONE,,
AAA_BASE,base,67,37.2890149910,127.1075047879,-12.919046,4.229163,1,1,2,NONE,,
AAA_BASE,base,68,37.2890155016,127.1075031625,-13.063000,4.286000,1,1,2,NONE,,
AAA_BASE,base,69,37.2890159957,127.1075014914,-13.211000,4.341000,1,1,2,NONE,,
AAA_BASE,base,70,37.2890164987,127.1074993235,-13.403000,4.397000,1,1,2,NONE,,
AAA_BASE,base,71,37.2890169673,127.1074969029,-13.617379,4.449163,1,1,2,NONE,,
AAA_BASE,base,72,37.2890174959,127.1074948296,-13.801000,4.508000,1,1,2,NONE,,
AAA_BASE,base,73,37.2890181696,127.1074926617,-13.993000,4.583000,1,1,2,NONE,,
AAA_BASE,base,74,37.2890188344,127.1074901551,-14.215000,4.657000,1,1,2,NONE,,
AAA_BASE,base,75,37.2890194991,127.1074876597,-14.436000,4.731000,1,1,2,NONE,,
AAA_BASE,base,76,37.2890200022,127.1074853225,-14.643000,4.787000,1,1,2,NONE,,
AAA_BASE,base,77,37.2890204962,127.1074826578,-14.879000,4.842000,1,1,2,NONE,,
AAA_BASE,base,78,37.2890211700,127.1074803205,-15.086000,4.917000,1,1,2,NONE,,
AAA_BASE,base,79,37.2890219964,127.1074778252,-15.307000,5.009000,1,1,2,NONE,,
AAA_BASE,base,80,37.2890228318,127.1074753298,-15.528000,5.102000,1,1,2,NONE,,
AAA_BASE,base,81,37.2890236673,127.1074728232,-15.750000,5.195000,1,1,2,NONE,,
AAA_BASE,base,82,37.2890243320,127.1074701585,-15.986000,5.269000,1,1,2,NONE,,
AAA_BASE,base,83,37.2890248351,127.1074674938,-16.222000,5.325000,1,1,2,NONE,,
AAA_BASE,base,84,37.2890254998,127.1074649871,-16.444000,5.399000,1,1,2,NONE,,
AAA_BASE,base,85,37.2890263352,127.1074623224,-16.680000,5.492000,1,1,2,NONE,,
AAA_BASE,base,86,37.2890271707,127.1074596577,-16.916000,5.585000,1,1,2,NONE,,
AAA_BASE,base,87,37.2890278354,127.1074569930,-17.152000,5.659000,1,1,2,NONE,,
AAA_BASE,base,88,37.2890285002,127.1074543283,-17.388000,5.733000,1,1,2,NONE,,
AAA_BASE,base,89,37.2890293356,127.1074514942,-17.639000,5.826000,1,1,2,NONE,,
AAA_BASE,base,90,37.2890301710,127.1074488295,-17.875000,5.919000,1,1,2,NONE,,
AAA_BASE,base,91,37.2890311682,127.1074461535,-18.112000,6.030000,1,1,2,NONE,,
AAA_BASE,base,92,37.2890318329,127.1074434888,-18.348000,6.104000,1,1,2,NONE,,
AAA_BASE,base,93,37.2890324977,127.1074406547,-18.599000,6.178000,1,1,2,NONE,,
AAA_BASE,base,94,37.2890331624,127.1074378207,-18.850000,6.252000,1,1,2,NONE,,
AAA_BASE,base,95,37.2890338361,127.1074353253,-19.071000,6.327000,1,1,2,NONE,,
AAA_BASE,base,96,37.2890346626,127.1074326606,-19.307000,6.419000,1,1,2,NONE,,
AAA_BASE,base,97,37.2890354980,127.1074301540,-19.529000,6.512000,1,1,2,NONE,,
AAA_BASE,base,98,37.2890361628,127.1074278280,-19.735000,6.586000,1,1,2,NONE,,
AAA_BASE,base,99,37.2890366658,127.1074254908,-19.942000,6.642000,1,1,2,NONE,,
AAA_BASE,base,100,37.2890371638,127.1074235065,-20.117736,6.697432,1,1,2,NONE,,
AAA_BASE,base,101,37.2890378336,127.1074213243,-20.311000,6.772000,1,1,2,NONE,,
AAA_BASE,base,102,37.2890383367,127.1074193258,-20.488000,6.828000,1,1,2,NONE,,
AAA_BASE,base,103,37.2890388556,127.1074175410,-20.646070,6.885765,1,1,2,NONE,,
AAA_BASE,base,104,37.2890393796,127.1074156403,-20.814403,6.944098,1,1,2,NONE,,
AAA_BASE,base,105,37.2890397689,127.1074137397,-20.982736,6.987432,1,1,2,NONE,,
AAA_BASE,base,106,37.2890400384,127.1074124788,-21.094403,7.017432,1,1,2,NONE,,
AAA_BASE,base,107,37.2890400983,127.1074121589,-21.122736,7.024098,1,2,2,NONE,,
AAA_BASE,base,108,37.2890404127,127.1074106722,-21.254403,7.059098,1,2,2,NONE,,
AAA_BASE,base,109,37.2890408319,127.1074082635,-21.467736,7.105765,1,2,2,NONE,,
AAA_BASE,base,110,37.2890413110,127.1074061746,-21.652736,7.159098,1,2,2,NONE,,
AAA_BASE,base,111,37.2890417751,127.1074044433,-21.806070,7.210765,1,2,2,NONE,,
AAA_BASE,base,112,37.2890422991,127.1074027496,-21.956070,7.269098,1,2,2,NONE,,
AAA_BASE,base,113,37.2890428531,127.1074007737,-22.131070,7.330765,1,2,2,NONE,,
AAA_BASE,base,114,37.2890434220,127.1073987977,-22.306070,7.394098,1,2,2,NONE,,
AAA_BASE,base,115,37.2890438861,127.1073967842,-22.484403,7.445765,1,2,2,NONE,,
AAA_BASE,base,116,37.2890443374,127.1073946547,-22.673000,7.496000,1,2,2,NONE,,
AAA_BASE,base,117,37.2890448315,127.1073924868,-22.865000,7.551000,1,2,2,NONE,,
AAA_BASE,base,118,37.2890454962,127.1073899914,-23.086000,7.625000,1,2,2,NONE,,
AAA_BASE,base,119,37.2890463317,127.1073876542,-23.293000,7.718000,1,2,2,NONE,,
AAA_BASE,base,120,37.2890471051,127.1073852296,-23.507736,7.804098,1,2,2,NONE,,
AAA_BASE,base,121,37.2890476701,127.1073829909,-23.706000,7.867000,1,2,2,NONE,,
AAA_BASE,base,122,37.2890481642,127.1073804956,-23.927000,7.922000,1,2,2,NONE,,
AAA_BASE,base,123,37.2890486673,127.1073781583,-24.134000,7.978000,1,2,2,NONE,,
AAA_BASE,base,124,37.2890492161,127.1073757826,-24.344403,8.039098,1,2,2,NONE,,
AAA_BASE,base,125,37.2890499968,127.1073733257,-24.562000,8.126000,1,2,2,NONE,,
AAA_BASE,base,126,37.2890506705,127.1073709885,-24.769000,8.201000,1,2,2,NONE,,
AAA_BASE,base,127,37.2890513352,127.1073686625,-24.975000,8.275000,1,2,2,NONE,,
AAA_BASE,base,128,37.2890518293,127.1073661559,-25.197000,8.330000,1,2,2,NONE,,
AAA_BASE,base,129,37.2890525031,127.1073638299,-25.403000,8.405000,1,2,2,NONE,,
AAA_BASE,base,130,37.2890533295,127.1073614926,-25.610000,8.497000,1,2,2,NONE,,
AAA_BASE,base,131,37.2890541649,127.1073591554,-25.817000,8.590000,1,2,2,NONE,,
AAA_BASE,base,132,37.2890548297,127.1073568294,-26.023000,8.664000,1,2,2,NONE,,
AAA_BASE,base,133,37.2890555034,127.1073543228,-26.245000,8.739000,1,2,2,NONE,,
AAA_BASE,base,134,37.2890559975,127.1073519968,-26.451000,8.794000,1,2,2,NONE,,
AAA_BASE,base,135,37.2890566622,127.1073494902,-26.673000,8.868000,1,2,2,NONE,,
AAA_BASE,base,136,37.2890573360,127.1073471529,-26.880000,8.943000,1,2,2,NONE,,
AAA_BASE,base,137,37.2890580007,127.1073448269,-27.086000,9.017000,1,2,2,NONE,,
AAA_BASE,base,138,37.2890586933,127.1073423797,-27.302736,9.094098,1,2,2,NONE,,
AAA_BASE,base,139,37.2890593302,127.1073403218,-27.485000,9.165000,1,2,2,NONE,,
AAA_BASE,base,140,37.2890600040,127.1073379958,-27.691000,9.240000,1,2,2,NONE,,
AAA_BASE,base,141,37.2890606846,127.1073357556,-27.889403,9.315765,1,2,2,NONE,,
AAA_BASE,base,142,37.2890613335,127.1073334906,-28.090000,9.388000,1,2,2,NONE,,
AAA_BASE,base,143,37.2890621689,127.1073313227,-28.282000,9.481000,1,2,2,NONE,,
AAA_BASE,base,144,37.2890628336,127.1073293242,-28.459000,9.555000,1,2,2,NONE,,
AAA_BASE,base,145,37.2890634984,127.1073271563,-28.651000,9.629000,1,2,2,NONE,,
AAA_BASE,base,146,37.2890640832,127.1073249161,-28.849403,9.694098,1,2,2,NONE,,
AAA_BASE,base,147,37.2890646662,127.1073228205,-29.035000,9.759000,1,2,2,NONE,,
AAA_BASE,base,148,37.2890655016,127.1073204945,-29.241000,9.852000,1,2,2,NONE,,
AAA_BASE,base,149,37.2890663589,127.1073181791,-29.446070,9.947432,1,2,2,NONE,,
AAA_BASE,base,150,37.2890669877,127.1073161843,-29.622736,10.017432,1,2,2,NONE,,
AAA_BASE,base,151,37.2890676315,127.1073139637,-29.819403,10.089098,1,2,2,NONE,,
AAA_BASE,base,152,37.2890681696,127.1073116536,-30.024000,10.149000,1,2,2,NONE,,
AAA_BASE,base,153,37.2890686637,127.1073093276,-30.230000,10.204000,1,2,2,NONE,,
AAA_BASE,base,154,37.2890691667,127.1073073291,-30.407000,10.260000,1,2,2,NONE,,
AAA_BASE,base,155,37.2890698315,127.1073049918,-30.614000,10.334000,1,2,2,NONE,,
AAA_BASE,base,156,37.2890703564,127.1073030301,-30.787736,10.392432,1,2,2,NONE,,
AAA_BASE,base,157,37.2890708804,127.1073009601,-30.971070,10.450765,1,2,2,NONE,,
AAA_BASE,base,158,37.2890713317,127.1072989962,-31.145000,10.501000,1,2,2,NONE,,
AAA_BASE,base,159,37.2890718347,127.1072971558,-31.308000,10.557000,1,2,2,NONE,,
AAA_BASE,base,160,37.2890723925,127.1072954462,-31.459403,10.619098,1,2,2,NONE,,
AAA_BASE,base,161,37.2890730025,127.1072936555,-31.618000,10.687000,1,2,2,NONE,,
AAA_BASE,base,162,37.2890735753,127.1072917390,-31.787736,10.750765,1,2,2,NONE,,
AAA_BASE,base,163,37.2890740694,127.1072900077,-31.941070,10.805765,1,2,2,NONE,,
AAA_BASE,base,164,37.2890745934,127.1072883140,-32.091070,10.864098,1,2,2,NONE,,
AAA_BASE,base,165,37.2890749078,127.1072871284,-32.196070,10.899098,1,2,2,STOP_LINE,,
AAA_BASE,base,166,37.2890752971,127.1072856982,-32.322736,10.942432,1,2,2,NONE,,
AAA_BASE,base,167,37.2890757163,127.1072838917,-32.482736,10.989098,1,2,2,NONE,,
AAA_BASE,base,168,37.2890761646,127.1072818224,-32.666000,11.039000,1,2,2,NONE,,
AAA_BASE,base,169,37.2890766676,127.1072794964,-32.872000,11.095000,1,2,2,NONE,,
AAA_BASE,base,170,37.2890772285,127.1072774181,-33.056070,11.157432,1,2,2,NONE,,
AAA_BASE,base,171,37.2890778354,127.1072754881,-33.227000,11.225000,1,2,2,NONE,,
AAA_BASE,base,172,37.2890785002,127.1072733202,-33.419000,11.299000,1,2,2,NONE,,
AAA_BASE,base,173,37.2890790032,127.1072709942,-33.625000,11.355000,1,2,2,NONE,,
AAA_BASE,base,174,37.2890794973,127.1072688263,-33.817000,11.410000,1,2,2,NONE,,
AAA_BASE,base,175,37.2890801480,127.1072666162,-34.012736,11.482432,1,2,2,NONE,,
AAA_BASE,base,176,37.2890808358,127.1072646599,-34.186000,11.559000,1,2,2,NONE,,
AAA_BASE,base,177,37.2890816622,127.1072624920,-34.378000,11.651000,1,2,2,NONE,,
AAA_BASE,base,178,37.2890821653,127.1072608209,-34.526000,11.707000,1,2,2,NONE,,
AAA_BASE,base,179,37.2890826683,127.1072586530,-34.718000,11.763000,1,2,2,NONE,,
AAA_BASE,base,180,37.2890833331,127.1072564964,-34.909000,11.837000,1,2,2,NONE,,
AAA_BASE,base,181,37.2890838361,127.1072546559,-35.072000,11.893000,1,2,2,NONE,,
AAA_BASE,base,182,37.2890843302,127.1072526574,-35.249000,11.948000,1,2,2,NONE,,
AAA_BASE,base,183,37.2890850040,127.1072506589,-35.426000,12.023000,1,2,2,NONE,,
AAA_BASE,base,184,37.2890854980,127.1072488297,-35.588000,12.078000,1,2,2,NONE,,
AAA_BASE,base,185,37.2890860319,127.1072467815,-35.769403,12.137432,1,2,2,NONE,,
AAA_BASE,base,186,37.2890863767,127.1072448113,-35.943894,12.175815,1,2,2,NONE,,
AAA_BASE,base,187,37.2890868408,127.1072429106,-36.112228,12.227482,1,2,2,NONE,,
AAA_BASE,base,188,37.2890872301,127.1072410476,-36.277228,12.270815,1,2,2,NONE,,
AAA_BASE,base,189,37.2890878140,127.1072387893,-36.477228,12.335815,1,2,2,NONE,,
AAA_BASE,base,190,37.2890884279,127.1072369451,-36.640561,12.404149,1,2,2,NONE,,
AAA_BASE,base,191,37.2890891016,127.1072348751,-36.823894,12.479149,1,2,2,NONE,,
AAA_BASE,base,192,37.2890896662,127.1072328302,-37.005000,12.542000,1,2,2,NONE,,
AAA_BASE,base,193,37.2890902544,127.1072302457,-37.233894,12.607482,1,2,2,NONE,,
AAA_BASE,base,194,37.2890909431,127.1072281192,-37.422228,12.684149,1,2,2,NONE,,
AAA_BASE,base,195,37.2890916694,127.1072259878,-37.611000,12.765000,1,2,2,NONE,,
AAA_BASE,base,196,37.2890923205,127.1072238474,-37.800561,12.837482,1,2,2,NONE,,
AAA_BASE,base,197,37.2890929344,127.1072216645,-37.993894,12.905815,1,2,2,NONE,,
AAA_BASE,base,198,37.2890933313,127.1072196534,-38.172000,12.950000,1,2,2,NONE,,
AAA_BASE,base,199,37.2890938177,127.1072172985,-38.380561,13.004149,1,2,2,NONE,,
AAA_BASE,base,200,37.2890942519,127.1072152285,-38.563894,13.052482,1,2,2,NONE,,
AAA_BASE,base,201,37.2890948315,127.1072129917,-38.762000,13.117000,1,2,2,NONE,,
AAA_BASE,base,202,37.2890956443,127.1072106368,-38.970561,13.207482,1,2,2,NONE,,
AAA_BASE,base,203,37.2890961700,127.1072084865,-39.161000,13.266000,1,2,2,NONE,,
AAA_BASE,base,204,37.2890966640,127.1072064880,-39.338000,13.321000,1,2,2,NONE,,
AAA_BASE,base,205,37.2890971671,127.1072041620,-39.544000,13.377000,1,2,2,NONE,,
AAA_BASE,base,206,37.2890978318,127.1072018247,-39.751000,13.451000,1,2,2,NONE,,
AAA_BASE,base,207,37.2890985039,127.1071996091,-39.947228,13.525815,1,2,2,NONE,,
AAA_BASE,base,208,37.2890991703,127.1071973196,-40.150000,13.600000,1,2,2,NONE,,
AAA_BASE,base,209,37.2890996717,127.1071950174,-40.353894,13.655815,1,2,2,NONE,,
AAA_BASE,base,210,37.2891001674,127.1071929951,-40.533000,13.711000,1,2,2,NONE,,
AAA_BASE,base,211,37.2891008322,127.1071906578,-40.740000,13.785000,1,2,2,NONE,,
AAA_BASE,base,212,37.2891014969,127.1071884899,-40.932000,13.859000,1,2,2,NONE,,
AAA_BASE,base,213,37.2891021707,127.1071864914,-41.109000,13.934000,1,2,2,NONE,,
AAA_BASE,base,214,37.2891026648,127.1071844929,-41.286000,13.989000,1,2,2,NONE,,
AAA_BASE,base,215,37.2891030703,127.1071826724,-41.447228,14.034149,1,2,2,NONE,,
AAA_BASE,base,216,37.2891035002,127.1071806539,-41.626000,14.082000,1,2,2,NONE,,
AAA_BASE,base,217,37.2891040032,127.1071788247,-41.788000,14.138000,1,2,2,NONE,,
AAA_BASE,base,218,37.2891047322,127.1071767822,-41.968894,14.219149,1,2,2,NONE,,
AAA_BASE,base,219,37.2891055034,127.1071746583,-42.157000,14.305000,1,2,2,NONE,,
AAA_BASE,base,220,37.2891061682,127.1071724904,-42.349000,14.379000,1,2,2,NONE,,
AAA_BASE,base,221,37.2891068329,127.1071701531,-42.556000,14.453000,1,2,2,NONE,,
AAA_BASE,base,222,37.2891076683,127.1071678271,-42.762000,14.546000,1,2,2,NONE,,
AAA_BASE,base,223,37.2891083331,127.1071656592,-42.954000,14.620000,1,2,2,NONE,,
AAA_BASE,base,224,37.2891093302,127.1071631639,-43.175000,14.731000,1,2,2,NONE,,
AAA_BASE,base,225,37.2891100040,127.1071608266,-43.382000,14.806000,1,2,2,NONE,,
AAA_BASE,base,226,37.2891105263,127.1071587540,-43.565561,14.864149,1,2,2,NONE,,
AAA_BASE,base,227,37.2891111628,127.1071561634,-43.795000,14.935000,1,2,2,NONE,,
AAA_BASE,base,228,37.2891118365,127.1071538261,-44.002000,15.010000,1,2,2,NONE,,
AAA_BASE,base,229,37.2891125013,127.1071516582,-44.194000,15.084000,1,2,2,NONE,,
AAA_BASE,base,230,37.2891133367,127.1071493210,-44.401000,15.177000,1,2,2,NONE,,
AAA_BASE,base,231,37.2891140014,127.1071471531,-44.593000,15.251000,1,2,2,NONE,,
AAA_BASE,base,232,37.2891144955,127.1071448271,-44.799000,15.306000,1,2,2,NONE,,
AAA_BASE,base,233,37.2891149986,127.1071426592,-44.991000,15.362000,1,2,2,NONE,,
AAA_BASE,base,234,37.2891155016,127.1071404913,-45.183000,15.418000,1,2,2,NONE,,
AAA_BASE,base,235,37.2891163370,127.1071379960,-45.404000,15.511000,1,2,2,NONE,,
AAA_BASE,base,236,37.2891170018,127.1071356587,-45.611000,15.585000,1,2,2,NONE,,
AAA_BASE,base,237,37.2891174959,127.1071334908,-45.803000,15.640000,1,2,2,NONE,,
AAA_BASE,base,238,37.2891182218,127.1071309214,-46.030561,15.720815,1,2,2,NONE,,
AAA_BASE,base,239,37.2891188344,127.1071288276,-46.216000,15.789000,1,2,2,NONE,,
AAA_BASE,base,240,37.2891195543,127.1071260575,-46.461331,15.869148,1,2,2,NONE,,
AAA_BASE,base,241,37.2891201682,127.1071239021,-46.652228,15.937482,1,2,2,NONE,,
AAA_BASE,base,242,37.2891206323,127.1071216438,-46.852228,15.989149,1,2,2,NONE,,
AAA_BASE,base,243,37.2891209993,127.1071196592,-47.028000,16.030000,1,2,2,NONE,,
AAA_BASE,base,244,37.2891215023,127.1071174913,-47.220000,16.086000,1,2,2,NONE,,
AAA_BASE,base,245,37.2891219964,127.1071156621,-47.382000,16.141000,1,2,2,NONE,,
AAA_BASE,base,246,37.2891226086,127.1071136271,-47.562228,16.209149,1,2,2,NONE,,
AAA_BASE,base,247,37.2891231642,127.1071118231,-47.722000,16.271000,1,2,2,NONE,,
AAA_BASE,base,248,37.2891236673,127.1071096552,-47.914000,16.327000,1,2,2,NONE,,
AAA_BASE,base,249,37.2891241956,127.1071076993,-48.087228,16.385815,1,2,2,NONE,,
AAA_BASE,base,250,37.2891248351,127.1071058275,-48.253000,16.457000,1,2,2,NONE,,
AAA_BASE,base,251,37.2891251674,127.1071048226,-48.342000,16.494000,1,3,2,NONE,,
AAA_BASE,base,252,37.2891257377,127.1071029570,-48.507228,16.557482,1,3,2,NONE,,
AAA_BASE,base,253,37.2891262617,127.1071010375,-48.677228,16.615815,1,3,2,NONE,,
AAA_BASE,base,254,37.2891266676,127.1070991545,-48.844000,16.661000,1,3,2,NONE,,
AAA_BASE,base,255,37.2891271707,127.1070966591,-49.065000,16.717000,1,3,2,NONE,,
AAA_BASE,base,256,37.2891275031,127.1070948300,-49.227000,16.754000,1,3,2,NONE,,
AAA_BASE,base,257,37.2891279971,127.1070926621,-49.419000,16.809000,1,3,2,NONE,,
AAA_BASE,base,258,37.2891285002,127.1070903248,-49.626000,16.865000,1,3,2,NONE,,
AAA_BASE,base,259,37.2891288668,127.1070881468,-49.818894,16.905815,1,3,2,NONE,,
AAA_BASE,base,260,37.2891293356,127.1070856616,-50.039000,16.958000,1,3,2,NONE,,
AAA_BASE,base,261,37.2891298297,127.1070831549,-50.261000,17.013000,1,3,2,NONE,,
AAA_BASE,base,262,37.2891306651,127.1070804902,-50.497000,17.106000,1,3,2,NONE,,
AAA_BASE,base,263,37.2891311682,127.1070781530,-50.704000,17.162000,1,3,2,NONE,,
AAA_BASE,base,264,37.2891318329,127.1070756576,-50.925000,17.236000,1,3,2,NONE,,
AAA_BASE,base,265,37.2891324301,127.1070730732,-51.153894,17.302482,1,3,2,NONE,,
AAA_BASE,base,266,37.2891331624,127.1070704863,-51.383000,17.384000,1,3,2,NONE,,
AAA_BASE,base,267,37.2891339978,127.1070679910,-51.604000,17.477000,1,3,2,NONE,,
AAA_BASE,base,268,37.2891346626,127.1070654956,-51.825000,17.551000,1,3,2,NONE,,
AAA_BASE,base,269,37.2891353363,127.1070629890,-52.047000,17.626000,1,3,2,NONE,,
AAA_BASE,base,270,37.2891358304,127.1070603243,-52.283000,17.681000,1,3,2,NONE,,
AAA_BASE,base,271,37.2891365041,127.1070578289,-52.504000,17.756000,1,3,2,NONE,,
AAA_BASE,base,272,37.2891371689,127.1070553223,-52.726000,17.830000,1,3,2,NONE,,
AAA_BASE,base,273,37.2891380043,127.1070528270,-52.947000,17.923000,1,3,2,NONE,,
AAA_BASE,base,274,37.2891386691,127.1070503203,-53.169000,17.997000,1,3,2,NONE,,
AAA_BASE,base,275,37.2891393338,127.1070476556,-53.405000,18.071000,1,3,2,NONE,,
AAA_BASE,base,276,37.2891399986,127.1070449909,-53.641000,18.145000,1,3,2,NONE,,
AAA_BASE,base,277,37.2891406633,127.1070424956,-53.862000,18.219000,1,3,2,NONE,,
AAA_BASE,base,278,37.2891414987,127.1070398196,-54.099000,18.312000,1,3,2,NONE,,
AAA_BASE,base,279,37.2891423342,127.1070371549,-54.335000,18.405000,1,3,2,NONE,,
AAA_BASE,base,280,37.2891428372,127.1070346595,-54.556000,18.461000,1,3,2,NONE,,
AAA_BASE,base,281,37.2891435020,127.1070319948,-54.792000,18.535000,1,3,2,NONE,,
AAA_BASE,base,282,37.2891443374,127.1070294882,-55.014000,18.628000,1,3,2,NONE,,
AAA_BASE,base,283,37.2891453345,127.1070268235,-55.250000,18.739000,1,3,2,NONE,,
AAA_BASE,base,284,37.2891465023,127.1070243282,-55.471000,18.869000,1,3,2,NONE,,
AAA_BASE,base,285,37.2891473378,127.1070219909,-55.678000,18.962000,1,3,2,NONE,,
AAA_BASE,base,286,37.2891483349,127.1070189874,-55.944000,19.073000,1,3,2,NONE,,
AAA_BASE,base,287,37.2891491703,127.1070163227,-56.180000,19.166000,1,3,2,NONE,,
AAA_BASE,base,288,37.2891501674,127.1070136580,-56.416000,19.277000,1,3,2,NONE,,
AAA_BASE,base,289,37.2891510029,127.1070108240,-56.667000,19.370000,1,3,2,NONE,,
AAA_BASE,base,290,37.2891518486,127.1070080739,-56.910561,19.464149,1,3,2,NONE,,
AAA_BASE,base,291,37.2891526648,127.1070053252,-57.154000,19.555000,1,3,2,NONE,,
AAA_BASE,base,292,37.2891533295,127.1070021637,-57.434000,19.629000,1,3,2,NONE,,
AAA_BASE,base,293,37.2891541649,127.1069993296,-57.685000,19.722000,1,3,2,NONE,,
AAA_BASE,base,294,37.2891544973,127.1069976585,-57.833000,19.759000,1,3,2,NONE,,
AAA_BASE,base,295,37.2891553327,127.1069948244,-58.084000,19.852000,1,3,2,NONE,,
AAA_BASE,base,296,37.2891556651,127.1069931533,-58.232000,19.889000,1,3,2,NONE,,
AAA_BASE,base,297,37.2891563299,127.1069901612,-58.497000,19.963000,1,3,2,NONE,,
AAA_BASE,base,298,37.2891568329,127.1069871577,-58.763000,20.019000,1,3,2,NONE,,
AAA_BASE,base,299,37.2891571653,127.1069854867,-58.911000,20.056000,1,3,2,NONE,,
AAA_BASE,base,300,37.2891576683,127.1069826639,-59.161000,20.112000,1,3,2,NONE,,
AAA_BASE,base,301,37.2891581624,127.1069796604,-59.427000,20.167000,1,3,2,NONE,,
AAA_BASE,base,302,37.2891583331,127.1069768264,-59.678000,20.186000,1,3,2,NONE,,
AAA_BASE,base,303,37.2891583331,127.1069739923,-59.929000,20.186000,1,3,2,NONE,,
AAA_BASE,base,304,37.2891583331,127.1069711582,-60.180000,20.186000,1,3,2,NONE,,
AAA_BASE,base,305,37.2891583331,127.1069684935,-60.416000,20.186000,1,3,2,NONE,,
AAA_BASE,base,306,37.2891585038,127.1069656594,-60.667000,20.205000,1,3,2,NONE,,
AAA_BASE,base,307,37.2891585038,127.1069628254,-60.918000,20.205000,1,3,2,NONE,,
AAA_BASE,base,308,37.2891583331,127.1069601607,-61.154000,20.186000,1,3,2,NONE,,
AAA_BASE,base,309,37.2891580007,127.1069573266,-61.405000,20.149000,1,3,2,NONE,,
AAA_BASE,base,310,37.2891574977,127.1069544925,-61.656000,20.093000,1,3,2,NONE,,
AAA_BASE,base,311,37.2891571653,127.1069518278,-61.892000,20.056000,1,3,2,NONE,,
AAA_BASE,base,312,37.2891566622,127.1069489937,-62.143000,20.000000,1,3,2,NONE,,
AAA_BASE,base,313,37.2891561682,127.1069461597,-62.394000,19.945000,1,3,2,NONE,,
AAA_BASE,base,314,37.2891555467,127.1069434133,-62.637228,19.875815,1,3,2,NONE,,
AAA_BASE,base,315,37.2891548297,127.1069408302,-62.866000,19.796000,1,3,2,NONE,,
AAA_BASE,base,316,37.2891540032,127.1069381542,-63.103000,19.704000,1,3,2,NONE,,
AAA_BASE,base,317,37.2891533295,127.1069354895,-63.339000,19.629000,1,3,2,NONE,,
AAA_BASE,base,318,37.2891525031,127.1069326555,-63.590000,19.537000,1,3,2,NONE,,
AAA_BASE,base,319,37.2891516676,127.1069303295,-63.796000,19.444000,1,3,2,NONE,,
AAA_BASE,base,320,37.2891504998,127.1069278229,-64.018000,19.314000,1,3,2,NONE,,
AAA_BASE,base,321,37.2891491703,127.1069253275,-64.239000,19.166000,1,3,2,NONE,,
AAA_BASE,base,322,37.2891481642,127.1069229903,-64.446000,19.054000,1,3,2,NONE,,
AAA_BASE,base,323,37.2891469964,127.1069203255,-64.682000,18.924000,1,3,2,NONE,,
AAA_BASE,base,324,37.2891459993,127.1069178302,-64.903000,18.813000,1,3,2,NONE,,
AAA_BASE,base,325,37.2891448315,127.1069156623,-65.095000,18.683000,1,3,2,NONE,,
AAA_BASE,base,326,37.2891433313,127.1069134944,-65.287000,18.516000,1,3,2,NONE,,
AAA_BASE,base,327,37.2891420018,127.1069114959,-65.464000,18.368000,1,3,2,NONE,,
AAA_BASE,base,328,37.2891408340,127.1069094973,-65.641000,18.238000,1,3,2,NONE,,
AAA_BASE,base,329,37.2891394955,127.1069074875,-65.819000,18.089000,1,3,2,NONE,,
AAA_BASE,base,330,37.2891383367,127.1069054890,-65.996000,17.960000,1,3,2,NONE,,
AAA_BASE,base,331,37.2891368365,127.1069034905,-66.173000,17.793000,1,3,2,NONE,,
AAA_BASE,base,332,37.2891351656,127.1069016613,-66.335000,17.607000,1,3,2,NONE,,
AAA_BASE,base,333,37.2891335038,127.1068999902,-66.483000,17.422000,1,3,2,NONE,,
AAA_BASE,base,334,37.2891318329,127.1068981611,-66.645000,17.236000,1,3,2,NONE,,
AAA_BASE,base,335,37.2891303327,127.1068961625,-66.822000,17.069000,1,3,2,NONE,,
AAA_BASE,base,336,37.2891286709,127.1068943221,-66.985000,16.884000,1,3,2,NONE,,
AAA_BASE,base,337,37.2891270000,127.1068928203,-67.118000,16.698000,1,3,2,NONE,,
AAA_BASE,base,338,37.2891251674,127.1068911606,-67.265000,16.494000,1,3,2,NONE,,
AAA_BASE,base,339,37.2891234966,127.1068894895,-67.413000,16.308000,1,3,2,NONE,,
AAA_BASE,base,340,37.2891218347,127.1068876603,-67.575000,16.123000,1,3,2,NONE,,
AAA_BASE,base,341,37.2891201639,127.1068858198,-67.738000,15.937000,1,3,2,NONE,,
AAA_BASE,base,342,37.2891185020,127.1068841600,-67.885000,15.752000,1,3,2,NONE,,
AAA_BASE,base,343,37.2891166694,127.1068824890,-68.033000,15.548000,1,3,2,NONE,,
AAA_BASE,base,344,37.2891148369,127.1068809872,-68.166000,15.344000,1,3,2,NONE,,
AAA_BASE,base,345,37.2891131660,127.1068793274,-68.313000,15.158000,1,3,2,NONE,,
AAA_BASE,base,346,37.2891115041,127.1068774870,-68.476000,14.973000,1,3,2,NONE,,
AAA_BASE,base,347,37.2891098333,127.1068756578,-68.638000,14.787000,1,3,2,NONE,,
AAA_BASE,base,348,37.2891081624,127.1068741561,-68.771000,14.601000,1,3,2,NONE,,
AAA_BASE,base,349,37.2891063299,127.1068724963,-68.918000,14.397000,1,3,2,NONE,,
AAA_BASE,base,350,37.2891043356,127.1068709946,-69.051000,14.175000,1,3,2,NONE,,
AAA_BASE,base,351,37.2891026648,127.1068693235,-69.199000,13.989000,1,3,2,NONE,,
AAA_BASE,base,352,37.2891008322,127.1068674943,-69.361000,13.785000,1,3,2,NONE,,
AAA_BASE,base,353,37.2890989996,127.1068658233,-69.509000,13.581000,1,3,2,NONE,,
AAA_BASE,base,354,37.2890970145,127.1068642971,-69.644163,13.360014,1,3,2,NONE,,
AAA_BASE,base,355,37.2890950022,127.1068628198,-69.775000,13.136000,1,3,2,NONE,,
AAA_BASE,base,356,37.2890931696,127.1068613294,-69.907000,12.932000,1,3,2,NONE,,
AAA_BASE,base,357,37.2890913370,127.1068596583,-70.055000,12.728000,1,3,2,NONE,,
AAA_BASE,base,358,37.2890893338,127.1068581566,-70.188000,12.505000,1,3,2,NONE,,
AAA_BASE,base,359,37.2890873306,127.1068564968,-70.335000,12.282000,1,3,2,NONE,,
AAA_BASE,base,360,37.2890853363,127.1068549951,-70.468000,12.060000,1,3,2,NONE,,
AAA_BASE,base,361,37.2890833331,127.1068536627,-70.586000,11.837000,1,3,2,NONE,,
AAA_BASE,base,362,37.2890815005,127.1068523304,-70.704000,11.633000,1,3,2,NONE,,
AAA_BASE,base,363,37.2890796680,127.1068506593,-70.852000,11.429000,1,3,2,NONE,,
AAA_BASE,base,364,37.2890776648,127.1068489882,-71.000000,11.206000,1,3,2,NONE,,
AAA_BASE,base,365,37.2890758322,127.1068476558,-71.118000,11.002000,1,3,2,NONE,,
AAA_BASE,base,366,37.2890738290,127.1068463235,-71.236000,10.779000,1,3,2,NONE,,
AAA_BASE,base,367,37.2890718347,127.1068448217,-71.369000,10.557000,1,3,2,NONE,,
AAA_BASE,base,368,37.2890698315,127.1068433200,-71.502000,10.334000,1,3,2,NONE,,
AAA_BASE,base,369,37.2890679989,127.1068418296,-71.634000,10.130000,1,3,2,NONE,,
AAA_BASE,base,370,37.2890661664,127.1068403279,-71.767000,9.926000,1,3,2,NONE,,
AAA_BASE,base,371,37.2890641631,127.1068388262,-71.900000,9.703000,1,3,2,NONE,,
AAA_BASE,base,372,37.2890621689,127.1068374938,-72.018000,9.481000,1,3,2,NONE,,
AAA_BASE,base,373,37.2890601656,127.1068359921,-72.151000,9.258000,1,3,2,NONE,,
AAA_BASE,base,374,37.2890583331,127.1068344904,-72.284000,9.054000,1,3,2,NONE,,
AAA_BASE,base,375,37.2890563299,127.1068328306,-72.431000,8.831000,1,3,2,NONE,,
AAA_BASE,base,376,37.2890544973,127.1068314869,-72.550000,8.627000,1,3,2,NONE,,
AAA_BASE,base,377,37.2890523324,127.1068301546,-72.668000,8.386000,1,3,2,NONE,,
AAA_BASE,base,378,37.2890503291,127.1068286641,-72.800000,8.163000,1,3,2,NONE,,
AAA_BASE,base,379,37.2890483349,127.1068271624,-72.933000,7.941000,1,3,2,NONE,,
AAA_BASE,base,380,37.2890463317,127.1068254913,-73.081000,7.718000,1,3,2,NONE,,
AAA_BASE,base,381,37.2890443374,127.1068239896,-73.214000,7.496000,1,3,2,NONE,,
AAA_BASE,base,382,37.2890423342,127.1068224879,-73.347000,7.273000,1,3,2,NONE,,
AAA_BASE,base,383,37.2890401692,127.1068211555,-73.465000,7.032000,1,3,2,NONE,,
AAA_BASE,base,384,37.2890383367,127.1068196538,-73.598000,6.828000,1,3,2,NONE,,
AAA_BASE,base,385,37.2890363335,127.1068181634,-73.730000,6.605000,1,3,2,NONE,,
AAA_BASE,base,386,37.2890343302,127.1068164923,-73.878000,6.382000,1,3,2,NONE,,
AAA_BASE,base,387,37.2890323360,127.1068151599,-73.996000,6.160000,1,3,2,NONE,,
AAA_BASE,base,388,37.2890303327,127.1068141550,-74.085000,5.937000,1,3,2,NONE,,
AAA_BASE,base,389,37.2890281678,127.1068129920,-74.188000,5.696000,1,3,2,NONE,,
AAA_BASE,base,390,37.2890261646,127.1068119871,-74.277000,5.473000,1,3,2,NONE,,
AAA_BASE,base,391,37.2890239996,127.1068108242,-74.380000,5.232000,1,3,2,NONE,,
AAA_BASE,base,392,37.2890218347,127.1068099886,-74.454000,4.991000,1,3,2,NONE,,
AAA_BASE,base,393,37.2890198315,127.1068093224,-74.513000,4.768000,1,3,2,NONE,,
AAA_BASE,base,394,37.2890174959,127.1068088256,-74.557000,4.508000,1,3,2,NONE,,
AAA_BASE,base,395,37.2890155016,127.1068083288,-74.601000,4.286000,1,3,2,NONE,,
AAA_BASE,base,396,37.2890133367,127.1068076626,-74.660000,4.045000,1,3,2,NONE,,
AAA_BASE,base,397,37.2890111628,127.1068069965,-74.719000,3.803000,1,3,2,NONE,,
AAA_BASE,base,398,37.2890091685,127.1068066577,-74.749000,3.581000,1,3,2,NONE,,
AAA_BASE,base,399,37.2890070036,127.1068063303,-74.778000,3.340000,1,3,2,NONE,,
AAA_BASE,base,400,37.2890048297,127.1068061609,-74.793000,3.098000,1,3,2,NONE,,
AAA_BASE,base,401,37.2890026648,127.1068059915,-74.808000,2.857000,1,3,2,NONE,,
AAA_BASE,base,402,37.2890004998,127.1068058222,-74.823000,2.616000,1,3,2,NONE,,
AAA_BASE,base,403,37.2889983349,127.1068058222,-74.823000,2.375000,1,3,2,NONE,,
AAA_BASE,base,404,37.2889961700,127.1068061609,-74.793000,2.134000,1,3,2,NONE,,
AAA_BASE,base,405,37.2889939960,127.1068064884,-74.764000,1.892000,1,3,2,NONE,,
AAA_BASE,base,406,37.2889918311,127.1068071545,-74.705000,1.651000,1,3,2,NONE,,
AAA_BASE,base,407,37.2889896662,127.1068074933,-74.675000,1.410000,1,3,2,NONE,,
AAA_BASE,base,408,37.2889875013,127.1068081594,-74.616000,1.169000,1,3,2,NONE,,
AAA_BASE,base,409,37.2889853363,127.1068088256,-74.557000,0.928000,1,3,2,NONE,,
AAA_BASE,base,410,37.2889833331,127.1068096612,-74.483000,0.705000,1,3,2,NONE,,
AAA_BASE,base,411,37.2889813299,127.1068108242,-74.380000,0.482000,1,3,2,NONE,,
AAA_BASE,base,412,37.2889793356,127.1068118291,-74.291000,0.260000,1,3,2,NONE,,
AAA_BASE,base,413,37.2889773324,127.1068126533,-74.218000,0.037000,1,3,2,NONE,,
AAA_BASE,base,414,37.2889752696,127.1068137576,-74.120196,-0.192628,1,3,2,NONE,,
AAA_BASE,base,415,37.2889734966,127.1068149906,-74.011000,-0.390000,1,3,2,NONE,,
AAA_BASE,base,416,37.2889715023,127.1068163229,-73.893000,-0.612000,1,3,2,NONE,,
AAA_BASE,base,417,37.2889696698,127.1068178247,-73.760000,-0.816000,1,3,2,NONE,,
AAA_BASE,base,418,37.2889678372,127.1068191570,-73.642000,-1.020000,1,3,2,NONE,,
AAA_BASE,base,419,37.2889658340,127.1068204894,-73.524000,-1.243000,1,3,2,NONE,,
AAA_BASE,base,420,37.2889640014,127.1068219911,-73.391000,-1.447000,1,3,2,NONE,,
AAA_BASE,base,421,37.2889623306,127.1068234928,-73.258000,-1.633000,1,3,2,NONE,,
AAA_BASE,base,422,37.2889606687,127.1068251639,-73.110000,-1.818000,1,3,2,NONE,,
AAA_BASE,base,423,37.2889589978,127.1068268237,-72.963000,-2.004000,1,3,2,NONE,,
AAA_BASE,base,424,37.2889571653,127.1068284948,-72.815000,-2.208000,1,3,2,NONE,,
AAA_BASE,base,425,37.2889552373,127.1068301862,-72.665196,-2.422628,1,3,2,NONE,,
AAA_BASE,base,426,37.2889536709,127.1068318257,-72.520000,-2.597000,1,3,2,NONE,,
AAA_BASE,base,427,37.2889521707,127.1068336548,-72.358000,-2.764000,1,3,2,NONE,,
AAA_BASE,base,428,37.2889506705,127.1068358227,-72.166000,-2.931000,1,3,2,NONE,,
AAA_BASE,base,429,37.2889491703,127.1068378212,-71.989000,-3.098000,1,3,2,NONE,,
AAA_BASE,base,430,37.2889474995,127.1068398198,-71.812000,-3.284000,1,3,2,NONE,,
AAA_BASE,base,431,37.2889459993,127.1068419877,-71.620000,-3.451000,1,3,2,NONE,,
AAA_BASE,base,432,37.2889446698,127.1068441556,-71.428000,-3.599000,1,3,2,NONE,,
AAA_BASE,base,433,37.2889438344,127.1068454879,-71.310000,-3.692000,1,3,2,NONE,,
AAA_BASE,base,434,37.2889423016,127.1068477439,-71.110196,-3.862628,1,3,2,NONE,,
AAA_BASE,base,435,37.2889409957,127.1068499931,-70.911000,-4.008000,1,3,2,NONE,,
AAA_BASE,base,436,37.2889394955,127.1068521610,-70.719000,-4.175000,1,3,2,NONE,,
AAA_BASE,base,437,37.2889380043,127.1068544870,-70.513000,-4.341000,1,3,2,NONE,,
AAA_BASE,base,438,37.2889366658,127.1068568242,-70.306000,-4.490000,1,3,2,NONE,,
AAA_BASE,base,439,37.2889353363,127.1068593196,-70.085000,-4.638000,1,3,2,NONE,,
AAA_BASE,base,440,37.2889341685,127.1068618262,-69.863000,-4.768000,1,3,2,NONE,,
AAA_BASE,base,441,37.2889328300,127.1068641635,-69.656000,-4.917000,1,3,2,NONE,,
AAA_BASE,base,442,37.2889315005,127.1068666588,-69.435000,-5.065000,1,3,2,NONE,,
AAA_BASE,base,443,37.2889303327,127.1068691541,-69.214000,-5.195000,1,3,2,NONE,,
AAA_BASE,base,444,37.2889291649,127.1068714914,-69.007000,-5.325000,1,3,2,NONE,,
AAA_BASE,base,445,37.2889279586,127.1068740335,-68.781863,-5.459294,1,3,2,NONE,,
AAA_BASE,base,446,37.2889267608,127.1068763858,-68.573529,-5.592628,1,3,2,NONE,,
AAA_BASE,base,447,37.2889254998,127.1068786613,-68.372000,-5.733000,1,3,2,NONE,,
AAA_BASE,base,448,37.2889243320,127.1068809872,-68.166000,-5.863000,1,3,2,NONE,,
AAA_BASE,base,449,37.2889233349,127.1068834939,-67.944000,-5.974000,1,3,2,NONE,,
AAA_BASE,base,450,37.2889223378,127.1068859892,-67.723000,-6.085000,1,3,2,NONE,,
AAA_BASE,base,451,37.2889215023,127.1068883265,-67.516000,-6.178000,1,3,2,NONE,,
AAA_BASE,base,452,37.2889203345,127.1068908218,-67.295000,-6.308000,1,3,2,NONE,,
AAA_BASE,base,453,37.2889191667,127.1068933284,-67.073000,-6.438000,1,3,2,NONE,,
AAA_BASE,base,454,37.2889181696,127.1068956544,-66.867000,-6.549000,1,3,2,NONE,,
AAA_BASE,base,455,37.2889172387,127.1068980271,-66.656863,-6.652628,1,3,2,NONE,,
AAA_BASE,base,456,37.2889163254,127.1069006053,-66.428529,-6.754294,1,3,2,NONE,,
AAA_BASE,base,457,37.2889154421,127.1069030893,-66.208529,-6.852628,1,3,2,NONE,,
AAA_BASE,base,458,37.2889144955,127.1069056584,-65.981000,-6.958000,1,3,2,NONE,,
AAA_BASE,base,459,37.2889134984,127.1069081537,-65.760000,-7.069000,1,3,2,NONE,,
AAA_BASE,base,460,37.2889126630,127.1069108297,-65.523000,-7.162000,1,3,2,NONE,,
AAA_BASE,base,461,37.2889118365,127.1069134944,-65.287000,-7.254000,1,3,2,NONE,,
AAA_BASE,base,462,37.2889111628,127.1069161591,-65.051000,-7.329000,1,3,2,NONE,,
AAA_BASE,base,463,37.2889103363,127.1069186545,-64.830000,-7.421000,1,3,2,NONE,,
AAA_BASE,base,464,37.2889095009,127.1069213305,-64.593000,-7.514000,1,3,2,NONE,,
AAA_BASE,base,465,37.2889088361,127.1069239952,-64.357000,-7.588000,1,3,2,NONE,,
AAA_BASE,base,466,37.2889081624,127.1069266599,-64.121000,-7.663000,1,3,2,NONE,,
AAA_BASE,base,467,37.2889074977,127.1069293246,-63.885000,-7.737000,1,3,2,NONE,,
AAA_BASE,base,468,37.2889068333,127.1069318817,-63.658529,-7.810961,1,3,2,NONE,,
AAA_BASE,base,469,37.2889061682,127.1069346540,-63.413000,-7.885000,1,3,2,NONE,,
AAA_BASE,base,470,37.2889053327,127.1069373300,-63.176000,-7.978000,1,3,2,NONE,,
AAA_BASE,base,471,37.2889044973,127.1069398253,-62.955000,-8.071000,1,3,2,NONE,,
AAA_BASE,base,472,37.2889038326,127.1069424900,-62.719000,-8.145000,1,3,2,NONE,,
AAA_BASE,base,473,37.2889031502,127.1069448665,-62.508529,-8.220961,1,3,2,NONE,,
AAA_BASE,base,474,37.2889025031,127.1069476614,-62.261000,-8.293000,1,3,2,NONE,,
AAA_BASE,base,475,37.2889016676,127.1069503261,-62.025000,-8.386000,1,3,2,NONE,,
AAA_BASE,base,476,37.2889010029,127.1069526633,-61.818000,-8.460000,1,3,2,NONE,,
AAA_BASE,base,477,37.2889003291,127.1069549893,-61.612000,-8.535000,1,3,2,NONE,,
AAA_BASE,base,478,37.2888996644,127.1069576540,-61.376000,-8.609000,1,3,2,NONE,,
AAA_BASE,base,479,37.2888989996,127.1069601607,-61.154000,-8.683000,1,3,2,NONE,,
AAA_BASE,base,480,37.2888983349,127.1069624866,-60.948000,-8.757000,1,3,2,NONE,,
AAA_BASE,base,481,37.2888976701,127.1069649933,-60.726000,-8.831000,1,3,2,NONE,,
AAA_BASE,base,482,37.2888971671,127.1069674886,-60.505000,-8.887000,1,3,2,NONE,,
AAA_BASE,base,483,37.2888968347,127.1069699952,-60.283000,-8.924000,1,3,2,NONE,,
AAA_BASE,base,484,37.2888966640,127.1069724906,-60.062000,-8.943000,1,3,2,NONE,,
AAA_BASE,base,485,37.2888965023,127.1069751553,-59.826000,-8.961000,1,3,2,NONE,,
AAA_BASE,base,486,37.2888965023,127.1069776619,-59.604000,-8.961000,1,3,2,NONE,,
AAA_BASE,base,487,37.2888965023,127.1069801572,-59.383000,-8.961000,1,3,2,NONE,,
AAA_BASE,base,488,37.2888965023,127.1069826639,-59.161000,-8.961000,1,3,2,NONE,,
AAA_BASE,base,489,37.2888966640,127.1069851592,-58.940000,-8.943000,1,3,2,NONE,,
AAA_BASE,base,490,37.2888968620,127.1069876787,-58.716863,-8.920961,1,3,2,NONE,,
AAA_BASE,base,491,37.2888970566,127.1069899746,-58.513529,-8.899294,1,3,2,NONE,,
AAA_BASE,base,492,37.2888972363,127.1069926092,-58.280196,-8.879294,1,3,2,NONE,,
AAA_BASE,base,493,37.2888973711,127.1069950367,-58.065196,-8.864294,1,3,2,NONE,,
AAA_BASE,base,494,37.2888976701,127.1069973198,-57.863000,-8.831000,1,3,2,NONE,,
AAA_BASE,base,495,37.2888981196,127.1069996849,-57.653529,-8.780961,1,3,2,NONE,,
AAA_BASE,base,496,37.2888986673,127.1070019943,-57.449000,-8.720000,1,3,2,NONE,,
AAA_BASE,base,497,37.2888991703,127.1070041622,-57.257000,-8.664000,1,3,2,NONE,,
AAA_BASE,base,498,37.2888996644,127.1070064882,-57.051000,-8.609000,1,3,2,NONE,,
AAA_BASE,base,499,37.2889003291,127.1070088254,-56.844000,-8.535000,1,3,2,NONE,,
AAA_BASE,base,500,37.2889011290,127.1070110890,-56.643529,-8.445961,1,3,2,NONE,,
AAA_BASE,base,501,37.2889020000,127.1070129919,-56.475000,-8.349000,1,3,2,NONE,,
AAA_BASE,base,502,37.2889031678,127.1070149904,-56.298000,-8.219000,1,3,2,NONE,,
AAA_BASE,base,503,37.2889043356,127.1070168196,-56.136000,-8.089000,1,3,2,NONE,,
AAA_BASE,base,504,37.2889056651,127.1070186600,-55.973000,-7.941000,1,3,2,NONE,,
AAA_BASE,base,505,37.2889070036,127.1070204892,-55.811000,-7.792000,1,3,2,NONE,,
AAA_BASE,base,506,37.2889085038,127.1070221603,-55.663000,-7.625000,1,3,2,NONE,,
AAA_BASE,base,507,37.2889100040,127.1070238201,-55.516000,-7.458000,1,3,2,NONE,,
AAA_BASE,base,508,37.2889116658,127.1070253218,-55.383000,-7.273000,1,3,2,NONE,,
AAA_BASE,base,509,37.2889131660,127.1070268235,-55.250000,-7.106000,1,3,2,NONE,,
AAA_BASE,base,510,37.2889146662,127.1070283252,-55.117000,-6.939000,1,3,2,NONE,,
AAA_BASE,base,511,37.2889163370,127.1070298269,-54.984000,-6.753000,1,3,2,NONE,,
AAA_BASE,base,512,37.2889179989,127.1070311593,-54.866000,-6.568000,1,3,2,NONE,,
AAA_BASE,base,513,37.2889198315,127.1070324916,-54.748000,-6.364000,1,3,2,NONE,,
AAA_BASE,base,514,37.2889216640,127.1070336546,-54.645000,-6.160000,1,3,2,NONE,,
AAA_BASE,base,515,37.2889233349,127.1070349870,-54.527000,-5.974000,1,3,2,NONE,,
AAA_BASE,base,516,37.2889251674,127.1070364887,-54.394000,-5.770000,1,3,2,NONE,,
AAA_BASE,base,517,37.2889270000,127.1070379904,-54.261000,-5.566000,1,3,2,NONE,,
AAA_BASE,base,518,37.2889286709,127.1070391534,-54.158000,-5.380000,1,3,2,NONE,,
AAA_BASE,base,519,37.2889306651,127.1070403277,-54.054000,-5.158000,1,3,2,NONE,,
AAA_BASE,base,520,37.2889325000,127.1070414412,-53.955381,-4.953739,1,3,2,NONE,,
AAA_BASE,base,521,37.2889343302,127.1070426537,-53.848000,-4.750000,1,3,2,NONE,,
AAA_BASE,base,522,37.2889361628,127.1070439973,-53.729000,-4.546000,1,3,2,NONE,,
AAA_BASE,base,523,37.2889380043,127.1070453297,-53.611000,-4.341000,1,3,2,NONE,,
AAA_BASE,base,524,37.2889396662,127.1070463233,-53.523000,-4.156000,1,3,2,NONE,,
AAA_BASE,base,525,37.2889414987,127.1070474863,-53.420000,-3.952000,1,3,2,NONE,,
AAA_BASE,base,526,37.2889432298,127.1070488641,-53.297974,-3.759294,1,3,2,NONE,,
AAA_BASE,base,527,37.2889450022,127.1070499929,-53.198000,-3.562000,1,3,2,NONE,,
AAA_BASE,base,528,37.2889468347,127.1070513252,-53.080000,-3.358000,1,3,2,NONE,,
AAA_BASE,base,529,37.2889486673,127.1070526576,-52.962000,-3.154000,1,3,2,NONE,,
AAA_BASE,base,530,37.2889504998,127.1070539900,-52.844000,-2.950000,1,3,2,NONE,,
AAA_BASE,base,531,37.2889523324,127.1070551529,-52.741000,-2.746000,1,3,2,NONE,,
AAA_BASE,base,532,37.2889540032,127.1070563272,-52.637000,-2.560000,1,3,2,NONE,,
AAA_BASE,base,533,37.2889558358,127.1070576596,-52.519000,-2.356000,1,3,2,NONE,,
AAA_BASE,base,534,37.2889576683,127.1070589919,-52.401000,-2.152000,1,3,2,NONE,,
AAA_BASE,base,535,37.2889595009,127.1070599968,-52.312000,-1.948000,1,3,2,NONE,,
AAA_BASE,base,536,37.2889612127,127.1070608452,-52.236863,-1.757443,1,3,2,NONE,,
AAA_BASE,base,537,37.2889631660,127.1070618260,-52.150000,-1.540000,1,3,2,NONE,,
AAA_BASE,base,538,37.2889648369,127.1070628196,-52.062000,-1.354000,1,3,2,NONE,,
AAA_BASE,base,539,37.2889664987,127.1070639939,-51.958000,-1.169000,1,3,2,NONE,,
AAA_BASE,base,540,37.2889683313,127.1070653263,-51.840000,-0.965000,1,3,2,NONE,,
AAA_BASE,base,541,37.2889698315,127.1070664892,-51.737000,-0.798000,1,3,2,NONE,,
AAA_BASE,base,542,37.2889713769,127.1070677454,-51.625752,-0.625961,1,3,2,NONE,,
AAA_BASE,base,543,37.2889729739,127.1070690417,-51.510937,-0.448183,1,3,2,NONE,,
AAA_BASE,base,544,37.2889745027,127.1070704863,-51.383000,-0.278000,1,3,2,NONE,,
AAA_BASE,base,545,37.2889760029,127.1070721574,-51.235000,-0.111000,1,3,2,NONE,,
AAA_BASE,base,546,37.2889773324,127.1070739865,-51.073000,0.037000,1,3,2,NONE,,
AAA_BASE,base,547,37.2889786709,127.1070758270,-50.910000,0.186000,1,3,2,NONE,,
AAA_BASE,base,548,37.2889801710,127.1070778255,-50.733000,0.353000,1,3,2,NONE,,
AAA_BASE,base,549,37.2889813582,127.1070796429,-50.572048,0.485150,1,3,2,NONE,,
AAA_BASE,base,550,37.2889824977,127.1070818226,-50.379000,0.612000,1,3,2,NONE,,
AAA_BASE,base,551,37.2889835038,127.1070841599,-50.172000,0.724000,1,3,2,NONE,,
AAA_BASE,base,552,37.2889843302,127.1070864971,-49.965000,0.816000,1,3,2,NONE,,
AAA_BASE,base,553,37.2889850040,127.1070888231,-49.759000,0.891000,1,3,2,NONE,,
AAA_BASE,base,554,37.2889856687,127.1070911604,-49.552000,0.965000,1,3,2,NONE,,
AAA_BASE,base,555,37.2889861991,127.1070935477,-49.340566,1.024039,1,3,2,NONE,,
AAA_BASE,base,556,37.2889866658,127.1070958236,-49.139000,1.076000,1,3,2,NONE,,
AAA_BASE,base,557,37.2889869982,127.1070983302,-48.917000,1.113000,1,3,2,NONE,,
AAA_BASE,base,558,37.2889871689,127.1071006562,-48.711000,1.132000,1,3,2,NONE,,
AAA_BASE,base,559,37.2889875013,127.1071029935,-48.504000,1.169000,1,3,2,NONE,,
AAA_BASE,base,560,37.2889877461,127.1071051943,-48.309085,1.196261,1,3,2,NONE,,
AAA_BASE,base,561,37.2889879790,127.1071074943,-48.105381,1.222187,1,3,2,NONE,,
AAA_BASE,base,562,37.2889881660,127.1071098246,-47.899000,1.243000,1,3,2,NONE,,
AAA_BASE,base,563,37.2889881660,127.1071121619,-47.692000,1.243000,1,3,2,NONE,,
AAA_BASE,base,564,37.2889880043,127.1071144878,-47.486000,1.225000,1,3,2,NONE,,
AAA_BASE,base,565,37.2889880043,127.1071169945,-47.264000,1.225000,1,3,2,NONE,,
AAA_BASE,base,566,37.2889880043,127.1071193204,-47.058000,1.225000,1,3,2,NONE,,
AAA_BASE,base,567,37.2889878336,127.1071216577,-46.851000,1.206000,1,3,2,NONE,,
AAA_BASE,base,568,37.2889876297,127.1071241801,-46.627603,1.183298,1,3,2,NONE,,
AAA_BASE,base,569,37.2889874134,127.1071265011,-46.422048,1.159224,1,3,2,NONE,,
AAA_BASE,base,570,37.2889871972,127.1071290520,-46.196122,1.135150,1,3,2,NONE,,
AAA_BASE,base,571,37.2889869982,127.1071313229,-45.995000,1.113000,1,3,2,NONE,,
AAA_BASE,base,572,37.2889868365,127.1071338295,-45.773000,1.095000,1,3,2,NONE,,
AAA_BASE,base,573,37.2889865041,127.1071363249,-45.552000,1.058000,1,3,2,NONE,,
AAA_BASE,base,574,37.2889860011,127.1071386621,-45.345000,1.002000,1,3,2,NONE,,
AAA_BASE,base,575,37.2889854338,127.1071410959,-45.129455,0.938854,1,3,2,NONE,,
AAA_BASE,base,576,37.2889848333,127.1071434948,-44.917000,0.872000,1,3,2,NONE,,
AAA_BASE,base,577,37.2889843302,127.1071458207,-44.711000,0.816000,1,3,2,NONE,,
AAA_BASE,base,578,37.2889838036,127.1071482051,-44.499826,0.757372,1,3,2,NONE,,
AAA_BASE,base,579,37.2889831624,127.1071508227,-44.268000,0.686000,1,3,2,NONE,,
AAA_BASE,base,580,37.2889824727,127.1071532234,-44.055381,0.609224,1,3,2,NONE,,
AAA_BASE,base,581,37.2889816622,127.1071558247,-43.825000,0.519000,1,3,2,NONE,,
AAA_BASE,base,582,37.2889808358,127.1071583200,-43.604000,0.427000,1,3,2,NONE,,
AAA_BASE,base,583,37.2889801710,127.1071609960,-43.367000,0.353000,1,3,2,NONE,,
AAA_BASE,base,584,37.2889794973,127.1071634913,-43.146000,0.278000,1,3,2,NONE,,
AAA_BASE,base,585,37.2889785002,127.1071663254,-42.895000,0.167000,1,3,2,NONE,,
AAA_BASE,base,586,37.2889776648,127.1071688208,-42.674000,0.074000,1,3,2,NONE,,
AAA_BASE,base,587,37.2889770000,127.1071714968,-42.437000,0.000000,1,3,2,NONE,,
AAA_BASE,base,588,37.2889763509,127.1071740493,-42.210937,-0.072257,1,3,2,NONE,,
AAA_BASE,base,589,37.2889756356,127.1071766002,-41.985011,-0.151887,1,3,2,NONE,,
AAA_BASE,base,590,37.2889748351,127.1071791634,-41.758000,-0.241000,1,3,2,NONE,,
AAA_BASE,base,591,37.2889738290,127.1071818281,-41.522000,-0.353000,1,3,2,NONE,,
AAA_BASE,base,592,37.2889729406,127.1071843995,-41.294270,-0.451887,1,3,2,NONE,,
AAA_BASE,base,593,37.2889719964,127.1071869882,-41.065000,-0.557000,1,3,2,NONE,,
AAA_BASE,base,594,37.2889711700,127.1071898223,-40.814000,-0.649000,1,3,2,NONE,,
AAA_BASE,base,595,37.2889703788,127.1071922824,-40.596122,-0.737072,1,3,2,NONE,,
AAA_BASE,base,596,37.2889694991,127.1071949936,-40.356000,-0.835000,1,3,2,NONE,,
AAA_BASE,base,597,37.2889686637,127.1071976583,-40.120000,-0.928000,1,3,2,NONE,,
AAA_BASE,base,598,37.2889679989,127.1072003230,-39.884000,-1.002000,1,3,2,NONE,,
AAA_BASE,base,599,37.2889671635,127.1072031571,-39.633000,-1.095000,1,3,2,NONE,,
AAA_BASE,base,600,37.2889663863,127.1072056226,-39.414640,-1.181517,1,3,2,NONE,,
AAA_BASE,base,601,37.2889655016,127.1072083284,-39.175000,-1.280000,1,3,2,NONE,,
AAA_BASE,base,602,37.2889646662,127.1072106544,-38.969000,-1.373000,1,3,2,NONE,,
AAA_BASE,base,603,37.2889638308,127.1072131610,-38.747000,-1.466000,1,3,2,NONE,,
AAA_BASE,base,604,37.2889628430,127.1072158265,-38.510937,-1.575961,1,3,2,NONE,,
AAA_BASE,base,605,37.2889619982,127.1072183211,-38.290000,-1.670000,1,3,2,NONE,,
AAA_BASE,base,606,37.2889611628,127.1072204890,-38.098000,-1.763000,1,3,2,NONE,,
AAA_BASE,base,607,37.2889600040,127.1072228262,-37.891000,-1.892000,1,3,2,NONE,,
AAA_BASE,base,608,37.2889588361,127.1072249941,-37.699000,-2.022000,1,3,2,NONE,,
AAA_BASE,base,609,37.2889576683,127.1072271620,-37.507000,-2.152000,1,3,2,NONE,,
AAA_BASE,base,610,37.2889565005,127.1072293299,-37.315000,-2.282000,1,3,2,NONE,,
AAA_BASE,base,611,37.2889554402,127.1072314040,-37.131307,-2.400035,1,3,2,NONE,,
AAA_BASE,base,612,37.2889541649,127.1072334964,-36.946000,-2.542000,1,3,2,NONE,,
AAA_BASE,base,613,37.2889528354,127.1072353255,-36.784000,-2.690000,1,3,2,NONE,,
AAA_BASE,base,614,37.2889513352,127.1072369966,-36.636000,-2.857000,1,3,2,NONE,,
AAA_BASE,base,615,37.2889498351,127.1072388258,-36.474000,-3.024000,1,3,2,NONE,,
AAA_BASE,base,616,37.2889483349,127.1072406549,-36.312000,-3.191000,1,3,2,NONE,,
AAA_BASE,base,617,37.2889468347,127.1072421567,-36.179000,-3.358000,1,3,2,NONE,,
AAA_BASE,base,618,37.2889451639,127.1072436584,-36.046000,-3.544000,1,3,2,NONE,,
AAA_BASE,base,619,37.2889435020,127.1072449907,-35.928000,-3.729000,1,3,2,NONE,,
AAA_BASE,base,620,37.2889418311,127.1072463231,-35.810000,-3.915000,1,3,2,NONE,,
AAA_BASE,base,621,37.2889403309,127.1072478248,-35.677000,-4.082000,1,3,2,NONE,,
AAA_BASE,base,622,37.2889386691,127.1072494959,-35.529000,-4.267000,1,3,2,NONE,,
AAA_BASE,base,623,37.2889369982,127.1072508282,-35.411000,-4.453000,1,3,2,NONE,,
AAA_BASE,base,624,37.2889352948,127.1072519999,-35.307233,-4.642628,1,3,2,NONE,,
AAA_BASE,base,625,37.2889334981,127.1072532754,-35.194270,-4.842628,1,3,2,NONE,,
AAA_BASE,base,626,37.2889319178,127.1072545927,-35.077603,-5.018554,1,3,2,NONE,,
AAA_BASE,base,627,37.2889301710,127.1072561577,-34.939000,-5.213000,1,3,2,NONE,,
AAA_BASE,base,628,37.2889286709,127.1072576594,-34.806000,-5.380000,1,3,2,NONE,,
AAA_BASE,base,629,37.2889270935,127.1072589209,-34.694270,-5.555591,1,3,2,NONE,,
AAA_BASE,base,630,37.2889254998,127.1072599966,-34.599000,-5.733000,1,3,2,NONE,,
AAA_BASE,base,631,37.2889239996,127.1072609903,-34.511000,-5.900000,1,3,2,NONE,,
AAA_BASE,base,632,37.2889224995,127.1072618258,-34.437000,-6.067000,1,3,2,NONE,,
AAA_BASE,base,633,37.2889208719,127.1072626637,-34.362789,-6.248183,1,3,2,NONE,,
AAA_BASE,base,634,37.2889194911,127.1072632492,-34.310937,-6.401887,1,3,2,NONE,,
AAA_BASE,base,635,37.2889179773,127.1072637719,-34.264640,-6.570405,1,3,2,NONE,,
AAA_BASE,base,636,37.2889164469,127.1072641065,-34.235011,-6.740776,1,3,2,NONE,,
AAA_BASE,base,637,37.2889151692,127.1072643212,-34.216000,-6.883000,1,3,2,NONE,,
AAA_BASE,base,638,37.2889133859,127.1072645874,-34.192418,-7.081517,1,3,2,NONE,,
AAA_BASE,base,639,37.2889116392,127.1072647338,-34.179455,-7.275961,1,3,2,NONE,,
AAA_BASE,base,640,37.2889102751,127.1072648802,-34.166492,-7.427813,1,3,2,NONE,,
AAA_BASE,base,641,37.2889091273,127.1072649429,-34.160937,-7.555591,1,3,2,NONE,,
AAA_BASE,base,642,37.2889080007,127.1072649873,-34.157000,-7.681000,1,4,2,NONE,,
AAA_BASE,base,643,37.2889067152,127.1072649638,-34.159085,-7.824109,1,4,2,NONE,,
AAA_BASE,base,644,37.2889048686,127.1072647129,-34.181307,-8.029665,1,4,2,NONE,,
AAA_BASE,base,645,37.2889034713,127.1072644201,-34.207233,-8.185220,1,4,2,NONE,,
AAA_BASE,base,646,37.2889022236,127.1072641065,-34.235011,-8.324109,1,4,2,NONE,,
AAA_BASE,base,647,37.2889004998,127.1072636550,-34.275000,-8.516000,1,4,2,NONE,,
AAA_BASE,base,648,37.2888989132,127.1072631028,-34.323900,-8.692628,1,4,2,NONE,,
AAA_BASE,base,649,37.2888975990,127.1072626010,-34.368344,-8.838924,1,4,2,NONE,,
AAA_BASE,base,650,37.2888958376,127.1072618258,-34.437000,-9.035000,1,4,2,NONE,,
AAA_BASE,base,651,37.2888941667,127.1072611596,-34.496000,-9.221000,1,4,2,NONE,,
AAA_BASE,base,652,37.2888925085,127.1072606146,-34.544270,-9.405591,1,4,2,NONE,,
AAA_BASE,base,653,37.2888908340,127.1072599966,-34.599000,-9.592000,1,4,2,NONE,,
AAA_BASE,base,654,37.2888890014,127.1072594885,-34.644000,-9.796000,1,4,2,NONE,,
AAA_BASE,base,655,37.2888871689,127.1072588224,-34.703000,-10.000000,1,4,2,NONE,,
AAA_BASE,base,656,37.2888851890,127.1072580846,-34.768344,-10.220405,1,4,2,NONE,,
AAA_BASE,base,657,37.2888833331,127.1072571626,-34.850000,-10.427000,1,4,2,NONE,,
AAA_BASE,base,658,37.2888814294,127.1072564745,-34.910937,-10.638924,1,4,2,NONE,,
AAA_BASE,base,659,37.2888794973,127.1072558302,-34.968000,-10.854000,1,4,2,NONE,,
AAA_BASE,base,660,37.2888776698,127.1072550945,-35.033159,-11.057443,1,4,2,NONE,,
AAA_BASE,base,661,37.2888758322,127.1072541591,-35.116000,-11.262000,1,4,2,NONE,,
AAA_BASE,base,662,37.2888739767,127.1072532126,-35.199826,-11.468554,1,4,2,NONE,,
AAA_BASE,base,663,37.2888721671,127.1072524880,-35.264000,-11.670000,1,4,2,NONE,,
AAA_BASE,base,664,37.2888703345,127.1072518219,-35.323000,-11.874000,1,4,2,NONE,,
AAA_BASE,base,665,37.2888685020,127.1072513251,-35.367000,-12.078000,1,4,2,NONE,,
AAA_BASE,base,666,37.2888667070,127.1072506408,-35.427603,-12.277813,1,4,2,NONE,,
AAA_BASE,base,667,37.2888648369,127.1072499927,-35.485000,-12.486000,1,4,2,NONE,,
AAA_BASE,base,668,37.2888630043,127.1072493265,-35.544000,-12.690000,1,4,2,NONE,,
AAA_BASE,base,669,37.2888611628,127.1072486604,-35.603000,-12.895000,1,4,2,NONE,,
AAA_BASE,base,670,37.2888591685,127.1072481635,-35.647000,-13.117000,1,4,2,NONE,,
AAA_BASE,base,671,37.2888573360,127.1072476554,-35.692000,-13.321000,1,4,2,NONE,,
AAA_BASE,base,672,37.2888555034,127.1072469893,-35.751000,-13.525000,1,4,2,NONE,,
AAA_BASE,base,673,37.2888535002,127.1072459956,-35.839000,-13.748000,1,4,2,NONE,,
AAA_BASE,base,674,37.2888514969,127.1072453295,-35.898000,-13.971000,1,4,2,NONE,,
AAA_BASE,base,675,37.2888496724,127.1072449743,-35.929455,-14.174109,1,4,2,NONE,,
AAA_BASE,base,676,37.2888474599,127.1072444934,-35.972048,-14.420405,1,4,2,NONE,,
AAA_BASE,base,677,37.2888454636,127.1072439497,-36.020196,-14.642628,1,4,2,NONE,,
AAA_BASE,base,678,37.2888435020,127.1072433196,-36.076000,-14.861000,1,4,2,NONE,,
AAA_BASE,base,679,37.2888414987,127.1072426535,-36.135000,-15.084000,1,4,2,NONE,,
AAA_BASE,base,680,37.2888394250,127.1072419424,-36.197974,-15.314850,1,4,2,NONE,,
AAA_BASE,base,681,37.2888375013,127.1072411630,-36.267000,-15.529000,1,4,2,NONE,,
AAA_BASE,base,682,37.2888356687,127.1072403275,-36.341000,-15.733000,1,4,2,NONE,,
AAA_BASE,base,683,37.2888316558,127.1072381942,-36.529939,-16.179711,1,4,2,NONE,,
AAA_BASE,base,684,37.2888282762,127.1072371322,-36.623996,-16.555936,1,4,2,NONE,,
AAA_BASE,base,685,37.2888256358,127.1072361365,-36.712173,-16.849861,1,4,2,NONE,,
AAA_BASE,base,686,37.2888196686,127.1072331497,-36.976706,-17.514132,1,4,2,NONE,,
AAA_BASE,base,687,37.2888144501,127.1072302366,-37.234704,-18.095053,1,4,2,NONE,,
AAA_BASE,base,688,37.2888067766,127.1072259451,-37.614776,-18.949273,1,4,2,NONE,,
AAA_BASE,base,689,37.2888051878,127.1072250104,-37.697563,-19.126138,1,4,2,NONE,,
AAA_BASE,base,690,37.2888025510,127.1072233533,-37.844324,-19.419659,1,4,2,NONE,,
AAA_BASE,base,691,37.2887997115,127.1072216112,-37.998610,-19.735758,1,4,2,NONE,,
AAA_BASE,base,692,37.2887975142,127.1072202515,-38.119029,-19.980359,1,4,2,NONE,,
AAA_BASE,base,693,37.2887941338,127.1072182545,-38.295894,-20.356667,1,4,2,NONE,,
AAA_BASE,base,694,37.2887902463,127.1072160451,-38.491574,-20.789422,1,4,2,NONE,,
AAA_BASE,base,695,37.2887873391,127.1072145580,-38.623282,-21.113047,1,4,2,NONE,,
AAA_BASE,base,696,37.2887849728,127.1072132408,-38.739938,-21.376463,1,4,2,NONE,,
AAA_BASE,base,697,37.2887832826,127.1072123485,-38.818963,-21.564617,1,4,2,NONE,,
AAA_BASE,base,698,37.2887818642,127.1072115467,-38.889977,-21.722512,1,4,2,NONE,,
AAA_BASE,base,699,37.2887805034,127.1072108238,-38.954000,-21.874000,1,4,2,NONE,,
AAA_BASE,base,700,37.2887788549,127.1072101329,-39.015187,-22.057512,1,4,2,NONE,,
AAA_BASE,base,701,37.2887773128,127.1072093613,-39.083520,-22.229179,1,4,2,NONE,,
AAA_BASE,base,702,37.2887756060,127.1072084392,-39.165187,-22.419179,1,4,2,NONE,,
AAA_BASE,base,703,37.2887741703,127.1072074929,-39.249000,-22.579000,1,4,2,NONE,,
AAA_BASE,base,704,37.2887722673,127.1072065009,-39.336854,-22.790846,1,4,2,NONE,,
AAA_BASE,base,705,37.2887708376,127.1072058218,-39.397000,-22.950000,1,4,2,NONE,,
AAA_BASE,base,706,37.2887694077,127.1072051083,-39.460187,-23.109179,1,4,2,NONE,,
AAA_BASE,base,707,37.2887677608,127.1072041674,-39.543520,-23.292512,1,4,2,NONE,,
AAA_BASE,base,708,37.2887661664,127.1072033265,-39.618000,-23.470000,1,4,2,NONE,,
AAA_BASE,base,709,37.2887648369,127.1072024909,-39.692000,-23.618000,1,4,2,NONE,,
AAA_BASE,base,710,37.2887628336,127.1072014973,-39.780000,-23.841000,1,4,2,NONE,,
AAA_BASE,base,711,37.2887614106,127.1072008056,-39.841258,-23.999413,1,4,2,NONE,,
AAA_BASE,base,712,37.2887596834,127.1071997673,-39.933214,-24.191685,1,4,2,NONE,,
AAA_BASE,base,713,37.2887581439,127.1071987290,-40.025171,-24.363059,1,4,2,NONE,,
AAA_BASE,base,714,37.2887568485,127.1071979031,-40.098318,-24.507263,1,4,2,NONE,,
AAA_BASE,base,715,37.2887553278,127.1071970300,-40.175645,-24.676547,1,4,2,NONE,,
AAA_BASE,base,716,37.2887540032,127.1071963260,-40.238000,-24.824000,1,4,2,NONE,,
AAA_BASE,base,717,37.2887523716,127.1071954297,-40.317379,-25.005635,1,4,2,NONE,,
AAA_BASE,base,718,37.2887507963,127.1071944522,-40.403952,-25.181001,1,4,2,NONE,,
AAA_BASE,base,719,37.2887493320,127.1071934919,-40.489000,-25.344000,1,4,2,NONE,,
AAA_BASE,base,720,37.2887478318,127.1071923289,-40.592000,-25.511000,1,4,2,NONE,,
AAA_BASE,base,721,37.2887461700,127.1071911546,-40.696000,-25.696000,1,4,2,NONE,,
AAA_BASE,base,722,37.2887445547,127.1071901912,-40.781323,-25.875806,1,4,2,NONE,,
AAA_BASE,base,723,37.2887428372,127.1071893255,-40.858000,-26.067000,1,4,2,NONE,,
AAA_BASE,base,724,37.2887411664,127.1071886593,-40.917000,-26.253000,1,4,2,NONE,,
AAA_BASE,base,725,37.2887394955,127.1071878237,-40.991000,-26.439000,1,4,2,NONE,,
AAA_BASE,base,726,37.2887378336,127.1071869882,-41.065000,-26.624000,1,4,2,NONE,,
AAA_BASE,base,727,37.2887360011,127.1071861639,-41.138000,-26.828000,1,4,2,NONE,,
AAA_BASE,base,728,37.2887343302,127.1071856558,-41.183000,-27.014000,1,4,2,NONE,,
AAA_BASE,base,729,37.2887323360,127.1071851590,-41.227000,-27.236000,1,4,2,NONE,,
AAA_BASE,base,730,37.2887305034,127.1071844929,-41.286000,-27.440000,1,4,2,NONE,,
AAA_BASE,base,731,37.2887286709,127.1071838267,-41.345000,-27.644000,1,4,2,NONE,,
AAA_BASE,base,732,37.2887268293,127.1071829911,-41.419000,-27.849000,1,4,2,NONE,,
AAA_BASE,base,733,37.2887249968,127.1071821556,-41.493000,-28.053000,1,4,2,NONE,,
AAA_BASE,base,734,37.2887231642,127.1071813200,-41.567000,-28.257000,1,4,2,NONE,,
AAA_BASE,base,735,37.2887211700,127.1071806539,-41.626000,-28.479000,1,4,2,NONE,,
AAA_BASE,base,736,37.2887194991,127.1071798296,-41.699000,-28.665000,1,4,2,NONE,,
AAA_BASE,base,737,37.2887174959,127.1071786553,-41.803000,-28.888000,1,4,2,NONE,,
AAA_BASE,base,738,37.2887158340,127.1071774924,-41.906000,-29.073000,1,4,2,NONE,,
AAA_BASE,base,739,37.2887140014,127.1071763294,-42.009000,-29.277000,1,4,2,NONE,,
AAA_BASE,base,740,37.2887119982,127.1071753245,-42.098000,-29.500000,1,4,2,NONE,,
AAA_BASE,base,741,37.2887101656,127.1071744889,-42.172000,-29.704000,1,4,2,NONE,,
AAA_BASE,base,742,37.2887081624,127.1071736534,-42.246000,-29.927000,1,4,2,NONE,,
AAA_BASE,base,743,37.2887061682,127.1071724904,-42.349000,-30.149000,1,4,2,NONE,,
AAA_BASE,base,744,37.2887041649,127.1071714968,-42.437000,-30.372000,1,4,2,NONE,,
AAA_BASE,base,745,37.2887023324,127.1071706612,-42.511000,-30.576000,1,4,2,NONE,,
AAA_BASE,base,746,37.2887003291,127.1071698257,-42.585000,-30.799000,1,4,2,NONE,,
AAA_BASE,base,747,37.2886983349,127.1071689901,-42.659000,-31.021000,1,4,2,NONE,,
AAA_BASE,base,748,37.2886963317,127.1071678271,-42.762000,-31.244000,1,4,2,NONE,,
AAA_BASE,base,749,37.2886943374,127.1071666529,-42.866000,-31.466000,1,4,2,NONE,,
AAA_BASE,base,750,37.2886924959,127.1071656592,-42.954000,-31.671000,1,4,2,NONE,,
AAA_BASE,base,751,37.2886905016,127.1071648237,-43.028000,-31.893000,1,4,2,NONE,,
AAA_BASE,base,752,37.2886884984,127.1071639882,-43.102000,-32.116000,1,4,2,NONE,,
AAA_BASE,base,753,37.2886866658,127.1071631639,-43.175000,-32.320000,1,4,2,NONE,,
AAA_BASE,base,754,37.2886846626,127.1071623284,-43.249000,-32.543000,1,4,2,NONE,,
AAA_BASE,base,755,37.2886827803,127.1071613306,-43.337370,-32.752540,1,4,2,NONE,,
AAA_BASE,base,756,37.2886809282,127.1071604692,-43.413655,-32.958716,1,4,2,NONE,,
AAA_BASE,base,757,37.2886791687,127.1071596544,-43.485817,-33.154584,1,4,2,NONE,,
AAA_BASE,base,758,37.2886771499,127.1071588396,-43.557979,-33.379316,1,4,2,NONE,,
AAA_BASE,base,759,37.2886753904,127.1071580481,-43.628079,-33.575184,1,4,2,NONE,,
AAA_BASE,base,760,37.2886734966,127.1071571570,-43.707000,-33.786000,1,4,2,NONE,,
AAA_BASE,base,761,37.2886716640,127.1071561634,-43.795000,-33.990000,1,4,2,NONE,,
AAA_BASE,base,762,37.2886698315,127.1071553279,-43.869000,-34.194000,1,4,2,NONE,,
AAA_BASE,base,763,37.2886679989,127.1071544923,-43.943000,-34.398000,1,4,2,NONE,,
AAA_BASE,base,764,37.2886663224,127.1071536303,-44.019341,-34.584634,1,4,2,NONE,,
AAA_BASE,base,765,37.2886644496,127.1071526673,-44.104629,-34.793116,1,4,2,NONE,,
AAA_BASE,base,766,37.2886628336,127.1071518276,-44.179000,-34.973000,1,4,2,NONE,,
AAA_BASE,base,767,37.2886610011,127.1071506533,-44.283000,-35.177000,1,4,2,NONE,,
AAA_BASE,base,768,37.2886593302,127.1071498291,-44.356000,-35.363000,1,4,2,NONE,,
AAA_BASE,base,769,37.2886574977,127.1071489935,-44.430000,-35.567000,1,4,2,NONE,,
AAA_BASE,base,770,37.2886556651,127.1071481580,-44.504000,-35.771000,1,4,2,NONE,,
AAA_BASE,base,771,37.2886538326,127.1071471531,-44.593000,-35.975000,1,4,2,NONE,,
AAA_BASE,base,772,37.2886521707,127.1071459901,-44.696000,-36.160000,1,4,2,NONE,,
AAA_BASE,base,773,37.2886504998,127.1071449965,-44.784000,-36.346000,1,4,2,NONE,,
AAA_BASE,base,774,37.2886486157,127.1071441787,-44.856428,-36.555737,1,4,2,NONE,,
AAA_BASE,base,775,37.2886469964,127.1071433254,-44.932000,-36.736000,1,4,2,NONE,,
AAA_BASE,base,776,37.2886453345,127.1071423205,-45.021000,-36.921000,1,4,2,NONE,,
AAA_BASE,base,777,37.2886436637,127.1071413269,-45.109000,-37.107000,1,4,2,NONE,,
AAA_BASE,base,778,37.2886420018,127.1071403219,-45.198000,-37.292000,1,4,2,NONE,,
AAA_BASE,base,779,37.2886401313,127.1071392924,-45.289186,-37.500224,1,4,2,NONE,,
AAA_BASE,base,780,37.2886383367,127.1071383234,-45.375000,-37.700000,1,4,2,NONE,,
AAA_BASE,base,781,37.2886365041,127.1071374879,-45.449000,-37.904000,1,4,2,NONE,,
AAA_BASE,base,782,37.2886346626,127.1071364943,-45.537000,-38.109000,1,4,2,NONE,,
AAA_BASE,base,783,37.2886328300,127.1071353200,-45.641000,-38.313000,1,4,2,NONE,,
AAA_BASE,base,784,37.2886309975,127.1071343264,-45.729000,-38.517000,1,4,2,NONE,,
AAA_BASE,base,785,37.2886291649,127.1071333214,-45.818000,-38.721000,1,4,2,NONE,,
AAA_BASE,base,786,37.2886273324,127.1071324972,-45.891000,-38.925000,1,4,2,NONE,,
AAA_BASE,base,787,37.2886254998,127.1071316616,-45.965000,-39.129000,1,4,2,NONE,,
AAA_BASE,base,788,37.2886234966,127.1071304874,-46.069000,-39.352000,1,4,2,NONE,,
AAA_BASE,base,789,37.2886216640,127.1071293244,-46.172000,-39.556000,1,4,2,NONE,,
AAA_BASE,base,790,37.2886198315,127.1071283308,-46.260000,-39.760000,1,4,2,NONE,,
AAA_BASE,base,791,37.2886179989,127.1071274952,-46.334000,-39.964000,1,4,2,NONE,,
AAA_BASE,base,792,37.2886159957,127.1071268290,-46.393000,-40.187000,1,4,2,NONE,,
AAA_BASE,base,793,37.2886141631,127.1071259935,-46.467000,-40.391000,1,4,2,NONE,,
AAA_BASE,base,794,37.2886121689,127.1071249886,-46.556000,-40.613000,1,4,2,NONE,,
AAA_BASE,base,795,37.2886103363,127.1071239950,-46.644000,-40.817000,1,4,2,NONE,,
AAA_BASE,base,796,37.2886085488,127.1071231354,-46.720131,-41.015988,1,4,2,NONE,,
AAA_BASE,base,797,37.2886066622,127.1071223239,-46.792000,-41.226000,1,4,2,NONE,,
AAA_BASE,base,798,37.2886048297,127.1071214883,-46.866000,-41.430000,1,4,2,NONE,,
AAA_BASE,base,799,37.2886031678,127.1071206641,-46.939000,-41.615000,1,4,2,NONE,,
AAA_BASE,base,800,37.2886013352,127.1071196592,-47.028000,-41.819000,1,4,2,NONE,,
AAA_BASE,base,801,37.2885995027,127.1071186543,-47.117000,-42.023000,1,4,2,NONE,,
AAA_BASE,base,802,37.2885976701,127.1071178300,-47.190000,-42.227000,1,4,2,NONE,,
AAA_BASE,base,803,37.2885958376,127.1071171638,-47.249000,-42.431000,1,4,2,NONE,,
AAA_BASE,base,804,37.2885939960,127.1071163283,-47.323000,-42.636000,1,4,2,NONE,,
AAA_BASE,base,805,37.2885921635,127.1071154927,-47.397000,-42.840000,1,4,2,NONE,,
AAA_BASE,base,806,37.2885903309,127.1071144878,-47.486000,-43.044000,1,4,2,NONE,,
AAA_BASE,base,807,37.2885884984,127.1071134942,-47.574000,-43.248000,1,4,2,NONE,,
AAA_BASE,base,808,37.2885866658,127.1071126587,-47.648000,-43.452000,1,4,2,NONE,,
AAA_BASE,base,809,37.2885848333,127.1071118231,-47.722000,-43.656000,1,4,2,NONE,,
AAA_BASE,base,810,37.2885830007,127.1071109876,-47.796000,-43.860000,1,4,2,NONE,,
AAA_BASE,base,811,37.2885809975,127.1071098246,-47.899000,-44.083000,1,4,2,NONE,,
AAA_BASE,base,812,37.2885791649,127.1071086616,-48.002000,-44.287000,1,4,2,NONE,,
AAA_BASE,base,813,37.2885773324,127.1071076567,-48.091000,-44.491000,1,4,2,NONE,,
AAA_BASE,base,814,37.2885754998,127.1071068212,-48.165000,-44.695000,1,4,2,NONE,,
AAA_BASE,base,815,37.2885735177,127.1071058871,-48.247728,-44.915647,1,4,2,NONE,,
AAA_BASE,base,816,37.2885716640,127.1071048226,-48.342000,-45.122000,1,4,2,NONE,,
AAA_BASE,base,817,37.2885698315,127.1071036596,-48.445000,-45.326000,1,4,2,NONE,,
AAA_BASE,base,818,37.2885679989,127.1071024967,-48.548000,-45.530000,1,4,2,NONE,,
AAA_BASE,base,819,37.2885663370,127.1071014917,-48.637000,-45.715000,1,4,2,NONE,,
AAA_BASE,base,820,37.2885643338,127.1071004868,-48.726000,-45.938000,1,4,2,NONE,,
AAA_BASE,base,821,37.2885625013,127.1070996626,-48.799000,-46.142000,1,4,2,NONE,,
AAA_BASE,base,822,37.2885608304,127.1070986577,-48.888000,-46.328000,1,4,2,NONE,,
AAA_BASE,base,823,37.2885589978,127.1070973253,-49.006000,-46.532000,1,4,2,NONE,,
AAA_BASE,base,824,37.2885573360,127.1070963204,-49.095000,-46.717000,1,4,2,NONE,,
AAA_BASE,base,825,37.2885557408,127.1070955297,-49.165027,-46.894575,1,4,2,NONE,,
AAA_BASE,base,826,37.2885541649,127.1070946606,-49.242000,-47.070000,1,4,2,NONE,,
AAA_BASE,base,827,37.2885526648,127.1070938251,-49.316000,-47.237000,1,4,2,NONE,,
AAA_BASE,base,828,37.2885511646,127.1070928202,-49.405000,-47.404000,1,4,2,NONE,,
AAA_BASE,base,829,37.2885496644,127.1070916572,-49.508000,-47.571000,1,4,2,NONE,,
AAA_BASE,base,830,37.2885481642,127.1070906636,-49.596000,-47.738000,1,4,2,NONE,,
AAA_BASE,base,831,37.2885465498,127.1070898078,-49.671786,-47.917716,1,4,2,NONE,,
AAA_BASE,base,832,37.2885449940,127.1070890111,-49.742348,-48.090913,1,4,2,NONE,,
AAA_BASE,base,833,37.2885432364,127.1070880333,-49.828946,-48.286560,1,4,2,NONE,,
AAA_BASE,base,834,37.2885413370,127.1070869939,-49.921000,-48.498000,1,4,2,NONE,,
AAA_BASE,base,835,37.2885396662,127.1070859890,-50.010000,-48.684000,1,4,2,NONE,,
AAA_BASE,base,836,37.2885381660,127.1070849954,-50.098000,-48.851000,1,4,2,NONE,,
AAA_BASE,base,837,37.2885365041,127.1070841599,-50.172000,-49.036000,1,4,2,NONE,,
AAA_BASE,base,838,37.2885352751,127.1070836801,-50.214487,-49.172820,1,4,2,NONE,,
AAA_BASE,base,839,37.2885338827,127.1070830027,-50.274487,-49.327820,1,4,2,NONE,,
AAA_BASE,base,840,37.2885326849,127.1070824005,-50.327820,-49.461154,1,4,2,NONE,,
AAA_BASE,base,841,37.2885312776,127.1070815536,-50.402820,-49.617820,1,4,2,NONE,,
AAA_BASE,base,842,37.2885302445,127.1070808009,-50.469487,-49.732820,1,4,2,NONE,,
AAA_BASE,base,843,37.2885291649,127.1070799934,-50.541000,-49.853000,1,5,2,NONE,,
AAA_BASE,base,844,37.2885279838,127.1070789567,-50.632820,-49.984487,1,5,2,NONE,,
AAA_BASE,base,845,37.2885264969,127.1070774868,-50.763000,-50.150000,1,5,2,NONE,,
AAA_BASE,base,846,37.2885248247,127.1070756070,-50.929487,-50.336154,1,5,2,NONE,,
AAA_BASE,base,847,37.2885237018,127.1070743838,-51.037820,-50.461154,1,5,2,NONE,,
AAA_BASE,base,848,37.2885223378,127.1070728236,-51.176000,-50.613000,1,5,2,NONE,,
AAA_BASE,base,849,37.2885211700,127.1070714912,-51.294000,-50.743000,1,5,2,NONE,,
AAA_BASE,base,850,37.2885199139,127.1070697732,-51.446154,-50.882820,1,5,2,NONE,,
AAA_BASE,base,851,37.2885186637,127.1070678216,-51.619000,-51.022000,1,5,2,NONE,,
AAA_BASE,base,852,37.2885174959,127.1070659924,-51.781000,-51.152000,1,5,2,NONE,,
AAA_BASE,base,853,37.2885163370,127.1070641633,-51.943000,-51.281000,1,5,2,NONE,,
AAA_BASE,base,854,37.2885151379,127.1070623023,-52.107820,-51.414487,1,5,2,NONE,,
AAA_BASE,base,855,37.2885141631,127.1070604936,-52.268000,-51.523000,1,5,2,NONE,,
AAA_BASE,base,856,37.2885131766,127.1070581998,-52.471154,-51.632820,1,5,2,NONE,,
AAA_BASE,base,857,37.2885125013,127.1070561579,-52.652000,-51.708000,1,5,2,NONE,,
AAA_BASE,base,858,37.2885118365,127.1070539900,-52.844000,-51.782000,1,5,2,NONE,,
AAA_BASE,base,859,37.2885111628,127.1070519914,-53.021000,-51.857000,1,5,2,NONE,,
AAA_BASE,base,860,37.2885104980,127.1070496542,-53.228000,-51.931000,1,5,2,NONE,,
AAA_BASE,base,861,37.2885100040,127.1070474863,-53.420000,-51.986000,1,5,2,NONE,,
AAA_BASE,base,862,37.2885095534,127.1070450833,-53.632820,-52.036154,1,5,2,NONE,,
AAA_BASE,base,863,37.2885093302,127.1070426537,-53.848000,-52.061000,1,5,2,NONE,,
AAA_BASE,base,864,37.2885091685,127.1070404971,-54.039000,-52.079000,1,5,2,NONE,,
AAA_BASE,base,865,37.2885089978,127.1070383292,-54.231000,-52.098000,1,5,2,NONE,,
AAA_BASE,base,866,37.2885088361,127.1070358225,-54.453000,-52.116000,1,5,2,NONE,,
AAA_BASE,base,867,37.2885088361,127.1070336546,-54.645000,-52.116000,1,5,2,NONE,,
AAA_BASE,base,868,37.2885089978,127.1070313287,-54.851000,-52.098000,1,5,2,NONE,,
AAA_BASE,base,869,37.2885091685,127.1070291608,-55.043000,-52.079000,1,5,2,NONE,,
AAA_BASE,base,870,37.2885095009,127.1070268235,-55.250000,-52.042000,1,5,2,NONE,,
AAA_BASE,base,871,37.2885096626,127.1070246556,-55.442000,-52.024000,1,5,2,NONE,,
AAA_BASE,base,872,37.2885098978,127.1070223128,-55.649487,-51.997820,1,5,2,NONE,,
AAA_BASE,base,873,37.2885101373,127.1070203557,-55.822820,-51.971154,1,5,2,NONE,,
AAA_BASE,base,874,37.2885104980,127.1070181632,-56.017000,-51.931000,1,5,2,NONE,,
AAA_BASE,base,875,37.2885110011,127.1070158259,-56.224000,-51.875000,1,5,2,NONE,,
AAA_BASE,base,876,37.2885115041,127.1070138274,-56.401000,-51.819000,1,5,2,NONE,,
AAA_BASE,base,877,37.2885119982,127.1070114901,-56.608000,-51.764000,1,5,2,NONE,,
AAA_BASE,base,878,37.2885125013,127.1070091529,-56.815000,-51.708000,1,5,2,NONE,,
AAA_BASE,base,879,37.2885131660,127.1070069963,-57.006000,-51.634000,1,5,2,NONE,,
AAA_BASE,base,880,37.2885140014,127.1070048284,-57.198000,-51.541000,1,5,2,NONE,,
AAA_BASE,base,881,37.2885149986,127.1070024911,-57.405000,-51.430000,1,5,2,NONE,,
AAA_BASE,base,882,37.2885158340,127.1070004926,-57.582000,-51.337000,1,5,2,NONE,,
AAA_BASE,base,883,37.2885168311,127.1069983247,-57.774000,-51.226000,1,5,2,NONE,,
AAA_BASE,base,884,37.2885176831,127.1069962868,-57.954487,-51.131154,1,5,2,NONE,,
AAA_BASE,base,885,37.2885187312,127.1069942356,-58.136154,-51.014487,1,5,2,NONE,,
AAA_BASE,base,886,37.2885200022,127.1069921597,-58.320000,-50.873000,1,5,2,NONE,,
AAA_BASE,base,887,37.2885213317,127.1069903306,-58.482000,-50.725000,1,5,2,NONE,,
AAA_BASE,base,888,37.2885225939,127.1069884771,-58.646154,-50.584487,1,5,2,NONE,,
AAA_BASE,base,889,37.2885238290,127.1069868303,-58.792000,-50.447000,1,5,2,NONE,,
AAA_BASE,base,890,37.2885251674,127.1069851592,-58.940000,-50.298000,1,5,2,NONE,,
AAA_BASE,base,891,37.2885265914,127.1069836783,-59.071154,-50.139487,1,5,2,NONE,,
AAA_BASE,base,892,37.2885279971,127.1069823251,-59.191000,-49.983000,1,5,2,NONE,,
AAA_BASE,base,893,37.2885296680,127.1069809928,-59.309000,-49.797000,1,5,2,NONE,,
AAA_BASE,base,894,37.2885309975,127.1069798298,-59.412000,-49.649000,1,5,2,NONE,,
AAA_BASE,base,895,37.2885326683,127.1069784975,-59.530000,-49.463000,1,5,2,NONE,,
AAA_BASE,base,896,37.2885341671,127.1069773930,-59.627820,-49.296154,1,5,2,NONE,,
AAA_BASE,base,897,37.2885358304,127.1069763296,-59.722000,-49.111000,1,5,2,NONE,,
AAA_BASE,base,898,37.2885375013,127.1069753246,-59.811000,-48.925000,1,5,2,NONE,,
AAA_BASE,base,899,37.2885393773,127.1069743255,-59.899487,-48.716154,1,5,2,NONE,,
AAA_BASE,base,900,37.2885409957,127.1069734955,-59.973000,-48.536000,1,5,2,NONE,,
AAA_BASE,base,901,37.2885429107,127.1069726319,-60.049487,-48.322820,1,5,2,NONE,,
AAA_BASE,base,902,37.2885446698,127.1069719938,-60.106000,-48.127000,1,5,2,NONE,,
AAA_BASE,base,903,37.2885466640,127.1069714970,-60.150000,-47.905000,1,5,2,NONE,,
AAA_BASE,base,904,37.2885487148,127.1069710469,-60.189857,-47.676709,1,5,2,NONE,,
AAA_BASE,base,905,37.2885506112,127.1069706915,-60.221339,-47.465598,1,5,2,NONE,,
AAA_BASE,base,906,37.2885525031,127.1069703227,-60.254000,-47.255000,1,5,2,NONE,,
AAA_BASE,base,907,37.2885543356,127.1069699952,-60.283000,-47.051000,1,5,2,NONE,,
AAA_BASE,base,908,37.2885563299,127.1069698259,-60.298000,-46.829000,1,5,2,NONE,,
AAA_BASE,base,909,37.2885585038,127.1069698259,-60.298000,-46.587000,1,5,2,NONE,,
AAA_BASE,base,910,37.2885604927,127.1069697923,-60.300969,-46.365598,1,5,2,NONE,,
AAA_BASE,base,911,37.2885625013,127.1069698259,-60.298000,-46.142000,1,5,2,NONE,,
AAA_BASE,base,912,37.2885644955,127.1069698259,-60.298000,-45.920000,1,5,2,NONE,,
AAA_BASE,base,913,37.2885666694,127.1069699952,-60.283000,-45.678000,1,5,2,NONE,,
AAA_BASE,base,914,37.2885686637,127.1069703227,-60.254000,-45.456000,1,5,2,NONE,,
AAA_BASE,base,915,37.2885706669,127.1069706614,-60.224000,-45.233000,1,5,2,NONE,,
AAA_BASE,base,916,37.2885727030,127.1069708378,-60.208376,-45.006339,1,5,2,NONE,,
AAA_BASE,base,917,37.2885746644,127.1069709888,-60.195000,-44.788000,1,5,2,NONE,,
AAA_BASE,base,918,37.2885765957,127.1069709424,-60.199117,-44.573006,1,5,2,NONE,,
AAA_BASE,base,919,37.2885785002,127.1069709888,-60.195000,-44.361000,1,5,2,NONE,,
AAA_BASE,base,920,37.2885805034,127.1069709888,-60.195000,-44.138000,1,5,2,NONE,,
AAA_BASE,base,921,37.2885824977,127.1069711582,-60.180000,-43.916000,1,5,2,NONE,,
AAA_BASE,base,922,37.2885843302,127.1069713276,-60.165000,-43.712000,1,5,2,NONE,,
AAA_BASE,base,923,37.2885861628,127.1069713276,-60.165000,-43.508000,1,5,2,NONE,,
AAA_BASE,base,924,37.2885883569,127.1069712978,-60.167635,-43.263746,1,5,2,NONE,,
AAA_BASE,base,925,37.2885901692,127.1069713276,-60.165000,-43.062000,1,5,2,NONE,,
AAA_BASE,base,926,37.2885921635,127.1069716550,-60.136000,-42.840000,1,5,2,NONE,,
AAA_BASE,base,927,37.2885941667,127.1069719938,-60.106000,-42.617000,1,5,2,NONE,,
AAA_BASE,base,928,37.2885961700,127.1069721631,-60.091000,-42.394000,1,5,2,NONE,,
AAA_BASE,base,929,37.2885981642,127.1069723212,-60.077000,-42.172000,1,5,2,NONE,,
AAA_BASE,base,930,37.2886003511,127.1069725106,-60.060228,-41.928561,1,5,2,NONE,,
AAA_BASE,base,931,37.2886021707,127.1069726599,-60.047000,-41.726000,1,5,2,NONE,,
AAA_BASE,base,932,37.2886043103,127.1069729497,-60.021339,-41.487820,1,5,2,NONE,,
AAA_BASE,base,933,37.2886063398,127.1069730542,-60.012080,-41.261894,1,5,2,NONE,,
AAA_BASE,base,934,37.2886083360,127.1069732215,-59.997265,-41.039672,1,5,2,NONE,,
AAA_BASE,base,935,37.2886101826,127.1069732006,-59.999117,-40.834117,1,5,2,NONE,,
AAA_BASE,base,936,37.2886123306,127.1069733261,-59.988000,-40.595000,1,5,2,NONE,,
AAA_BASE,base,937,37.2886141631,127.1069733261,-59.988000,-40.391000,1,5,2,NONE,,
AAA_BASE,base,938,37.2886161664,127.1069734955,-59.973000,-40.168000,1,5,2,NONE,,
AAA_BASE,base,939,37.2886179989,127.1069736536,-59.959000,-39.964000,1,5,2,NONE,,
AAA_BASE,base,940,37.2886200022,127.1069736536,-59.959000,-39.741000,1,5,2,NONE,,
AAA_BASE,base,941,37.2886218347,127.1069734955,-59.973000,-39.537000,1,5,2,NONE,,
AAA_BASE,base,942,37.2886236739,127.1069733470,-59.986154,-39.332265,1,5,2,NONE,,
AAA_BASE,base,943,37.2886254998,127.1069731567,-60.003000,-39.129000,1,5,2,NONE,,
AAA_BASE,base,944,37.2886275031,127.1069729874,-60.018000,-38.906000,1,5,2,NONE,,
AAA_BASE,base,945,37.2886293356,127.1069726599,-60.047000,-38.702000,1,5,2,NONE,,
AAA_BASE,base,946,37.2886311682,127.1069721631,-60.091000,-38.498000,1,5,2,NONE,,
AAA_BASE,base,947,37.2886331624,127.1069714970,-60.150000,-38.276000,1,5,2,NONE,,
AAA_BASE,base,948,37.2886350040,127.1069709888,-60.195000,-38.071000,1,5,2,NONE,,
AAA_BASE,base,949,37.2886369982,127.1069703227,-60.254000,-37.849000,1,5,2,NONE,,
AAA_BASE,base,950,37.2886390014,127.1069694871,-60.328000,-37.626000,1,5,2,NONE,,
AAA_BASE,base,951,37.2886407584,127.1069684541,-60.419487,-37.430413,1,5,2,NONE,,
AAA_BASE,base,952,37.2886424959,127.1069674886,-60.505000,-37.237000,1,5,2,NONE,,
AAA_BASE,base,953,37.2886443374,127.1069663256,-60.608000,-37.032000,1,5,2,NONE,,
AAA_BASE,base,954,37.2886461700,127.1069654901,-60.682000,-36.828000,1,5,2,NONE,,
AAA_BASE,base,955,37.2886480025,127.1069644964,-60.770000,-36.624000,1,5,2,NONE,,
AAA_BASE,base,956,37.2886498351,127.1069634915,-60.859000,-36.420000,1,5,2,NONE,,
AAA_BASE,base,957,37.2886514969,127.1069624866,-60.948000,-36.235000,1,5,2,NONE,,
AAA_BASE,base,958,37.2886533680,127.1069611149,-61.069487,-36.026709,1,5,2,NONE,,
AAA_BASE,base,959,37.2886549817,127.1069597558,-61.189857,-35.847080,1,5,2,NONE,,
AAA_BASE,base,960,37.2886565005,127.1069586589,-61.287000,-35.678000,1,5,2,NONE,,
AAA_BASE,base,961,37.2886583331,127.1069574959,-61.390000,-35.474000,1,5,2,NONE,,
AAA_BASE,base,962,37.2886600040,127.1069561636,-61.508000,-35.288000,1,5,2,NONE,,
AAA_BASE,base,963,37.2886615041,127.1069546619,-61.641000,-35.121000,1,5,2,NONE,,
AAA_BASE,base,964,37.2886630043,127.1069528214,-61.804000,-34.954000,1,5,2,NONE,,
AAA_BASE,base,965,37.2886643338,127.1069513197,-61.937000,-34.806000,1,5,2,NONE,,
AAA_BASE,base,966,37.2886656633,127.1069496599,-62.084000,-34.658000,1,5,2,NONE,,
AAA_BASE,base,967,37.2886672919,127.1069479210,-62.238006,-34.476709,1,5,2,NONE,,
AAA_BASE,base,968,37.2886686393,127.1069462692,-62.384302,-34.326709,1,5,2,NONE,,
AAA_BASE,base,969,37.2886698315,127.1069444886,-62.542000,-34.194000,1,5,2,NONE,,
AAA_BASE,base,970,37.2886709993,127.1069424900,-62.719000,-34.064000,1,5,2,NONE,,
AAA_BASE,base,971,37.2886721671,127.1069406609,-62.881000,-33.934000,1,5,2,NONE,,
AAA_BASE,base,972,37.2886733349,127.1069386623,-63.058000,-33.804000,1,5,2,NONE,,
AAA_BASE,base,973,37.2886745027,127.1069366638,-63.235000,-33.674000,1,5,2,NONE,,
AAA_BASE,base,974,37.2886754998,127.1069348234,-63.398000,-33.563000,1,5,2,NONE,,
AAA_BASE,base,975,37.2886764247,127.1069328453,-63.573191,-33.460043,1,5,2,NONE,,
AAA_BASE,base,976,37.2886774395,127.1069305870,-63.773191,-33.347080,1,5,2,NONE,,
AAA_BASE,base,977,37.2886782712,127.1069287679,-63.934302,-33.254487,1,5,2,NONE,,
AAA_BASE,base,978,37.2886791649,127.1069266599,-64.121000,-33.155000,1,5,2,NONE,,
AAA_BASE,base,979,37.2886799514,127.1069243560,-64.325043,-33.067450,1,5,2,NONE,,
AAA_BASE,base,980,37.2886806651,127.1069223241,-64.505000,-32.988000,1,5,2,NONE,,
AAA_BASE,base,981,37.2886813299,127.1069199868,-64.712000,-32.914000,1,5,2,NONE,,
AAA_BASE,base,982,37.2886818329,127.1069174915,-64.933000,-32.858000,1,5,2,NONE,,
AAA_BASE,base,983,37.2886824977,127.1069153236,-65.125000,-32.784000,1,5,2,NONE,,
AAA_BASE,base,984,37.2886831624,127.1069129863,-65.332000,-32.710000,1,5,2,NONE,,
AAA_BASE,base,985,37.2886836655,127.1069104910,-65.553000,-32.654000,1,5,2,NONE,,
AAA_BASE,base,986,37.2886839978,127.1069081537,-65.760000,-32.617000,1,5,2,NONE,,
AAA_BASE,base,987,37.2886843302,127.1069056584,-65.981000,-32.580000,1,5,2,NONE,,
AAA_BASE,base,988,37.2886845009,127.1069033211,-66.188000,-32.561000,1,5,2,NONE,,
AAA_BASE,base,989,37.2886848333,127.1069009951,-66.394000,-32.524000,1,5,2,NONE,,
AAA_BASE,base,990,37.2886851656,127.1068984885,-66.616000,-32.487000,1,5,2,NONE,,
AAA_BASE,base,991,37.2886854411,127.1068958982,-66.845413,-32.456339,1,5,2,NONE,,
AAA_BASE,base,992,37.2886855742,127.1068935145,-67.056524,-32.441524,1,5,2,NONE,,
AAA_BASE,base,993,37.2886856687,127.1068908218,-67.295000,-32.431000,1,5,2,NONE,,
AAA_BASE,base,994,37.2886858304,127.1068883265,-67.516000,-32.413000,1,5,2,NONE,,
AAA_BASE,base,995,37.2886860011,127.1068856618,-67.752000,-32.394000,1,5,2,NONE,,
AAA_BASE,base,996,37.2886862396,127.1068828925,-67.997265,-32.367450,1,5,2,NONE,,
AAA_BASE,base,997,37.2886863061,127.1068803833,-68.219487,-32.360043,1,5,2,NONE,,
AAA_BASE,base,998,37.2886862729,127.1068777278,-68.454672,-32.363746,1,5,2,NONE,,
AAA_BASE,base,999,37.2886861628,127.1068751610,-68.682000,-32.376000,1,5,2,NONE,,
AAA_BASE,base,1000,37.2886861628,127.1068726544,-68.904000,-32.376000,1,5,2,NONE,,
AAA_BASE,base,1001,37.2886861628,127.1068699897,-69.140000,-32.376000,1,5,2,NONE,,
AAA_BASE,base,1002,37.2886862396,127.1068672312,-69.384302,-32.367450,1,5,2,NONE,,
AAA_BASE,base,1003,37.2886861628,127.1068648296,-69.597000,-32.376000,1,5,2,NONE,,
AAA_BASE,base,1004,37.2886860011,127.1068621536,-69.834000,-32.394000,1,5,2,NONE,,
AAA_BASE,base,1005,37.2886857405,127.1068594529,-70.073191,-32.423006,1,5,2,NONE,,
AAA_BASE,base,1006,37.2886856687,127.1068568242,-70.306000,-32.431000,1,5,2,NONE,,
AAA_BASE,base,1007,37.2886856687,127.1068541595,-70.542000,-32.431000,1,5,2,NONE,,
AAA_BASE,base,1008,37.2886856687,127.1068514948,-70.778000,-32.431000,1,5,2,NONE,,
AAA_BASE,base,1009,37.2886855575,127.1068486845,-71.026894,-32.443376,1,5,2,NONE,,
AAA_BASE,base,1010,37.2886854980,127.1068458267,-71.280000,-32.450000,1,5,2,NONE,,
AAA_BASE,base,1011,37.2886854980,127.1068431620,-71.516000,-32.450000,1,5,2,NONE,,
AAA_BASE,base,1012,37.2886856687,127.1068404972,-71.752000,-32.431000,1,5,2,NONE,,
AAA_BASE,base,1013,37.2886858237,127.1068376025,-72.008376,-32.413746,1,5,2,NONE,,
AAA_BASE,base,1014,37.2886860011,127.1068349872,-72.240000,-32.394000,1,5,2,NONE,,
AAA_BASE,base,1015,37.2886861628,127.1068323225,-72.476000,-32.376000,1,5,2,NONE,,
AAA_BASE,base,1016,37.2886861628,127.1068296578,-72.712000,-32.376000,1,5,2,NONE,,
AAA_BASE,base,1017,37.2886863335,127.1068271624,-72.933000,-32.357000,1,5,2,NONE,,
AAA_BASE,base,1018,37.2886865041,127.1068244864,-73.170000,-32.338000,1,5,2,NONE,,
AAA_BASE,base,1019,37.2886868365,127.1068218217,-73.406000,-32.301000,1,5,2,NONE,,
AAA_BASE,base,1020,37.2886869982,127.1068193264,-73.627000,-32.283000,1,5,2,NONE,,
AAA_BASE,base,1021,37.2886871689,127.1068166617,-73.863000,-32.264000,1,5,2,NONE,,
AAA_BASE,base,1022,37.2886875013,127.1068141550,-74.085000,-32.227000,1,5,2,NONE,,
AAA_BASE,base,1023,37.2886878336,127.1068118291,-74.291000,-32.190000,1,5,2,NONE,,
AAA_BASE,base,1024,37.2886883367,127.1068094918,-74.498000,-32.134000,1,5,2,NONE,,
AAA_BASE,base,1025,37.2886888308,127.1068071545,-74.705000,-32.079000,1,5,2,NONE,,
AAA_BASE,base,1026,37.2886891631,127.1068048286,-74.911000,-32.042000,1,5,2,NONE,,
AAA_BASE,base,1027,37.2886894955,127.1068024913,-75.118000,-32.005000,1,5,2,NONE,,
AAA_BASE,base,1028,37.2886899986,127.1068001540,-75.325000,-31.949000,1,5,2,NONE,,
AAA_BASE,base,1029,37.2886906633,127.1067979974,-75.516000,-31.875000,1,5,2,NONE,,
AAA_BASE,base,1030,37.2886914987,127.1067956602,-75.723000,-31.782000,1,5,2,NONE,,
AAA_BASE,base,1031,37.2886923342,127.1067934923,-75.915000,-31.689000,1,5,2,NONE,,
AAA_BASE,base,1032,37.2886929989,127.1067914937,-76.092000,-31.615000,1,5,2,NONE,,
AAA_BASE,base,1033,37.2886939085,127.1067891342,-76.300969,-31.513746,1,5,2,NONE,,
AAA_BASE,base,1034,37.2886949233,127.1067871060,-76.480598,-31.400783,1,5,2,NONE,,
AAA_BASE,base,1035,37.2886959993,127.1067853288,-76.638000,-31.281000,1,5,2,NONE,,
AAA_BASE,base,1036,37.2886973378,127.1067833302,-76.815000,-31.132000,1,5,2,NONE,,
AAA_BASE,base,1037,37.2886984966,127.1067814898,-76.978000,-31.003000,1,5,2,NONE,,
AAA_BASE,base,1038,37.2886996644,127.1067793219,-77.170000,-30.873000,1,5,2,NONE,,
AAA_BASE,base,1039,37.2887008322,127.1067773234,-77.347000,-30.743000,1,5,2,NONE,,
AAA_BASE,base,1040,37.2887021707,127.1067754942,-77.509000,-30.594000,1,5,2,NONE,,
AAA_BASE,base,1041,37.2887035002,127.1067736537,-77.672000,-30.446000,1,5,2,NONE,,
AAA_BASE,base,1042,37.2887048297,127.1067718246,-77.834000,-30.298000,1,5,2,NONE,,
AAA_BASE,base,1043,37.2887061682,127.1067698261,-78.011000,-30.149000,1,5,2,NONE,,
AAA_BASE,base,1044,37.2887076161,127.1067678066,-78.189857,-29.987820,1,5,2,NONE,,
AAA_BASE,base,1045,37.2887088304,127.1067660292,-78.347265,-29.852635,1,5,2,NONE,,
AAA_BASE,base,1046,37.2887103609,127.1067640428,-78.523191,-29.682265,1,5,2,NONE,,
AAA_BASE,base,1047,37.2887119982,127.1067623287,-78.675000,-29.500000,1,5,2,NONE,,
AAA_BASE,base,1048,37.2887134984,127.1067608270,-78.808000,-29.333000,1,5,2,NONE,,
AAA_BASE,base,1049,37.2887150188,127.1067591500,-78.956524,-29.163746,1,5,2,NONE,,
AAA_BASE,base,1050,37.2887167655,127.1067575191,-79.100969,-28.969302,1,5,2,NONE,,
AAA_BASE,base,1051,37.2887183958,127.1067562436,-79.213932,-28.787820,1,5,2,NONE,,
AAA_BASE,base,1052,37.2887203345,127.1067549895,-79.325000,-28.572000,1,5,2,NONE,,
AAA_BASE,base,1053,37.2887223378,127.1067539959,-79.413000,-28.349000,1,5,2,NONE,,
AAA_BASE,base,1054,37.2887243320,127.1067528216,-79.517000,-28.127000,1,5,2,NONE,,
AAA_BASE,base,1055,37.2887264140,127.1067517062,-79.615783,-27.895228,1,5,2,NONE,,
AAA_BASE,base,1056,37.2887283295,127.1067506537,-79.709000,-27.682000,1,5,2,NONE,,
AAA_BASE,base,1057,37.2887303327,127.1067498295,-79.782000,-27.459000,1,5,2,NONE,,
AAA_BASE,base,1058,37.2887324977,127.1067489939,-79.856000,-27.218000,1,5,2,NONE,,
AAA_BASE,base,1059,37.2887345009,127.1067483277,-79.915000,-26.995000,1,5,2,NONE,,
AAA_BASE,base,1060,37.2887365041,127.1067474922,-79.989000,-26.772000,1,5,2,NONE,,
AAA_BASE,base,1061,37.2887386691,127.1067466567,-80.063000,-26.531000,1,5,2,NONE,,
AAA_BASE,base,1062,37.2887406633,127.1067461598,-80.107000,-26.309000,1,5,2,NONE,,
AAA_BASE,base,1063,37.2887428372,127.1067456630,-80.151000,-26.067000,1,5,2,NONE,,
AAA_BASE,base,1064,37.2887448315,127.1067453243,-80.181000,-25.845000,1,5,2,NONE,,
AAA_BASE,base,1065,37.2887468347,127.1067446581,-80.240000,-25.622000,1,5,2,NONE,,
AAA_BASE,base,1066,37.2887489996,127.1067439919,-80.299000,-25.381000,1,5,2,NONE,,
AAA_BASE,base,1067,37.2887510843,127.1067436143,-80.332450,-25.148932,1,5,2,NONE,,
AAA_BASE,base,1068,37.2887529971,127.1067433258,-80.358000,-24.936000,1,5,2,NONE,,
AAA_BASE,base,1069,37.2887551710,127.1067433258,-80.358000,-24.694000,1,5,2,NONE,,
AAA_BASE,base,1070,37.2887571653,127.1067434951,-80.343000,-24.472000,1,5,2,NONE,,
AAA_BASE,base,1071,37.2887591685,127.1067434951,-80.343000,-24.249000,1,5,2,NONE,,
AAA_BASE,base,1072,37.2887612652,127.1067435933,-80.334302,-24.015598,1,5,2,NONE,,
AAA_BASE,base,1073,37.2887633367,127.1067438226,-80.314000,-23.785000,1,5,2,NONE,,
AAA_BASE,base,1074,37.2887655016,127.1067443307,-80.269000,-23.544000,1,5,2,NONE,,
AAA_BASE,base,1075,37.2887676665,127.1067448275,-80.225000,-23.303000,1,5,2,NONE,,
AAA_BASE,base,1076,37.2887696698,127.1067451549,-80.196000,-23.080000,1,5,2,NONE,,
AAA_BASE,base,1077,37.2887718347,127.1067454937,-80.166000,-22.839000,1,5,2,NONE,,
AAA_BASE,base,1078,37.2887738290,127.1067458211,-80.137000,-22.617000,1,5,2,NONE,,
AAA_BASE,base,1079,37.2887760029,127.1067464873,-80.078000,-22.375000,1,5,2,NONE,,
AAA_BASE,base,1080,37.2887781678,127.1067471535,-80.019000,-22.134000,1,5,2,NONE,,
AAA_BASE,base,1081,37.2887803327,127.1067478196,-79.960000,-21.893000,1,5,2,NONE,,
AAA_BASE,base,1082,37.2887823360,127.1067483277,-79.915000,-21.670000,1,5,2,NONE,,
AAA_BASE,base,1083,37.2887845009,127.1067488245,-79.871000,-21.429000,1,5,2,NONE,,
AAA_BASE,base,1084,37.2887866658,127.1067496601,-79.797000,-21.188000,1,5,2,NONE,,
AAA_BASE,base,1085,37.2887886691,127.1067504956,-79.723000,-20.965000,1,5,2,NONE,,
AAA_BASE,base,1086,37.2887908340,127.1067514893,-79.635000,-20.724000,1,5,2,NONE,,
AAA_BASE,base,1087,37.2887929989,127.1067523248,-79.561000,-20.483000,1,5,2,NONE,,
AAA_BASE,base,1088,37.2887950022,127.1067529910,-79.502000,-20.260000,1,5,2,NONE,,
AAA_BASE,base,1089,37.2887971671,127.1067538265,-79.428000,-20.019000,1,5,2,NONE,,
AAA_BASE,base,1090,37.2887989996,127.1067548201,-79.340000,-19.815000,1,5,2,NONE,,
AAA_BASE,base,1091,37.2888006705,127.1067558251,-79.251000,-19.629000,1,5,2,NONE,,
AAA_BASE,base,1092,37.2888022410,127.1067567306,-79.170796,-19.454175,1,5,2,NONE,,
AAA_BASE,base,1093,37.2888035931,127.1067576013,-79.093690,-19.303654,1,5,2,NONE,,
AAA_BASE,base,1094,37.2888052411,127.1067588065,-78.986952,-19.120197,1,5,2,NONE,,
AAA_BASE,base,1095,37.2888066398,127.1067600783,-78.874315,-18.964496,1,5,2,NONE,,
AAA_BASE,base,1096,37.2888076561,127.1067611100,-78.782937,-18.851362,1,6,2,NONE,,
AAA_BASE,base,1097,37.2888088257,127.1067624810,-78.661516,-18.721166,1,6,2,NONE,,
AAA_BASE,base,1098,37.2888095900,127.1067635057,-78.570761,-18.636083,1,6,2,NONE,,
AAA_BASE,base,1099,37.2888104732,127.1067648080,-78.455427,-18.537765,1,6,2,NONE,,
AAA_BASE,base,1100,37.2888112715,127.1067661529,-78.336312,-18.448902,1,6,2,NONE,,
AAA_BASE,base,1101,37.2888119339,127.1067674552,-78.220978,-18.375163,1,6,2,NONE,,
AAA_BASE,base,1102,37.2888124774,127.1067687147,-78.109425,-18.314660,1,6,2,NONE,,
AAA_BASE,base,1103,37.2888130548,127.1067703159,-77.967621,-18.250376,1,6,2,NONE,,
AAA_BASE,base,1104,37.2888135304,127.1067718956,-77.827707,-18.197435,1,6,2,NONE,,
AAA_BASE,base,1105,37.2888139720,127.1067737529,-77.663215,-18.148277,1,6,2,NONE,,
AAA_BASE,base,1106,37.2888143626,127.1067765496,-77.415530,-18.104790,1,6,2,NONE,,
AAA_BASE,base,1107,37.2888145665,127.1067792181,-77.179190,-18.082101,1,6,2,NONE,,
AAA_BASE,base,1108,37.2888147193,127.1067816732,-76.961757,-18.065085,1,6,2,NONE,,
AAA_BASE,base,1109,37.2888148212,127.1067842990,-76.729198,-18.053741,1,6,2,NONE,,
AAA_BASE,base,1110,37.2888150081,127.1067869889,-76.490967,-18.032943,1,6,2,NONE,,
AAA_BASE,base,1111,37.2888152458,127.1067893373,-76.282987,-18.006473,1,6,2,NONE,,
AAA_BASE,base,1112,37.2888156633,127.1067918212,-76.063000,-17.960000,1,6,2,NONE,,
AAA_BASE,base,1113,37.2888159957,127.1067943278,-75.841000,-17.923000,1,6,2,NONE,,
AAA_BASE,base,1114,37.2888164340,127.1067969746,-75.606591,-17.874203,1,6,2,NONE,,
AAA_BASE,base,1115,37.2888166694,127.1067994879,-75.384000,-17.848000,1,6,2,NONE,,
AAA_BASE,base,1116,37.2888167216,127.1068021632,-75.147058,-17.842196,1,6,2,NONE,,
AAA_BASE,base,1117,37.2888166694,127.1068046592,-74.926000,-17.848000,1,6,2,NONE,,
AAA_BASE,base,1118,37.2888166694,127.1068071545,-74.705000,-17.848000,1,6,2,NONE,,
AAA_BASE,base,1119,37.2888166694,127.1068096612,-74.483000,-17.848000,1,6,2,NONE,,
AAA_BASE,base,1120,37.2888166805,127.1068121275,-74.264570,-17.846768,1,6,2,NONE,,
AAA_BASE,base,1121,37.2888165573,127.1068147605,-74.031374,-17.860486,1,6,2,NONE,,
AAA_BASE,base,1122,37.2888163370,127.1068173278,-73.804000,-17.885000,1,6,2,NONE,,
AAA_BASE,base,1123,37.2888159957,127.1068198232,-73.583000,-17.923000,1,6,2,NONE,,
AAA_BASE,base,1124,37.2888156633,127.1068224879,-73.347000,-17.960000,1,6,2,NONE,,
AAA_BASE,base,1125,37.2888155016,127.1068249945,-73.125000,-17.978000,1,6,2,NONE,,
AAA_BASE,base,1126,37.2888153309,127.1068274899,-72.904000,-17.997000,1,6,2,NONE,,
AAA_BASE,base,1127,37.2888149986,127.1068298271,-72.697000,-18.034000,1,6,2,NONE,,
AAA_BASE,base,1128,37.2888146662,127.1068324918,-72.461000,-18.071000,1,6,2,NONE,,
AAA_BASE,base,1129,37.2888143338,127.1068349872,-72.240000,-18.108000,1,6,2,NONE,,
AAA_BASE,base,1130,37.2888140014,127.1068376632,-72.003000,-18.145000,1,6,2,NONE,,
AAA_BASE,base,1131,37.2888138308,127.1068403279,-71.767000,-18.164000,1,6,2,NONE,,
AAA_BASE,base,1132,37.2888135588,127.1068430013,-71.530231,-18.194276,1,6,2,NONE,,
AAA_BASE,base,1133,37.2888131660,127.1068454879,-71.310000,-18.238000,1,6,2,NONE,,
AAA_BASE,base,1134,37.2888126630,127.1068481639,-71.073000,-18.294000,1,6,2,NONE,,
AAA_BASE,base,1135,37.2888122444,127.1068507972,-70.839787,-18.340596,1,6,2,NONE,,
AAA_BASE,base,1136,37.2888116658,127.1068534933,-70.601000,-18.405000,1,6,2,NONE,,
AAA_BASE,base,1137,37.2888113202,127.1068564763,-70.336815,-18.443476,1,6,2,NONE,,
AAA_BASE,base,1138,37.2888108304,127.1068589921,-70.114000,-18.498000,1,6,2,NONE,,
AAA_BASE,base,1139,37.2888101656,127.1068618262,-69.863000,-18.572000,1,6,2,NONE,,
AAA_BASE,base,1140,37.2888093302,127.1068643215,-69.642000,-18.665000,1,6,2,NONE,,
AAA_BASE,base,1141,37.2888086655,127.1068668282,-69.420000,-18.739000,1,6,2,NONE,,
AAA_BASE,base,1142,37.2888081624,127.1068694929,-69.184000,-18.795000,1,6,2,NONE,,
AAA_BASE,base,1143,37.2888076683,127.1068719882,-68.963000,-18.850000,1,6,2,NONE,,
AAA_BASE,base,1144,37.2888070036,127.1068744948,-68.741000,-18.924000,1,6,2,NONE,,
AAA_BASE,base,1145,37.2888061682,127.1068769902,-68.520000,-19.017000,1,6,2,NONE,,
AAA_BASE,base,1146,37.2888053095,127.1068792674,-68.318322,-19.112582,1,6,2,NONE,,
AAA_BASE,base,1147,37.2888044973,127.1068819922,-68.077000,-19.203000,1,6,2,NONE,,
AAA_BASE,base,1148,37.2888040032,127.1068846569,-67.841000,-19.258000,1,6,2,NONE,,
AAA_BASE,base,1149,37.2888033295,127.1068871635,-67.619000,-19.333000,1,6,2,NONE,,
AAA_BASE,base,1150,37.2888026648,127.1068896588,-67.398000,-19.407000,1,6,2,NONE,,
AAA_BASE,base,1151,37.2888018293,127.1068923235,-67.162000,-19.500000,1,6,2,NONE,,
AAA_BASE,base,1152,37.2888012249,127.1068946125,-66.959281,-19.567289,1,6,2,NONE,,
AAA_BASE,base,1153,37.2888004998,127.1068976530,-66.690000,-19.648000,1,6,2,NONE,,
AAA_BASE,base,1154,37.2887999968,127.1069004870,-66.439000,-19.704000,1,6,2,NONE,,
AAA_BASE,base,1155,37.2887993320,127.1069029937,-66.217000,-19.778000,1,6,2,NONE,,
AAA_BASE,base,1156,37.2887984966,127.1069056584,-65.981000,-19.871000,1,6,2,NONE,,
AAA_BASE,base,1157,37.2887976701,127.1069081537,-65.760000,-19.963000,1,6,2,NONE,,
AAA_BASE,base,1158,37.2887969964,127.1069108297,-65.523000,-20.038000,1,6,2,NONE,,
AAA_BASE,base,1159,37.2887965023,127.1069134944,-65.287000,-20.093000,1,6,2,NONE,,
AAA_BASE,base,1160,37.2887958376,127.1069161591,-65.051000,-20.167000,1,6,2,NONE,,
AAA_BASE,base,1161,37.2887950022,127.1069188238,-64.815000,-20.260000,1,6,2,NONE,,
AAA_BASE,base,1162,37.2887943374,127.1069214885,-64.579000,-20.334000,1,6,2,NONE,,
AAA_BASE,base,1163,37.2887935020,127.1069241532,-64.343000,-20.427000,1,6,2,NONE,,
AAA_BASE,base,1164,37.2887928372,127.1069268292,-64.106000,-20.501000,1,6,2,NONE,,
AAA_BASE,base,1165,37.2887923709,127.1069295190,-63.867781,-20.552911,1,6,2,NONE,,
AAA_BASE,base,1166,37.2887918311,127.1069321586,-63.634000,-20.613000,1,6,2,NONE,,
AAA_BASE,base,1167,37.2887909957,127.1069348234,-63.398000,-20.706000,1,6,2,NONE,,
AAA_BASE,base,1168,37.2887901692,127.1069373300,-63.176000,-20.798000,1,6,2,NONE,,
AAA_BASE,base,1169,37.2887893338,127.1069398253,-62.955000,-20.891000,1,6,2,NONE,,
AAA_BASE,base,1170,37.2887887198,127.1069425408,-62.714502,-20.959353,1,6,2,NONE,,
AAA_BASE,base,1171,37.2887880043,127.1069453241,-62.468000,-21.039000,1,6,2,NONE,,
AAA_BASE,base,1172,37.2887871689,127.1069478307,-62.246000,-21.132000,1,6,2,NONE,,
AAA_BASE,base,1173,37.2887863335,127.1069504954,-62.010000,-21.225000,1,6,2,NONE,,
AAA_BASE,base,1174,37.2887854980,127.1069531602,-61.774000,-21.318000,1,6,2,NONE,,
AAA_BASE,base,1175,37.2887848333,127.1069559942,-61.523000,-21.392000,1,6,2,NONE,,
AAA_BASE,base,1176,37.2887841685,127.1069586589,-61.287000,-21.466000,1,6,2,NONE,,
AAA_BASE,base,1177,37.2887833331,127.1069613236,-61.051000,-21.559000,1,6,2,NONE,,
AAA_BASE,base,1178,37.2887824977,127.1069641577,-60.800000,-21.652000,1,6,2,NONE,,
AAA_BASE,base,1179,37.2887815005,127.1069668224,-60.564000,-21.763000,1,6,2,NONE,,
AAA_BASE,base,1180,37.2887808358,127.1069694871,-60.328000,-21.837000,1,6,2,NONE,,
AAA_BASE,base,1181,37.2887801710,127.1069723212,-60.077000,-21.911000,1,6,2,NONE,,
AAA_BASE,base,1182,37.2887794973,127.1069748278,-59.855000,-21.986000,1,6,2,NONE,,
AAA_BASE,base,1183,37.2887785002,127.1069776619,-59.604000,-22.097000,1,6,2,NONE,,
AAA_BASE,base,1184,37.2887776648,127.1069801572,-59.383000,-22.190000,1,6,2,NONE,,
AAA_BASE,base,1185,37.2887770000,127.1069828220,-59.147000,-22.264000,1,6,2,NONE,,
AAA_BASE,base,1186,37.2887761646,127.1069854867,-58.911000,-22.357000,1,6,2,NONE,,
AAA_BASE,base,1187,37.2887753291,127.1069881627,-58.674000,-22.450000,1,6,2,NONE,,
AAA_BASE,base,1188,37.2887743320,127.1069908274,-58.438000,-22.561000,1,6,2,NONE,,
AAA_BASE,base,1189,37.2887733349,127.1069934921,-58.202000,-22.672000,1,6,2,NONE,,
AAA_BASE,base,1190,37.2887723378,127.1069959874,-57.981000,-22.783000,1,6,2,NONE,,
AAA_BASE,base,1191,37.2887715023,127.1069986634,-57.744000,-22.876000,1,6,2,NONE,,
AAA_BASE,base,1192,37.2887708376,127.1070013281,-57.508000,-22.950000,1,6,2,NONE,,
AAA_BASE,base,1193,37.2887700022,127.1070036541,-57.302000,-23.043000,1,6,2,NONE,,
AAA_BASE,base,1194,37.2887689960,127.1070063301,-57.065000,-23.155000,1,6,2,NONE,,
AAA_BASE,base,1195,37.2887681696,127.1070089948,-56.829000,-23.247000,1,6,2,NONE,,
AAA_BASE,base,1196,37.2887671635,127.1070114901,-56.608000,-23.359000,1,6,2,NONE,,
AAA_BASE,base,1197,37.2887663370,127.1070141548,-56.372000,-23.451000,1,6,2,NONE,,
AAA_BASE,base,1198,37.2887655016,127.1070168196,-56.136000,-23.544000,1,6,2,NONE,,
AAA_BASE,base,1199,37.2887644955,127.1070193262,-55.914000,-23.656000,1,6,2,NONE,,
AAA_BASE,base,1200,37.2887634984,127.1070218215,-55.693000,-23.767000,1,6,2,NONE,,
AAA_BASE,base,1201,37.2887625013,127.1070244862,-55.457000,-23.878000,1,6,2,NONE,,
AAA_BASE,base,1202,37.2887616658,127.1070269929,-55.235000,-23.971000,1,6,2,NONE,,
AAA_BASE,base,1203,37.2887608800,127.1070296207,-55.002263,-24.058474,1,6,2,NONE,,
AAA_BASE,base,1204,37.2887600040,127.1070321529,-54.778000,-24.156000,1,6,2,NONE,,
AAA_BASE,base,1205,37.2887589978,127.1070346595,-54.556000,-24.268000,1,6,2,NONE,,
AAA_BASE,base,1206,37.2887580007,127.1070371549,-54.335000,-24.379000,1,6,2,NONE,,
AAA_BASE,base,1207,37.2887571653,127.1070394921,-54.128000,-24.472000,1,6,2,NONE,,
AAA_BASE,base,1208,37.2887563299,127.1070419875,-53.907000,-24.565000,1,6,2,NONE,,
AAA_BASE,base,1209,37.2887555034,127.1070444941,-53.685000,-24.657000,1,6,2,NONE,,
AAA_BASE,base,1210,37.2887544973,127.1070468201,-53.479000,-24.769000,1,6,2,NONE,,
AAA_BASE,base,1211,37.2887535002,127.1070491574,-53.272000,-24.880000,1,6,2,NONE,,
AAA_BASE,base,1212,37.2887525031,127.1070516640,-53.050000,-24.991000,1,6,2,NONE,,
AAA_BASE,base,1213,37.2887516676,127.1070539900,-52.844000,-25.084000,1,6,2,NONE,,
AAA_BASE,base,1214,37.2887510029,127.1070564966,-52.622000,-25.158000,1,6,2,NONE,,
AAA_BASE,base,1215,37.2887503291,127.1070586532,-52.431000,-25.233000,1,6,2,NONE,,
AAA_BASE,base,1216,37.2887494434,127.1070609012,-52.231904,-25.331598,1,6,2,NONE,,
AAA_BASE,base,1217,37.2887486673,127.1070631584,-52.032000,-25.418000,1,6,2,NONE,,
AAA_BASE,base,1218,37.2887480025,127.1070651569,-51.855000,-25.492000,1,6,2,NONE,,
AAA_BASE,base,1219,37.2887474971,127.1070668291,-51.706904,-25.548264,1,6,2,NONE,,
AAA_BASE,base,1220,37.2887469431,127.1070684663,-51.561904,-25.609931,1,6,2,NONE,,
AAA_BASE,base,1221,37.2887463443,127.1070701788,-51.410238,-25.676598,1,6,2,NONE,,
AAA_BASE,base,1222,37.2887455957,127.1070719101,-51.256904,-25.759931,1,6,2,NONE,,
AAA_BASE,base,1223,37.2887448315,127.1070736591,-51.102000,-25.845000,1,6,2,NONE,,
AAA_BASE,base,1224,37.2887440536,127.1070752974,-50.956904,-25.931598,1,6,2,NONE,,
AAA_BASE,base,1225,37.2887431696,127.1070773287,-50.777000,-26.030000,1,6,2,NONE,,
AAA_BASE,base,1226,37.2887423917,127.1070790423,-50.625238,-26.116598,1,6,2,NONE,,
AAA_BASE,base,1227,37.2887414185,127.1070809053,-50.460238,-26.224931,1,6,2,NONE,,
AAA_BASE,base,1228,37.2887405759,127.1070826931,-50.301900,-26.318730,1,6,2,NONE,,
AAA_BASE,base,1229,37.2887395358,127.1070846040,-50.132669,-26.434520,1,6,2,NONE,,
AAA_BASE,base,1230,37.2887386556,127.1070862466,-49.987189,-26.532496,1,6,2,NONE,,
AAA_BASE,base,1231,37.2887378288,127.1070878222,-49.847648,-26.624534,1,6,2,NONE,,
AAA_BASE,base,1232,37.2887370821,127.1070891966,-49.725920,-26.707665,1,6,2,NONE,,
AAA_BASE,base,1233,37.2887362553,127.1070906381,-49.598254,-26.799704,1,6,2,NONE,,
AAA_BASE,base,1234,37.2887354818,127.1070919790,-49.479495,-26.885804,1,6,2,NONE,,
AAA_BASE,base,1235,37.2887343692,127.1070941473,-49.287460,-27.009663,1,6,2,NONE,,
AAA_BASE,base,1236,37.2887337455,127.1070955480,-49.163408,-27.079089,1,6,2,NONE,,
AAA_BASE,base,1237,37.2887331323,127.1070971376,-49.022626,-27.147348,1,6,2,NONE,,
AAA_BASE,base,1238,37.2887326533,127.1070984382,-48.907440,-27.200674,1,6,2,NONE,,
AAA_BASE,base,1239,37.2887318868,127.1071003890,-48.734661,-27.285997,1,6,2,NONE,,
AAA_BASE,base,1240,37.2887312737,127.1071021713,-48.576814,-27.354256,1,6,2,NONE,,
AAA_BASE,base,1241,37.2887307755,127.1071039054,-48.423233,-27.409715,1,6,2,NONE,,
AAA_BASE,base,1242,37.2887303539,127.1071054468,-48.286716,-27.456643,1,6,2,NONE,,
AAA_BASE,base,1243,37.2887299515,127.1071070605,-48.143800,-27.501437,1,6,2,NONE,,
AAA_BASE,base,1244,37.2887295683,127.1071085538,-48.011550,-27.544099,1,6,2,STOP_LINE,,
AAA_BASE,base,1245,37.2887290318,127.1071105528,-47.834505,-27.603825,1,6,2,NONE,,
AAA_BASE,base,1246,37.2887283295,127.1071126587,-47.648000,-27.682000,1,6,2,NONE,,
AAA_BASE,base,1247,37.2887278354,127.1071143298,-47.500000,-27.737000,1,6,2,NONE,,
AAA_BASE,base,1248,37.2887271707,127.1071161589,-47.338000,-27.811000,1,6,2,NONE,,
AAA_BASE,base,1249,37.2887263352,127.1071181575,-47.161000,-27.904000,1,6,2,NONE,,
AAA_BASE,base,1250,37.2887254998,127.1071203254,-46.969000,-27.997000,1,6,2,NONE,,
AAA_BASE,base,1251,37.2887248351,127.1071223239,-46.792000,-28.071000,1,6,2,NONE,,
AAA_BASE,base,1252,37.2887241072,127.1071251241,-46.543997,-28.152024,1,6,2,NONE,,
AAA_BASE,base,1253,37.2887235324,127.1071272918,-46.352020,-28.216016,1,6,2,NONE,,
AAA_BASE,base,1254,37.2887228318,127.1071296631,-46.142000,-28.294000,1,6,2,NONE,,
AAA_BASE,base,1255,37.2887219036,127.1071320124,-45.933938,-28.397327,1,6,2,NONE,,
AAA_BASE,base,1256,37.2887211700,127.1071341570,-45.744000,-28.479000,1,6,2,NONE,,
AAA_BASE,base,1257,37.2887204962,127.1071364943,-45.537000,-28.554000,1,6,2,NONE,,
AAA_BASE,base,1258,37.2887197959,127.1071389247,-45.321747,-28.631965,1,6,2,NONE,,
AAA_BASE,base,1259,37.2887193374,127.1071411575,-45.124000,-28.683000,1,6,2,NONE,,
AAA_BASE,base,1260,37.2887186637,127.1071434948,-44.917000,-28.758000,1,6,2,NONE,,
AAA_BASE,base,1261,37.2887180521,127.1071459093,-44.703156,-28.826075,1,6,2,NONE,,
AAA_BASE,base,1262,37.2887173342,127.1071481580,-44.504000,-28.906000,1,6,2,NONE,,
AAA_BASE,base,1263,37.2887168311,127.1071504953,-44.297000,-28.962000,1,6,2,NONE,,
AAA_BASE,base,1264,37.2887163370,127.1071528212,-44.091000,-29.017000,1,6,2,NONE,,
AAA_BASE,base,1265,37.2887156633,127.1071549891,-43.899000,-29.092000,1,6,2,NONE,,
AAA_BASE,base,1266,37.2887148369,127.1071573264,-43.692000,-29.184000,1,6,2,NONE,,
AAA_BASE,base,1267,37.2887140014,127.1071596637,-43.485000,-29.277000,1,6,2,NONE,,
AAA_BASE,base,1268,37.2887133367,127.1071618203,-43.294000,-29.351000,1,6,2,NONE,,
AAA_BASE,base,1269,37.2887128336,127.1071641575,-43.087000,-29.407000,1,6,2,NONE,,
AAA_BASE,base,1270,37.2887122653,127.1071665018,-42.879380,-29.470262,1,6,2,NONE,,
AAA_BASE,base,1271,37.2887115041,127.1071689901,-42.659000,-29.555000,1,6,2,NONE,,
AAA_BASE,base,1272,37.2887108304,127.1071713274,-42.452000,-29.630000,1,6,2,NONE,,
AAA_BASE,base,1273,37.2887100234,127.1071737754,-42.235193,-29.719832,1,6,2,NONE,,
AAA_BASE,base,1274,37.2887095009,127.1071758213,-42.054000,-29.778000,1,6,2,NONE,,
AAA_BASE,base,1275,37.2887089312,127.1071781347,-41.849107,-29.841417,1,6,2,NONE,,
AAA_BASE,base,1276,37.2887083331,127.1071804958,-41.640000,-29.908000,1,6,2,NONE,,
AAA_BASE,base,1277,37.2887074977,127.1071828218,-41.434000,-30.001000,1,6,2,NONE,,
AAA_BASE,base,1278,37.2887065005,127.1071849897,-41.242000,-30.112000,1,6,2,NONE,,
AAA_BASE,base,1279,37.2887056651,127.1071873269,-41.035000,-30.205000,1,6,2,NONE,,
AAA_BASE,base,1280,37.2887048297,127.1071896529,-40.829000,-30.298000,1,6,2,NONE,,
AAA_BASE,base,1281,37.2887039875,127.1071918149,-40.637522,-30.391749,1,6,2,NONE,,
AAA_BASE,base,1282,37.2887031678,127.1071941581,-40.430000,-30.483000,1,6,2,NONE,,
AAA_BASE,base,1283,37.2887021707,127.1071964953,-40.223000,-30.594000,1,6,2,NONE,,
AAA_BASE,base,1284,37.2887011646,127.1071988213,-40.017000,-30.706000,1,6,2,NONE,,
AAA_BASE,base,1285,37.2887003291,127.1072009892,-39.825000,-30.799000,1,6,2,NONE,,
AAA_BASE,base,1286,37.2886993320,127.1072036539,-39.589000,-30.910000,1,6,2,NONE,,
AAA_BASE,base,1287,37.2886984966,127.1072059912,-39.382000,-31.003000,1,6,2,NONE,,
AAA_BASE,base,1288,37.2886974995,127.1072083284,-39.175000,-31.114000,1,6,2,NONE,,
AAA_BASE,base,1289,37.2886965023,127.1072106544,-38.969000,-31.225000,1,6,2,NONE,,
AAA_BASE,base,1290,37.2886954962,127.1072129917,-38.762000,-31.337000,1,6,2,NONE,,
AAA_BASE,base,1291,37.2886946698,127.1072154870,-38.541000,-31.429000,1,6,2,NONE,,
AAA_BASE,base,1292,37.2886938344,127.1072179936,-38.319000,-31.522000,1,6,2,NONE,,
AAA_BASE,base,1293,37.2886928372,127.1072203196,-38.113000,-31.633000,1,6,2,NONE,,
AAA_BASE,base,1294,37.2886918311,127.1072224875,-37.921000,-31.745000,1,6,2,NONE,,
AAA_BASE,base,1295,37.2886908340,127.1072246554,-37.729000,-31.856000,1,6,2,NONE,,
AAA_BASE,base,1296,37.2886899986,127.1072268233,-37.537000,-31.949000,1,6,2,NONE,,
AAA_BASE,base,1297,37.2886891631,127.1072293299,-37.315000,-32.042000,1,6,2,NONE,,
AAA_BASE,base,1298,37.2886883367,127.1072314865,-37.124000,-32.134000,1,6,2,NONE,,
AAA_BASE,base,1299,37.2886873306,127.1072336544,-36.932000,-32.246000,1,6,2,NONE,,
AAA_BASE,base,1300,37.2886863335,127.1072358223,-36.740000,-32.357000,1,6,2,NONE,,
AAA_BASE,base,1301,37.2886854980,127.1072379902,-36.548000,-32.450000,1,6,2,NONE,,
AAA_BASE,base,1302,37.2886846626,127.1072401581,-36.356000,-32.543000,1,6,2,NONE,,
AAA_BASE,base,1303,37.2886837997,127.1072426070,-36.139112,-32.639058,1,6,2,NONE,,
AAA_BASE,base,1304,37.2886831624,127.1072448214,-35.943000,-32.710000,1,6,2,NONE,,
AAA_BASE,base,1305,37.2886823360,127.1072469893,-35.751000,-32.802000,1,6,2,NONE,,
AAA_BASE,base,1306,37.2886815005,127.1072491572,-35.559000,-32.895000,1,6,2,NONE,,
AAA_BASE,base,1307,37.2886806651,127.1072513251,-35.367000,-32.988000,1,6,2,NONE,,
AAA_BASE,base,1308,37.2886799248,127.1072533917,-35.183970,-33.070413,1,6,2,NONE,,
AAA_BASE,base,1309,37.2886790519,127.1072556396,-34.984883,-33.167586,1,6,2,NONE,,
AAA_BASE,base,1310,37.2886781678,127.1072576594,-34.806000,-33.266000,1,6,2,NONE,,
AAA_BASE,base,1311,37.2886772422,127.1072596537,-34.629371,-33.369043,1,6,2,NONE,,
AAA_BASE,base,1312,37.2886760712,127.1072618749,-34.432655,-33.499397,1,6,2,NONE,,
AAA_BASE,base,1313,37.2886751674,127.1072636550,-34.275000,-33.600000,1,6,2,NONE,,
AAA_BASE,base,1314,37.2886742615,127.1072654608,-34.115064,-33.700854,1,6,2,NONE,,
AAA_BASE,base,1315,37.2886730905,127.1072675214,-33.932568,-33.831208,1,6,2,NONE,,
AAA_BASE,base,1316,37.2886719834,127.1072691806,-33.785623,-33.954452,1,6,2,NONE,,
AAA_BASE,base,1317,37.2886704962,127.1072709942,-33.625000,-34.120000,1,6,2,NONE,,
AAA_BASE,base,1318,37.2886693374,127.1072724959,-33.492000,-34.249000,1,6,2,NONE,,
AAA_BASE,base,1319,37.2886678372,127.1072741557,-33.345000,-34.416000,1,6,2,NONE,,
AAA_BASE,base,1320,37.2886662349,127.1072756835,-33.209694,-34.594374,1,6,2,NONE,,
AAA_BASE,base,1321,37.2886649361,127.1072767807,-33.112520,-34.738948,1,6,2,NONE,,
AAA_BASE,base,1322,37.2886634032,127.1072778511,-33.017717,-34.909594,1,6,2,NONE,,
AAA_BASE,base,1323,37.2886616658,127.1072788303,-32.931000,-35.103000,1,6,2,NONE,,
AAA_BASE,base,1324,37.2886601656,127.1072796545,-32.858000,-35.270000,1,6,2,NONE,,
AAA_BASE,base,1325,37.2886583331,127.1072808288,-32.754000,-35.474000,1,6,2,NONE,,
AAA_BASE,base,1326,37.2886566622,127.1072816530,-32.681000,-35.660000,1,6,2,NONE,,
AAA_BASE,base,1327,37.2886550004,127.1072823305,-32.621000,-35.845000,1,6,2,NONE,,
AAA_BASE,base,1328,37.2886531678,127.1072828273,-32.577000,-36.049000,1,6,2,NONE,,
AAA_BASE,base,1329,37.2886513352,127.1072833241,-32.533000,-36.253000,1,6,2,NONE,,
AAA_BASE,base,1330,37.2886496644,127.1072838209,-32.489000,-36.439000,1,6,2,NONE,,
AAA_BASE,base,1331,37.2886481165,127.1072843540,-32.441788,-36.611311,1,6,2,NONE,,
AAA_BASE,base,1332,37.2886462855,127.1072848089,-32.401497,-36.815138,1,6,2,NONE,,
AAA_BASE,base,1333,37.2886446035,127.1072850766,-32.377796,-37.002374,1,6,2,NONE,,
AAA_BASE,base,1334,37.2886428372,127.1072851533,-32.371000,-37.199000,1,6,2,NONE,,
AAA_BASE,base,1335,37.2886409957,127.1072851533,-32.371000,-37.404000,1,6,2,NONE,,
AAA_BASE,base,1336,37.2886393338,127.1072849952,-32.385000,-37.589000,1,6,2,NONE,,
AAA_BASE,base,1337,37.2886375776,127.1072849160,-32.392016,-37.784500,1,6,2,NONE,,
AAA_BASE,base,1338,37.2886358318,127.1072848089,-32.401497,-37.978847,1,6,2,NONE,,
AAA_BASE,base,1339,37.2886340434,127.1072845146,-32.427568,-38.177934,1,6,2,NONE,,
AAA_BASE,base,1340,37.2886321698,127.1072840864,-32.465489,-38.386500,1,6,2,NONE,,
AAA_BASE,base,1341,37.2886306651,127.1072836629,-32.503000,-38.554000,1,6,2,NONE,,
AAA_BASE,base,1342,37.2886288326,127.1072833241,-32.533000,-38.758000,1,6,2,NONE,,
AAA_BASE,base,1343,37.2886272516,127.1072828822,-32.572142,-38.933989,1,6,2,NONE,,
AAA_BASE,base,1344,37.2886256761,127.1072822934,-32.624284,-39.109375,1,6,2,NONE,,
AAA_BASE,base,1345,37.2886242496,127.1072817582,-32.671686,-39.268170,1,6,2,NONE,,
AAA_BASE,base,1346,37.2886228318,127.1072811562,-32.725000,-39.426000,1,6,2,NONE,,
AAA_BASE,base,1347,37.2886211316,127.1072802964,-32.801150,-39.615269,1,6,2,NONE,,
AAA_BASE,base,1348,37.2886198590,127.1072796566,-32.857817,-39.756936,1,6,2,NONE,,
AAA_BASE,base,1349,37.2886188259,127.1072790920,-32.907817,-39.871936,1,6,2,NONE,,
AAA_BASE,base,1350,37.2886177929,127.1072785839,-32.952817,-39.986936,1,7,2,NONE,,
AAA_BASE,base,1351,37.2886162807,127.1072777559,-33.026150,-40.155269,1,7,2,NONE,,
AAA_BASE,base,1352,37.2886146937,127.1072769279,-33.099483,-40.331936,1,7,2,NONE,,
AAA_BASE,base,1353,37.2886134984,127.1072763236,-33.153000,-40.465000,1,7,2,NONE,,
AAA_BASE,base,1354,37.2886121485,127.1072756106,-33.216150,-40.615269,1,7,2,NONE,,
AAA_BASE,base,1355,37.2886104980,127.1072748219,-33.286000,-40.799000,1,7,2,NONE,,
AAA_BASE,base,1356,37.2886088361,127.1072738283,-33.374000,-40.984000,1,7,2,NONE,,
AAA_BASE,base,1357,37.2886071653,127.1072729927,-33.448000,-41.170000,1,7,2,NONE,,
AAA_BASE,base,1358,37.2886053327,127.1072721572,-33.522000,-41.374000,1,7,2,NONE,,
AAA_BASE,base,1359,37.2886035002,127.1072711636,-33.610000,-41.578000,1,7,2,NONE,,
AAA_BASE,base,1360,37.2886014969,127.1072701587,-33.699000,-41.801000,1,7,2,NONE,,
AAA_BASE,base,1361,37.2885995027,127.1072691538,-33.788000,-42.023000,1,7,2,NONE,,
AAA_BASE,base,1362,37.2885976701,127.1072679908,-33.891000,-42.227000,1,7,2,NONE,,
AAA_BASE,base,1363,37.2885957992,127.1072671046,-33.969483,-42.435269,1,7,2,NONE,,
AAA_BASE,base,1364,37.2885939277,127.1072661449,-34.054483,-42.643603,1,7,2,NONE,,
AAA_BASE,base,1365,37.2885920018,127.1072653261,-34.127000,-42.858000,1,7,2,NONE,,
AAA_BASE,base,1366,37.2885901692,127.1072644905,-34.201000,-43.062000,1,7,2,NONE,,
AAA_BASE,base,1367,37.2885881660,127.1072633275,-34.304000,-43.285000,1,7,2,NONE,,
AAA_BASE,base,1368,37.2885863335,127.1072623226,-34.393000,-43.489000,1,7,2,NONE,,
AAA_BASE,base,1369,37.2885843302,127.1072614871,-34.467000,-43.712000,1,7,2,NONE,,
AAA_BASE,base,1370,37.2885823360,127.1072608209,-34.526000,-43.934000,1,7,2,NONE,,
AAA_BASE,base,1371,37.2885801710,127.1072598273,-34.614000,-44.175000,1,7,2,NONE,,
AAA_BASE,base,1372,37.2885781678,127.1072589917,-34.688000,-44.398000,1,7,2,NONE,,
AAA_BASE,base,1373,37.2885760029,127.1072579868,-34.777000,-44.639000,1,7,2,NONE,,
AAA_BASE,base,1374,37.2885741703,127.1072571626,-34.850000,-44.843000,1,7,2,NONE,,
AAA_BASE,base,1375,37.2885721671,127.1072563270,-34.924000,-45.066000,1,7,2,NONE,,
AAA_BASE,base,1376,37.2885701639,127.1072556609,-34.983000,-45.289000,1,7,2,NONE,,
AAA_BASE,base,1377,37.2885681696,127.1072546559,-35.072000,-45.511000,1,7,2,NONE,,
AAA_BASE,base,1378,37.2885661664,127.1072534930,-35.175000,-45.734000,1,7,2,NONE,,
AAA_BASE,base,1379,37.2885643338,127.1072524880,-35.264000,-45.938000,1,7,2,NONE,,
AAA_BASE,base,1380,37.2885623306,127.1072514944,-35.352000,-46.161000,1,7,2,NONE,,
AAA_BASE,base,1381,37.2885603363,127.1072508282,-35.411000,-46.383000,1,7,2,NONE,,
AAA_BASE,base,1382,37.2885585038,127.1072499927,-35.485000,-46.587000,1,7,2,NONE,,
AAA_BASE,base,1383,37.2885565005,127.1072488297,-35.588000,-46.810000,1,7,2,NONE,,
AAA_BASE,base,1384,37.2885546680,127.1072476554,-35.692000,-47.014000,1,7,2,NONE,,
AAA_BASE,base,1385,37.2885528354,127.1072466618,-35.780000,-47.218000,1,7,2,NONE,,
AAA_BASE,base,1386,37.2885508322,127.1072456569,-35.869000,-47.441000,1,7,2,NONE,,
AAA_BASE,base,1387,37.2885488924,127.1072448234,-35.942817,-47.656936,1,7,2,NONE,,
AAA_BASE,base,1388,37.2885471671,127.1072439971,-36.016000,-47.849000,1,7,2,NONE,,
AAA_BASE,base,1389,37.2885453345,127.1072428228,-36.120000,-48.053000,1,7,2,NONE,,
AAA_BASE,base,1390,37.2885435020,127.1072416598,-36.223000,-48.257000,1,7,2,NONE,,
AAA_BASE,base,1391,37.2885416694,127.1072406549,-36.312000,-48.461000,1,7,2,NONE,,
AAA_BASE,base,1392,37.2885398369,127.1072396613,-36.400000,-48.665000,1,7,2,NONE,,
AAA_BASE,base,1393,37.2885380043,127.1072388258,-36.474000,-48.869000,1,7,2,NONE,,
AAA_BASE,base,1394,37.2885361628,127.1072378209,-36.563000,-49.074000,1,7,2,NONE,,
AAA_BASE,base,1395,37.2885343302,127.1072368272,-36.651000,-49.278000,1,7,2,NONE,,
AAA_BASE,base,1396,37.2885324977,127.1072356530,-36.755000,-49.482000,1,7,2,NONE,,
AAA_BASE,base,1397,37.2885308358,127.1072348287,-36.828000,-49.667000,1,7,2,NONE,,
AAA_BASE,base,1398,37.2885291649,127.1072341625,-36.887000,-49.853000,1,7,2,NONE,,
AAA_BASE,base,1399,37.2885273324,127.1072333270,-36.961000,-50.057000,1,7,2,NONE,,
AAA_BASE,base,1400,37.2885258322,127.1072324915,-37.035000,-50.224000,1,7,2,NONE,,
AAA_BASE,base,1401,37.2885241703,127.1072314865,-37.124000,-50.409000,1,7,2,NONE,,
AAA_BASE,base,1402,37.2885224995,127.1072304929,-37.212000,-50.595000,1,7,2,NONE,,
AAA_BASE,base,1403,37.2885208376,127.1072296574,-37.286000,-50.780000,1,7,2,NONE,,
AAA_BASE,base,1404,37.2885189960,127.1072286638,-37.374000,-50.985000,1,7,2,NONE,,
AAA_BASE,base,1405,37.2885172396,127.1072278651,-37.444732,-51.180526,1,7,2,NONE,,
AAA_BASE,base,1406,37.2885155016,127.1072269927,-37.522000,-51.374000,1,7,2,NONE,,
AAA_BASE,base,1407,37.2885136691,127.1072258297,-37.625000,-51.578000,1,7,2,NONE,,
AAA_BASE,base,1408,37.2885119982,127.1072248248,-37.714000,-51.764000,1,7,2,NONE,,
AAA_BASE,base,1409,37.2885101656,127.1072238199,-37.803000,-51.968000,1,7,2,NONE,,
AAA_BASE,base,1410,37.2885083331,127.1072229956,-37.876000,-52.172000,1,7,2,NONE,,
AAA_BASE,base,1411,37.2885065005,127.1072223294,-37.935000,-52.376000,1,7,2,NONE,,
AAA_BASE,base,1412,37.2885048297,127.1072214939,-38.009000,-52.562000,1,7,2,NONE,,
AAA_BASE,base,1413,37.2885028354,127.1072203196,-38.113000,-52.784000,1,7,2,NONE,,
AAA_BASE,base,1414,37.2885011646,127.1072194954,-38.186000,-52.970000,1,7,2,NONE,,
AAA_BASE,base,1415,37.2884993320,127.1072186598,-38.260000,-53.174000,1,7,2,NONE,,
AAA_BASE,base,1416,37.2884973378,127.1072179936,-38.319000,-53.396000,1,7,2,NONE,,
AAA_BASE,base,1417,37.2884954962,127.1072173275,-38.378000,-53.601000,1,7,2,NONE,,
AAA_BASE,base,1418,37.2884938344,127.1072164919,-38.452000,-53.786000,1,7,2,NONE,,
AAA_BASE,base,1419,37.2884920018,127.1072154870,-38.541000,-53.990000,1,7,2,NONE,,
AAA_BASE,base,1420,37.2884903309,127.1072146628,-38.614000,-54.176000,1,7,2,NONE,,
AAA_BASE,base,1421,37.2884886896,127.1072139570,-38.676508,-54.358719,1,7,2,NONE,,
AAA_BASE,base,1422,37.2884867133,127.1072131854,-38.744841,-54.578719,1,7,2,NONE,,
AAA_BASE,base,1423,37.2884850040,127.1072124949,-38.806000,-54.769000,1,7,2,NONE,,
AAA_BASE,base,1424,37.2884833331,127.1072116593,-38.880000,-54.955000,1,7,2,NONE,,
AAA_BASE,base,1425,37.2884815005,127.1072104963,-38.983000,-55.159000,1,7,2,NONE,,
AAA_BASE,base,1426,37.2884799460,127.1072097228,-39.051508,-55.332052,1,7,2,NONE,,
AAA_BASE,base,1427,37.2884783295,127.1072089946,-39.116000,-55.512000,1,7,2,NONE,,
AAA_BASE,base,1428,37.2884767869,127.1072083679,-39.171508,-55.683719,1,7,2,NONE,,
AAA_BASE,base,1429,37.2884752299,127.1072076528,-39.234841,-55.857052,1,7,2,NONE,,
AAA_BASE,base,1430,37.2884736673,127.1072068267,-39.308000,-56.031000,1,7,2,NONE,,
AAA_BASE,base,1431,37.2884726547,127.1072063166,-39.353174,-56.143719,1,7,2,NONE,,
AAA_BASE,base,1432,37.2884720109,127.1072059967,-39.381508,-56.215385,1,7,2,NONE,,
AAA_BASE,base,1433,37.2884712623,127.1072056204,-39.414841,-56.298719,-1,7,2,NONE,,
AAA_BASE,base,1434,37.2884730140,127.1072065425,-39.333174,-56.103719,-1,7,2,NONE,,
AAA_BASE,base,1435,37.2884744214,127.1072074081,-39.256508,-55.947052,-1,7,2,NONE,,
AAA_BASE,base,1436,37.2884758587,127.1072081609,-39.189841,-55.787052,-1,7,2,NONE,,
AAA_BASE,base,1437,37.2884771762,127.1072088760,-39.126508,-55.640385,-1,7,2,NONE,,
AAA_BASE,base,1438,37.2884788530,127.1072097981,-39.044841,-55.453719,-1,7,2,NONE,,
AAA_BASE,base,1439,37.2884803053,127.1072106449,-38.969841,-55.292052,-1,7,2,NONE,,
AAA_BASE,base,1440,37.2884820036,127.1072114899,-38.895000,-55.103000,-1,7,2,NONE,,
AAA_BASE,base,1441,37.2884836890,127.1072123198,-38.821508,-54.915385,-1,7,2,NONE,,
AAA_BASE,base,1442,37.2884852011,127.1072131666,-38.746508,-54.747052,-1,7,2,NONE,,
AAA_BASE,base,1443,37.2884863335,127.1072138272,-38.688000,-54.621000,-1,7,2,NONE,,
AAA_BASE,base,1444,37.2884876630,127.1072144934,-38.629000,-54.473000,-1,7,2,NONE,,
AAA_BASE,base,1445,37.2884893333,127.1072152931,-38.558174,-54.287052,-1,7,2,NONE,,
AAA_BASE,base,1446,37.2884910102,127.1072162340,-38.474841,-54.100385,-1,7,2,NONE,,
AAA_BASE,base,1447,37.2884931209,127.1072174427,-38.367797,-53.865419,-1,7,2,NONE,,
AAA_BASE,base,1448,37.2884945582,127.1072181954,-38.301130,-53.705419,-1,7,2,NONE,,
AAA_BASE,base,1449,37.2884957560,127.1072188917,-38.239464,-53.572086,-1,7,2,NONE,,
AAA_BASE,base,1450,37.2884973430,127.1072196256,-38.174464,-53.395419,-1,7,2,NONE,,
AAA_BASE,base,1451,37.2884989450,127.1072203219,-38.112797,-53.217086,-1,7,2,NONE,,
AAA_BASE,base,1452,37.2885004122,127.1072210935,-38.044464,-53.053752,-1,7,2,NONE,,
AAA_BASE,base,1453,37.2885016848,127.1072216580,-37.994464,-52.912086,-1,7,2,NONE,,
AAA_BASE,base,1454,37.2885032119,127.1072224484,-37.924464,-52.742086,-1,7,2,NONE,,
AAA_BASE,base,1455,37.2885045444,127.1072231823,-37.859464,-52.593752,-1,7,2,NONE,,
AAA_BASE,base,1456,37.2885064608,127.1072243491,-37.756130,-52.380419,-1,7,2,NONE,,
AAA_BASE,base,1457,37.2885076286,127.1072249889,-37.699464,-52.250419,-1,7,2,NONE,,
AAA_BASE,base,1458,37.2885092456,127.1072259298,-37.616130,-52.070419,-1,7,2,NONE,,
AAA_BASE,base,1459,37.2885108177,127.1072269460,-37.526130,-51.895419,-1,7,2,NONE,,
AAA_BASE,base,1460,37.2885125564,127.1072280461,-37.428706,-51.701867,-1,7,2,NONE,,
AAA_BASE,base,1461,37.2885144578,127.1072292693,-37.320373,-51.490200,-1,7,2,NONE,,
AAA_BASE,base,1462,37.2885161197,127.1072302666,-37.232040,-51.305200,-1,7,2,NONE,,
AAA_BASE,base,1463,37.2885177516,127.1072313958,-37.132040,-51.123533,-1,7,2,NONE,,
AAA_BASE,base,1464,37.2885195332,127.1072327131,-37.015373,-50.925200,-1,7,2,NONE,,
AAA_BASE,base,1465,37.2885214197,127.1072340680,-36.895373,-50.715200,-1,7,2,NONE,,
AAA_BASE,base,1466,37.2885229468,127.1072352724,-36.788706,-50.545200,-1,7,2,NONE,,
AAA_BASE,base,1467,37.2885243093,127.1072364580,-36.683706,-50.393533,-1,7,2,NONE,,
AAA_BASE,base,1468,37.2885255519,127.1072377376,-36.570373,-50.255200,-1,7,2,NONE,,
AAA_BASE,base,1469,37.2885266898,127.1072390361,-36.455373,-50.128533,-1,7,2,NONE,,
AAA_BASE,base,1470,37.2885277228,127.1072403534,-36.338706,-50.013533,-1,7,2,NONE,,
AAA_BASE,base,1471,37.2885292949,127.1072419906,-36.193706,-49.838533,-1,7,2,NONE,,
AAA_BASE,base,1472,37.2885306424,127.1072434208,-36.067040,-49.688533,-1,7,2,NONE,,
AAA_BASE,base,1473,37.2885320946,127.1072449263,-35.933706,-49.526867,-1,7,2,NONE,,
AAA_BASE,base,1474,37.2885335020,127.1072463377,-35.808706,-49.370200,-1,7,2,NONE,,
AAA_BASE,base,1475,37.2885347297,127.1072475797,-35.698706,-49.233533,-1,7,2,NONE,,
AAA_BASE,base,1476,37.2885360622,127.1072488594,-35.585373,-49.085200,-1,7,2,NONE,,
AAA_BASE,base,1477,37.2885373348,127.1072503084,-35.457040,-48.943533,-1,7,2,NONE,,
AAA_BASE,base,1478,37.2885384427,127.1072518139,-35.323706,-48.820200,-1,7,2,NONE,,
AAA_BASE,base,1479,37.2885395955,127.1072532629,-35.195373,-48.691867,-1,7,2,NONE,,
AAA_BASE,base,1480,37.2885408831,127.1072550695,-35.035373,-48.548533,-1,7,2,NONE,,
AAA_BASE,base,1481,37.2885420060,127.1072569702,-34.867040,-48.423533,-1,7,2,NONE,,
AAA_BASE,base,1482,37.2885429193,127.1072589273,-34.693706,-48.321867,-1,7,2,NONE,,
AAA_BASE,base,1483,37.2885436379,127.1072605833,-34.547040,-48.241867,-1,7,2,NONE,,
AAA_BASE,base,1484,37.2885443374,127.1072624920,-34.378000,-48.164000,-1,7,2,NONE,,
AAA_BASE,base,1485,37.2885448656,127.1072644035,-34.208706,-48.105200,-1,7,2,NONE,,
AAA_BASE,base,1486,37.2885453345,127.1072664890,-34.024000,-48.053000,-1,7,2,NONE,,
AAA_BASE,base,1487,37.2885457939,127.1072686000,-33.837040,-48.001867,-1,7,2,NONE,,
AAA_BASE,base,1488,37.2885461700,127.1072704974,-33.669000,-47.960000,-1,7,2,NONE,,
AAA_BASE,base,1489,37.2885464377,127.1072727966,-33.465373,-47.930200,-1,7,2,NONE,,
AAA_BASE,base,1490,37.2885465275,127.1072747913,-33.288706,-47.920200,-1,7,2,NONE,,
AAA_BASE,base,1491,37.2885464826,127.1072765791,-33.130373,-47.925200,-1,7,2,NONE,,
AAA_BASE,base,1492,37.2885463329,127.1072789126,-32.923706,-47.941867,-1,7,2,NONE,,
AAA_BASE,base,1493,37.2885461700,127.1072814950,-32.695000,-47.960000,-1,7,2,NONE,,
AAA_BASE,base,1494,37.2885457639,127.1072840689,-32.467040,-48.005200,-1,7,2,NONE,,
AAA_BASE,base,1495,37.2885451639,127.1072864969,-32.252000,-48.072000,-1,7,2,NONE,,
AAA_BASE,base,1496,37.2885446410,127.1072886418,-32.062040,-48.130200,-1,7,2,NONE,,
AAA_BASE,base,1497,37.2885440871,127.1072911635,-31.838706,-48.191867,-1,7,2,NONE,,
AAA_BASE,base,1498,37.2885434882,127.1072935911,-31.623706,-48.258533,-1,7,2,NONE,,
AAA_BASE,base,1499,37.2885428372,127.1072954960,-31.455000,-48.331000,-1,7,2,NONE,,
AAA_BASE,base,1500,37.2885421707,127.1072973172,-31.293706,-48.405200,-1,7,2,NONE,,
AAA_BASE,base,1501,37.2885414371,127.1072990296,-31.142040,-48.486867,-1,7,2,NONE,,
AAA_BASE,base,1502,37.2885407633,127.1073005728,-31.005373,-48.561867,-1,7,2,NONE,,
AAA_BASE,base,1503,37.2885399848,127.1073020782,-30.872040,-48.648533,-1,7,2,NONE,,
AAA_BASE,base,1504,37.2885391631,127.1073034901,-30.747000,-48.740000,-1,7,2,NONE,,
AAA_BASE,base,1505,37.2885403890,127.1073013631,-30.935373,-48.603533,-1,7,2,NONE,,
AAA_BASE,base,1506,37.2885411376,127.1072997259,-31.080373,-48.520200,1,7,2,NONE,,
AAA_BASE,base,1507,37.2885417365,127.1072981263,-31.222040,-48.453533,1,7,2,NONE,,
AAA_BASE,base,1508,37.2885424001,127.1072965371,-31.362790,-48.379662,1,7,2,NONE,,
AAA_BASE,base,1509,37.2885429819,127.1072947915,-31.517392,-48.314896,1,7,2,NONE,,
AAA_BASE,base,1510,37.2885433572,127.1072934469,-31.636478,-48.273112,1,7,2,NONE,,
AAA_BASE,base,1511,37.2885437514,127.1072917248,-31.788991,-48.229238,1,7,2,NONE,,
AAA_BASE,base,1512,37.2885440704,127.1072901915,-31.924790,-48.193721,1,7,2,NONE,,
AAA_BASE,base,1513,37.2885444957,127.1072885990,-32.065833,-48.146383,1,7,2,NONE,,
AAA_BASE,base,1514,37.2885451421,127.1072863469,-32.265292,-48.074426,1,7,2,NONE,,
AAA_BASE,base,1515,37.2885456176,127.1072849964,-32.384896,-48.021486,1,7,2,NONE,,
AAA_BASE,base,1516,37.2885459523,127.1072840666,-32.467246,-47.984233,1,7,2,NONE,,
AAA_BASE,base,1517,37.2885463248,127.1072831378,-32.549499,-47.942763,1,7,2,NONE,,
AAA_BASE,base,1518,37.2885468788,127.1072819334,-32.656166,-47.881097,1,7,2,NONE,,
AAA_BASE,base,1519,37.2885474177,127.1072808796,-32.749499,-47.821097,1,7,2,NONE,,
AAA_BASE,base,1520,37.2885478370,127.1072801080,-32.817832,-47.774430,1,7,2,NONE,,
AAA_BASE,base,1521,37.2885482262,127.1072794494,-32.876166,-47.731097,1,7,2,NONE,,
AAA_BASE,base,1522,37.2885486604,127.1072787719,-32.936166,-47.682763,1,7,2,NONE,,
AAA_BASE,base,1523,37.2885491844,127.1072779627,-33.007832,-47.624430,1,7,2,NONE,,
AAA_BASE,base,1524,37.2885496036,127.1072773229,-33.064499,-47.577763,1,7,2,NONE,,
AAA_BASE,base,1525,37.2885501426,127.1072765702,-33.131166,-47.517763,1,7,2,NONE,,
AAA_BASE,base,1526,37.2885512313,127.1072752142,-33.251259,-47.396572,1,7,2,NONE,,
AAA_BASE,base,1527,37.2885530185,127.1072733689,-33.414685,-47.197619,1,7,2,NONE,,
AAA_BASE,base,1528,37.2885542738,127.1072722457,-33.514161,-47.057878,1,7,2,NONE,,
AAA_BASE,base,1529,37.2885552100,127.1072714702,-33.582847,-46.953665,1,7,2,NONE,,
AAA_BASE,base,1530,37.2885562951,127.1072706679,-33.653902,-46.832872,1,7,2,NONE,,
AAA_BASE,base,1531,37.2885577419,127.1072697586,-33.734430,-46.671815,1,7,2,NONE,,
AAA_BASE,base,1532,37.2885591036,127.1072690900,-33.793643,-46.520232,1,7,2,NONE,,
AAA_BASE,base,1533,37.2885607206,127.1072684750,-33.848118,-46.340227,1,7,2,NONE,,
AAA_BASE,base,1534,37.2885622950,127.1072680471,-33.886014,-46.164959,1,7,2,NONE,,
AAA_BASE,base,1535,37.2885639546,127.1072678064,-33.907330,-45.980217,1,7,2,NONE,,
AAA_BASE,base,1536,37.2885661026,127.1072677597,-33.911466,-45.741100,1,7,2,NONE,,
AAA_BASE,base,1537,37.2885682325,127.1072680068,-33.889581,-45.504003,1,7,2,NONE,,
AAA_BASE,base,1538,37.2885697070,127.1072683363,-33.860399,-45.339860,1,7,2,NONE,,
AAA_BASE,base,1539,37.2885713453,127.1072688717,-33.812980,-45.157478,1,7,2,NONE,,
AAA_BASE,base,1540,37.2885730820,127.1072696542,-33.743675,-44.964153,1,7,2,NONE,,
AAA_BASE,base,1541,37.2885745565,127.1072705191,-33.667075,-44.800009,1,7,2,NONE,,
AAA_BASE,base,1542,37.2885764242,127.1072718371,-33.550350,-44.592094,1,7,2,NONE,,
AAA_BASE,base,1543,37.2885780626,127.1072733610,-33.415388,-44.409712,1,7,2,NONE,,
AAA_BASE,base,1544,37.2885804218,127.1072751731,-33.254892,-44.147082,1,7,2,NONE,,
AAA_BASE,base,1545,37.2885817981,127.1072762028,-33.163701,-43.993881,1,7,2,NONE,,
AAA_BASE,base,1546,37.2885839934,127.1072775619,-33.043329,-43.749490,1,7,2,NONE,,
AAA_BASE,base,1547,37.2885854680,127.1072783033,-32.977671,-43.585346,1,7,2,NONE,,
AAA_BASE,base,1548,37.2885872046,127.1072790446,-32.912014,-43.392021,1,7,2,NONE,,
AAA_BASE,base,1549,37.2885890068,127.1072798683,-32.839061,-43.191401,1,7,2,NONE,,
AAA_BASE,base,1550,37.2885906779,127.1072807333,-32.762460,-43.005371,1,7,2,NONE,,
AAA_BASE,base,1551,37.2885921197,127.1072814334,-32.700451,-42.844875,1,7,2,NONE,,
AAA_BASE,base,1552,37.2885938236,127.1072822160,-32.631145,-42.655198,1,7,2,NONE,,
AAA_BASE,base,1553,37.2885955930,127.1072830397,-32.558193,-42.458226,1,7,2,NONE,,
AAA_BASE,base,1554,37.2885973624,127.1072839046,-32.481592,-42.261253,1,7,2,NONE,,
AAA_BASE,base,1555,37.2885991974,127.1072847695,-32.404992,-42.056986,1,7,2,NONE,,
AAA_BASE,base,1556,37.2886006064,127.1072855108,-32.339334,-41.900137,1,7,2,NONE,,
AAA_BASE,base,1557,37.2886021137,127.1072862110,-32.277325,-41.732346,1,7,2,NONE,,
AAA_BASE,base,1558,37.2886039159,127.1072870759,-32.200724,-41.531726,1,7,2,NONE,,
AAA_BASE,base,1559,37.2886054887,127.1072877761,-32.138714,-41.356639,1,7,2,NONE,,
AAA_BASE,base,1560,37.2886072909,127.1072885174,-32.073057,-41.156019,1,7,2,NONE,,
AAA_BASE,base,1561,37.2886092812,127.1072893436,-31.999883,-40.934454,1,7,2,NONE,,
AAA_BASE,base,1562,37.2886107680,127.1072899324,-31.947738,-40.768949,1,7,2,NONE,,
AAA_BASE,base,1563,37.2886124176,127.1072904700,-31.900127,-40.585308,1,7,2,NONE,,
AAA_BASE,base,1564,37.2886143338,127.1072913295,-31.824000,-40.372000,1,7,2,NONE,,
AAA_BASE,base,1565,37.2886158392,127.1072919291,-31.770898,-40.204422,1,7,2,NONE,,
AAA_BASE,base,1566,37.2886171426,127.1072923387,-31.734623,-40.059322,1,7,2,NONE,,
AAA_BASE,base,1567,37.2886185886,127.1072928507,-31.689279,-39.898352,1,7,2,NONE,,
AAA_BASE,base,1568,37.2886204012,127.1072933371,-31.646203,-39.696573,1,7,2,NONE,,
AAA_BASE,base,1569,37.2886222953,127.1072937722,-31.607661,-39.485725,1,7,2,NONE,,
AAA_BASE,base,1570,37.2886238228,127.1072941562,-31.573653,-39.315687,1,7,2,NONE,,
AAA_BASE,base,1571,37.2886252484,127.1072946170,-31.532844,-39.156984,1,7,2,NONE,,
AAA_BASE,base,1572,37.2886268293,127.1072951572,-31.485000,-38.981000,1,7,2,NONE,,
AAA_BASE,base,1573,37.2886268293,127.1072951572,-31.485000,-38.981000,1,8,2,NONE,,
AAA_BASE,base,1574,37.2886282219,127.1072957178,-31.435355,-38.825976,1,8,2,NONE,,
AAA_BASE,base,1575,37.2886298297,127.1072964896,-31.367000,-38.647000,1,8,2,NONE,,
AAA_BASE,base,1576,37.2886311547,127.1072973049,-31.294790,-38.499502,1,8,2,NONE,,
AAA_BASE,base,1577,37.2886329265,127.1072982777,-31.208637,-38.302257,1,8,2,NONE,,
AAA_BASE,base,1578,37.2886343318,127.1072991992,-31.127019,-38.145822,1,8,2,NONE,,
AAA_BASE,base,1579,37.2886361628,127.1073003286,-31.027000,-37.942000,1,8,2,NONE,,
AAA_BASE,base,1580,37.2886376630,127.1073014916,-30.924000,-37.775000,1,8,2,NONE,,
AAA_BASE,base,1581,37.2886390364,127.1073027063,-30.816415,-37.622103,1,8,2,NONE,,
AAA_BASE,base,1582,37.2886408340,127.1073041563,-30.688000,-37.422000,1,8,2,NONE,,
AAA_BASE,base,1583,37.2886424959,127.1073051612,-30.599000,-37.237000,1,8,2,NONE,,
AAA_BASE,base,1584,37.2886442910,127.1073063414,-30.494475,-37.037171,1,8,2,NONE,,
AAA_BASE,base,1585,37.2886459203,127.1073076725,-30.376582,-36.855796,1,8,2,NONE,,
AAA_BASE,base,1586,37.2886473378,127.1073089889,-30.260000,-36.698000,1,8,2,NONE,,
AAA_BASE,base,1587,37.2886488290,127.1073106600,-30.112000,-36.532000,1,8,2,NONE,,
AAA_BASE,base,1588,37.2886501674,127.1073123197,-29.965000,-36.383000,1,8,2,NONE,,
AAA_BASE,base,1589,37.2886516676,127.1073138215,-29.832000,-36.216000,1,8,2,NONE,,
AAA_BASE,base,1590,37.2886531707,127.1073156850,-29.666954,-36.048680,1,8,2,NONE,,
AAA_BASE,base,1591,37.2886542908,127.1073174258,-29.512786,-35.923985,1,8,2,NONE,,
AAA_BASE,base,1592,37.2886555034,127.1073194896,-29.330000,-35.789000,1,8,2,NONE,,
AAA_BASE,base,1593,37.2886565005,127.1073216575,-29.138000,-35.678000,1,8,2,NONE,,
AAA_BASE,base,1594,37.2886574069,127.1073234159,-28.982266,-35.577106,1,8,2,NONE,,
AAA_BASE,base,1595,37.2886583641,127.1073256942,-28.780487,-35.470549,1,8,2,NONE,,
AAA_BASE,base,1596,37.2886590158,127.1073276654,-28.605914,-35.397999,1,8,2,NONE,,
AAA_BASE,base,1597,37.2886595250,127.1073298413,-28.413204,-35.341320,1,8,2,NONE,,
AAA_BASE,base,1598,37.2886598712,127.1073319660,-28.225028,-35.302777,1,8,2,NONE,,
AAA_BASE,base,1599,37.2886601656,127.1073343262,-28.016000,-35.270000,1,8,2,NONE,,
AAA_BASE,base,1600,37.2886604980,127.1073364941,-27.824000,-35.233000,1,8,2,NONE,,
AAA_BASE,base,1601,37.2886606687,127.1073389894,-27.603000,-35.214000,1,8,2,NONE,,
AAA_BASE,base,1602,37.2886606687,127.1073409879,-27.426000,-35.214000,1,8,2,NONE,,
AAA_BASE,base,1603,37.2886604980,127.1073433252,-27.219000,-35.233000,1,8,2,NONE,,
AAA_BASE,base,1604,37.2886601656,127.1073454931,-27.027000,-35.270000,1,8,2,NONE,,
AAA_BASE,base,1605,37.2886598333,127.1073476610,-26.835000,-35.307000,1,8,2,NONE,,
AAA_BASE,base,1606,37.2886596626,127.1073496595,-26.658000,-35.326000,1,8,2,NONE,,
AAA_BASE,base,1607,37.2886593824,127.1073519588,-26.454360,-35.357190,1,8,2,NONE,,
AAA_BASE,base,1608,37.2886590565,127.1073542628,-26.250313,-35.393465,1,8,2,NONE,,
AAA_BASE,base,1609,37.2886586655,127.1073561632,-26.082000,-35.437000,1,8,2,NONE,,
AAA_BASE,base,1610,37.2886580007,127.1073584892,-25.876000,-35.511000,1,8,2,NONE,,
AAA_BASE,base,1611,37.2886573360,127.1073608264,-25.669000,-35.585000,1,8,2,NONE,,
AAA_BASE,base,1612,37.2886566622,127.1073629943,-25.477000,-35.660000,1,8,2,NONE,,
AAA_BASE,base,1613,37.2886559812,127.1073654239,-25.261823,-35.735809,1,8,2,NONE,,
AAA_BASE,base,1614,37.2886555034,127.1073678270,-25.049000,-35.789000,1,8,2,NONE,,
AAA_BASE,base,1615,37.2886548297,127.1073701529,-24.843000,-35.864000,1,8,2,NONE,,
AAA_BASE,base,1616,37.2886538326,127.1073726596,-24.621000,-35.975000,1,8,2,NONE,,
AAA_BASE,base,1617,37.2886529971,127.1073751549,-24.400000,-36.068000,1,8,2,NONE,,
AAA_BASE,base,1618,37.2886521707,127.1073776615,-24.178000,-36.160000,1,8,2,NONE,,
AAA_BASE,base,1619,37.2886512766,127.1073801690,-23.955927,-36.259528,1,8,2,NONE,,
AAA_BASE,base,1620,37.2886503291,127.1073824941,-23.750000,-36.365000,1,8,2,NONE,,
AAA_BASE,base,1621,37.2886491703,127.1073848201,-23.544000,-36.494000,1,8,2,NONE,,
AAA_BASE,base,1622,37.2886478318,127.1073871574,-23.337000,-36.643000,1,8,2,NONE,,
AAA_BASE,base,1623,37.2886468347,127.1073893253,-23.145000,-36.754000,1,8,2,NONE,,
AAA_BASE,base,1624,37.2886456669,127.1073918206,-22.924000,-36.884000,1,8,2,NONE,,
AAA_BASE,base,1625,37.2886444991,127.1073941579,-22.717000,-37.014000,1,8,2,NONE,,
AAA_BASE,base,1626,37.2886433313,127.1073963258,-22.525000,-37.144000,1,8,2,NONE,,
AAA_BASE,base,1627,37.2886421635,127.1073984937,-22.333000,-37.274000,1,8,2,NONE,,
AAA_BASE,base,1628,37.2886411664,127.1074008196,-22.127000,-37.385000,1,8,2,NONE,,
AAA_BASE,base,1629,37.2886403309,127.1074029875,-21.935000,-37.478000,1,8,2,NONE,,
AAA_BASE,base,1630,37.2886393338,127.1074056635,-21.698000,-37.589000,1,8,2,NONE,,
AAA_BASE,base,1631,37.2886383367,127.1074076621,-21.521000,-37.700000,1,8,2,NONE,,
AAA_BASE,base,1632,37.2886369982,127.1074098300,-21.329000,-37.849000,1,8,2,NONE,,
AAA_BASE,base,1633,37.2886356964,127.1074120398,-21.133287,-37.993921,1,8,2,NONE,,
AAA_BASE,base,1634,37.2886346626,127.1074141545,-20.946000,-38.109000,1,8,2,NONE,,
AAA_BASE,base,1635,37.2886335038,127.1074164917,-20.739000,-38.238000,1,8,2,NONE,,
AAA_BASE,base,1636,37.2886322748,127.1074184651,-20.564225,-38.374807,1,8,2,NONE,,
AAA_BASE,base,1637,37.2886309975,127.1074204888,-20.385000,-38.517000,1,8,2,NONE,,
AAA_BASE,base,1638,37.2886294973,127.1074223292,-20.222000,-38.684000,1,8,2,NONE,,
AAA_BASE,base,1639,37.2886279971,127.1074241584,-20.060000,-38.851000,1,8,2,NONE,,
AAA_BASE,base,1640,37.2886264969,127.1074259876,-19.898000,-39.018000,1,8,2,NONE,,
AAA_BASE,base,1641,37.2886250244,127.1074278088,-19.736704,-39.181923,1,8,2,NONE,,
AAA_BASE,base,1642,37.2886233349,127.1074296572,-19.573000,-39.370000,1,8,2,NONE,,
AAA_BASE,base,1643,37.2886216640,127.1074311589,-19.440000,-39.556000,1,8,2,NONE,,
AAA_BASE,base,1644,37.2886196698,127.1074324913,-19.322000,-39.778000,1,8,2,NONE,,
AAA_BASE,base,1645,37.2886178372,127.1074339930,-19.189000,-39.982000,1,8,2,NONE,,
AAA_BASE,base,1646,37.2886161664,127.1074351560,-19.086000,-40.168000,1,8,2,NONE,,
AAA_BASE,base,1647,37.2886143338,127.1074366577,-18.953000,-40.372000,1,8,2,NONE,,
AAA_BASE,base,1648,37.2886126630,127.1074378207,-18.850000,-40.558000,1,8,2,NONE,,
AAA_BASE,base,1649,37.2886106687,127.1074388256,-18.761000,-40.780000,1,8,2,NONE,,
AAA_BASE,base,1650,37.2886088361,127.1074396611,-18.687000,-40.984000,1,8,2,NONE,,
AAA_BASE,base,1651,37.2886068329,127.1074406547,-18.599000,-41.207000,1,8,2,NONE,,
AAA_BASE,base,1652,37.2886048297,127.1074416597,-18.510000,-41.430000,1,8,2,NONE,,
AAA_BASE,base,1653,37.2886030491,127.1074423746,-18.446679,-41.628211,1,8,2,NONE,,
AAA_BASE,base,1654,37.2886010029,127.1074429920,-18.392000,-41.856000,1,8,2,NONE,,
AAA_BASE,base,1655,37.2885989996,127.1074433307,-18.362000,-42.079000,1,8,2,NONE,,
AAA_BASE,base,1656,37.2885968347,127.1074436582,-18.333000,-42.320000,1,8,2,NONE,,
AAA_BASE,base,1657,37.2885946698,127.1074439969,-18.303000,-42.561000,1,8,2,NONE,,
AAA_BASE,base,1658,37.2885926665,127.1074443244,-18.274000,-42.784000,1,8,2,NONE,,
AAA_BASE,base,1659,37.2885905016,127.1074444937,-18.259000,-43.025000,1,8,2,NONE,,
AAA_BASE,base,1660,37.2885883367,127.1074444937,-18.259000,-43.266000,1,8,2,NONE,,
AAA_BASE,base,1661,37.2885860011,127.1074441550,-18.289000,-43.526000,1,8,2,NONE,,
AAA_BASE,base,1662,37.2885839978,127.1074439969,-18.303000,-43.749000,1,8,2,NONE,,
AAA_BASE,base,1663,37.2885816622,127.1074438276,-18.318000,-44.009000,1,8,2,NONE,,
AAA_BASE,base,1664,37.2885794973,127.1074436582,-18.333000,-44.250000,1,8,2,NONE,,
AAA_BASE,base,1665,37.2885773324,127.1074431614,-18.377000,-44.491000,1,8,2,NONE,,
AAA_BASE,base,1666,37.2885751674,127.1074424952,-18.436000,-44.732000,1,8,2,NONE,,
AAA_BASE,base,1667,37.2885728318,127.1074418290,-18.495000,-44.992000,1,8,2,NONE,,
AAA_BASE,base,1668,37.2885708376,127.1074411628,-18.554000,-45.214000,1,8,2,NONE,,
AAA_BASE,base,1669,37.2885685282,127.1074404547,-18.616717,-45.471082,1,8,2,NONE,,
AAA_BASE,base,1670,37.2885664987,127.1074398305,-18.672000,-45.697000,1,8,2,NONE,,
AAA_BASE,base,1671,37.2885643338,127.1074388256,-18.761000,-45.938000,1,8,2,NONE,,
AAA_BASE,base,1672,37.2885621689,127.1074378207,-18.850000,-46.179000,1,8,2,NONE,,
AAA_BASE,base,1673,37.2885601656,127.1074369964,-18.923000,-46.402000,1,8,2,NONE,,
AAA_BASE,base,1674,37.2885578300,127.1074363302,-18.982000,-46.662000,1,8,2,NONE,,
AAA_BASE,base,1675,37.2885558358,127.1074354947,-19.056000,-46.884000,1,8,2,NONE,,
AAA_BASE,base,1676,37.2885538326,127.1074344898,-19.145000,-47.107000,1,8,2,NONE,,
AAA_BASE,base,1677,37.2885514969,127.1074333268,-19.248000,-47.367000,1,8,2,NONE,,
AAA_BASE,base,1678,37.2885493320,127.1074324913,-19.322000,-47.608000,1,8,2,NONE,,
AAA_BASE,base,1679,37.2885473378,127.1074314863,-19.411000,-47.830000,1,8,2,NONE,,
AAA_BASE,base,1680,37.2885450022,127.1074306621,-19.484000,-48.090000,1,8,2,NONE,,
AAA_BASE,base,1681,37.2885428372,127.1074296572,-19.573000,-48.331000,1,8,2,NONE,,
AAA_BASE,base,1682,37.2885406633,127.1074286636,-19.661000,-48.573000,1,8,2,NONE,,
AAA_BASE,base,1683,37.2885384984,127.1074274893,-19.765000,-48.814000,1,8,2,NONE,,
AAA_BASE,base,1684,37.2885364308,127.1074266824,-19.836460,-49.044158,1,8,2,NONE,,
AAA_BASE,base,1685,37.2885343302,127.1074258295,-19.912000,-49.278000,1,8,2,NONE,,
AAA_BASE,base,1686,37.2885322965,127.1074250697,-19.979293,-49.504395,1,8,2,NONE,,
AAA_BASE,base,1687,37.2885300004,127.1074239890,-20.075000,-49.760000,1,8,2,NONE,,
AAA_BASE,base,1688,37.2885276648,127.1074226567,-20.193000,-50.020000,1,8,2,NONE,,
AAA_BASE,base,1689,37.2885254998,127.1074214937,-20.296000,-50.261000,1,8,2,NONE,,
AAA_BASE,base,1690,37.2885233349,127.1074204888,-20.385000,-50.502000,1,8,2,NONE,,
AAA_BASE,base,1691,37.2885211700,127.1074194952,-20.473000,-50.743000,1,8,2,NONE,,
AAA_BASE,base,1692,37.2885191667,127.1074184903,-20.562000,-50.966000,1,8,2,NONE,,
AAA_BASE,base,1693,37.2885170018,127.1074173273,-20.665000,-51.207000,1,8,2,NONE,,
AAA_BASE,base,1694,37.2885149986,127.1074161530,-20.769000,-51.430000,1,8,2,NONE,,
AAA_BASE,base,1695,37.2885128245,127.1074150490,-20.866776,-51.672015,1,8,2,NONE,,
AAA_BASE,base,1696,37.2885111249,127.1074141870,-20.943122,-51.861220,1,8,2,NONE,,
AAA_BASE,base,1697,37.2885089978,127.1074133302,-21.019000,-52.098000,1,8,2,NONE,,
AAA_BASE,base,1698,37.2885070036,127.1074121559,-21.123000,-52.320000,1,8,2,NONE,,
AAA_BASE,base,1699,37.2885050004,127.1074109929,-21.226000,-52.543000,1,8,2,NONE,,
AAA_BASE,base,1700,37.2885029971,127.1074098300,-21.329000,-52.766000,1,8,2,NONE,,
AAA_BASE,base,1701,37.2885008322,127.1074084863,-21.448000,-53.007000,1,8,2,NONE,,
AAA_BASE,base,1702,37.2884986673,127.1074074927,-21.536000,-53.248000,1,8,2,NONE,,
AAA_BASE,base,1703,37.2884966640,127.1074063297,-21.639000,-53.471000,1,8,2,NONE,,
AAA_BASE,base,1704,37.2884946698,127.1074051554,-21.743000,-53.693000,1,8,2,NONE,,
AAA_BASE,base,1705,37.2884924586,127.1074040300,-21.842674,-53.939151,1,8,2,NONE,,
AAA_BASE,base,1706,37.2884902818,127.1074029431,-21.938936,-54.181466,1,8,2,NONE,,
AAA_BASE,base,1707,37.2884881660,127.1074019939,-22.023000,-54.417000,1,8,2,NONE,,
AAA_BASE,base,1708,37.2884860011,127.1074011584,-22.097000,-54.658000,1,8,2,NONE,,
AAA_BASE,base,1709,37.2884828300,127.1073996567,-22.230000,-55.011000,1,8,2,NONE,,
AAA_BASE,base,1710,37.2884806651,127.1073988211,-22.304000,-55.252000,1,8,2,NONE,,
AAA_BASE,base,1711,37.2884784440,127.1073979583,-22.380413,-55.499259,1,8,2,NONE,,
AAA_BASE,base,1712,37.2884763352,127.1073969919,-22.466000,-55.734000,1,8,2,NONE,,
AAA_BASE,base,1713,37.2884742694,127.1073959719,-22.556340,-55.963972,1,8,2,NONE,,
AAA_BASE,base,1714,37.2884721671,127.1073951628,-22.628000,-56.198000,1,8,2,NONE,,
AAA_BASE,base,1715,37.2884700022,127.1073939885,-22.732000,-56.439000,1,8,2,NONE,,
AAA_BASE,base,1716,37.2884678372,127.1073928255,-22.835000,-56.680000,1,8,2,NONE,,
AAA_BASE,base,1717,37.2884658340,127.1073918206,-22.924000,-56.903000,1,8,2,NONE,,
AAA_BASE,base,1718,37.2884634984,127.1073908270,-23.012000,-57.163000,1,8,2,NONE,,
AAA_BASE,base,1719,37.2884615041,127.1073898221,-23.101000,-57.385000,1,8,2,NONE,,
AAA_BASE,base,1720,37.2884593302,127.1073883204,-23.234000,-57.627000,1,8,2,NONE,,
AAA_BASE,base,1721,37.2884571653,127.1073868299,-23.366000,-57.868000,1,8,2,NONE,,
AAA_BASE,base,1722,37.2884551710,127.1073856556,-23.470000,-58.090000,1,8,2,NONE,,
AAA_BASE,base,1723,37.2884528354,127.1073844927,-23.573000,-58.350000,1,8,2,NONE,,
AAA_BASE,base,1724,37.2884508322,127.1073831603,-23.691000,-58.573000,1,8,2,NONE,,
AAA_BASE,base,1725,37.2884488290,127.1073818280,-23.809000,-58.796000,1,8,2,NONE,,
AAA_BASE,base,1726,37.2884465023,127.1073803262,-23.942000,-59.055000,1,8,2,NONE,,
AAA_BASE,base,1727,37.2884443374,127.1073789939,-24.060000,-59.296000,1,8,2,NONE,,
AAA_BASE,base,1728,37.2884421635,127.1073778196,-24.164000,-59.538000,1,8,2,NONE,,
AAA_BASE,base,1729,37.2884399986,127.1073768260,-24.252000,-59.779000,1,8,2,NONE,,
AAA_BASE,base,1730,37.2884380043,127.1073756630,-24.355000,-60.001000,1,8,2,NONE,,
AAA_BASE,base,1731,37.2884360011,127.1073743306,-24.473000,-60.224000,1,8,2,NONE,,
AAA_BASE,base,1732,37.2884338361,127.1073729870,-24.592000,-60.465000,1,8,2,NONE,,
AAA_BASE,base,1733,37.2884316622,127.1073716546,-24.710000,-60.707000,1,8,2,NONE,,
AAA_BASE,base,1734,37.2884296680,127.1073704917,-24.813000,-60.929000,1,8,2,NONE,,
AAA_BASE,base,1735,37.2884276648,127.1073691593,-24.931000,-61.152000,1,8,2,NONE,,
AAA_BASE,base,1736,37.2884254998,127.1073676576,-25.064000,-61.393000,1,8,2,NONE,,
AAA_BASE,base,1737,37.2884237474,127.1073662468,-25.188943,-61.588082,1,8,2,NONE,,
AAA_BASE,base,1738,37.2884215023,127.1073648235,-25.315000,-61.838000,1,8,2,NONE,,
AAA_BASE,base,1739,37.2884191667,127.1073634912,-25.433000,-62.098000,1,8,2,NONE,,
AAA_BASE,base,1740,37.2884170018,127.1073619894,-25.566000,-62.339000,1,8,2,NONE,,
AAA_BASE,base,1741,37.2884149986,127.1073603296,-25.713000,-62.562000,1,8,2,NONE,,
AAA_BASE,base,1742,37.2884130043,127.1073584892,-25.876000,-62.784000,1,8,2,NONE,,
AAA_BASE,base,1743,37.2884110011,127.1073566600,-26.038000,-63.007000,1,8,2,NONE,,
AAA_BASE,base,1744,37.2884091685,127.1073548196,-26.201000,-63.211000,1,8,2,NONE,,
AAA_BASE,base,1745,37.2884073360,127.1073531598,-26.348000,-63.415000,1,8,2,NONE,,
AAA_BASE,base,1746,37.2884055034,127.1073511612,-26.525000,-63.619000,1,8,2,NONE,,
AAA_BASE,base,1747,37.2884038326,127.1073489933,-26.717000,-63.805000,1,8,2,NONE,,
AAA_BASE,base,1748,37.2884027396,127.1073475414,-26.845595,-63.926667,1,8,2,NONE,,
AAA_BASE,base,1749,37.2884013352,127.1073456625,-27.012000,-64.083000,1,8,2,NONE,,
AAA_BASE,base,1750,37.2883996644,127.1073433252,-27.219000,-64.269000,1,8,2,NONE,,
AAA_BASE,base,1751,37.2883979787,127.1073409296,-27.431168,-64.456647,1,8,2,NONE,,
AAA_BASE,base,1752,37.2883965023,127.1073388200,-27.618000,-64.621000,1,8,2,NONE,,
AAA_BASE,base,1753,37.2883951639,127.1073363247,-27.839000,-64.770000,1,8,2,NONE,,
AAA_BASE,base,1754,37.2883938344,127.1073336600,-28.075000,-64.918000,1,8,2,NONE,,
AAA_BASE,base,1755,37.2883925853,127.1073311877,-28.293961,-65.057044,1,8,2,NONE,,
AAA_BASE,base,1756,37.2883913370,127.1073283306,-28.547000,-65.196000,1,8,2,NONE,,
AAA_BASE,base,1757,37.2883900983,127.1073256513,-28.784286,-65.333894,1,8,2,NONE,,
AAA_BASE,base,1758,37.2883891631,127.1073233286,-28.990000,-65.438000,1,8,2,NONE,,
AAA_BASE,base,1759,37.2883883367,127.1073203252,-29.256000,-65.530000,1,8,2,NONE,,
AAA_BASE,base,1760,37.2883873306,127.1073176605,-29.492000,-65.642000,1,8,2,NONE,,
AAA_BASE,base,1761,37.2883866658,127.1073149957,-29.728000,-65.716000,1,8,2,NONE,,
AAA_BASE,base,1762,37.2883859634,127.1073121307,-29.981745,-65.794199,1,8,2,NONE,,
AAA_BASE,base,1763,37.2883854980,127.1073096550,-30.201000,-65.846000,1,8,2,NONE,,
AAA_BASE,base,1764,37.2883851656,127.1073066629,-30.466000,-65.883000,1,8,2,NONE,,
AAA_BASE,base,1765,37.2883848333,127.1073036595,-30.732000,-65.920000,1,8,2,NONE,,
AAA_BASE,base,1766,37.2883845009,127.1073008254,-30.983000,-65.957000,1,8,2,NONE,,
AAA_BASE,base,1767,37.2883842554,127.1072981204,-31.222566,-65.984325,1,8,2,NONE,,
AAA_BASE,base,1768,37.2883841356,127.1072952957,-31.472732,-65.997667,1,8,2,NONE,,
AAA_BASE,base,1769,37.2883841685,127.1072928200,-31.692000,-65.994000,1,8,2,NONE,,
AAA_BASE,base,1770,37.2883841685,127.1072898278,-31.957000,-65.994000,1,8,2,NONE,,
AAA_BASE,base,1771,37.2883843302,127.1072869937,-32.208000,-65.976000,1,8,2,NONE,,
AAA_BASE,base,1772,37.2883843302,127.1072843290,-32.444000,-65.976000,1,8,2,NONE,,
AAA_BASE,base,1773,37.2883843302,127.1072814950,-32.695000,-65.976000,1,8,2,NONE,,
AAA_BASE,base,1774,37.2883845850,127.1072789504,-32.920356,-65.947634,1,8,2,NONE,,
AAA_BASE,base,1775,37.2883850040,127.1072759962,-33.182000,-65.901000,1,8,2,NONE,,
AAA_BASE,base,1776,37.2883853363,127.1072729927,-33.448000,-65.864000,1,8,2,NONE,,
AAA_BASE,base,1777,37.2883856687,127.1072703280,-33.684000,-65.827000,1,8,2,NONE,,
AAA_BASE,base,1778,37.2883858304,127.1072674940,-33.935000,-65.809000,1,8,2,NONE,,
AAA_BASE,base,1779,37.2883861628,127.1072648293,-34.171000,-65.772000,1,8,2,NONE,,
AAA_BASE,base,1780,37.2883865902,127.1072621264,-34.410376,-65.724419,1,8,2,NONE,,
AAA_BASE,base,1781,37.2883871689,127.1072596579,-34.629000,-65.660000,1,8,2,NONE,,
AAA_BASE,base,1782,37.2883876630,127.1072569932,-34.865000,-65.605000,1,8,2,NONE,,
AAA_BASE,base,1783,37.2883883367,127.1072544866,-35.087000,-65.530000,1,8,2,NONE,,
AAA_BASE,base,1784,37.2883888308,127.1072516638,-35.337000,-65.475000,1,8,2,NONE,,
AAA_BASE,base,1785,37.2883893338,127.1072491572,-35.559000,-65.419000,1,8,2,NONE,,
AAA_BASE,base,1786,37.2883899986,127.1072464925,-35.795000,-65.345000,1,8,2,NONE,,
AAA_BASE,base,1787,37.2883908340,127.1072438277,-36.031000,-65.252000,1,8,2,NONE,,
AAA_BASE,base,1788,37.2883914987,127.1072414905,-36.238000,-65.178000,1,8,2,NONE,,
AAA_BASE,base,1789,37.2883921635,127.1072391532,-36.445000,-65.104000,1,8,2,NONE,,
AAA_BASE,base,1790,37.2883929989,127.1072368272,-36.651000,-65.011000,1,8,2,NONE,,
AAA_BASE,base,1791,37.2883938702,127.1072348378,-36.827199,-64.914013,1,8,2,NONE,,
AAA_BASE,base,1792,37.2883949504,127.1072328294,-37.005068,-64.793764,1,8,2,NONE,,
AAA_BASE,base,1793,37.2883957605,127.1072311039,-37.157885,-64.703577,1,8,2,NONE,,
AAA_BASE,base,1794,37.2883966157,127.1072292936,-37.318218,-64.608379,1,8,2,NONE,,
AAA_BASE,base,1795,37.2883973584,127.1072274833,-37.478551,-64.525708,1,8,2,NONE,,
AAA_BASE,base,1796,37.2883978535,127.1072261255,-37.598800,-64.470593,1,8,2,NONE,,
AAA_BASE,base,1797,37.2883982360,127.1072248526,-37.711534,-64.428005,1,8,2,NONE,,
AAA_BASE,base,1798,37.2883986411,127.1072235232,-37.829278,-64.382911,1,8,2,NONE,,
AAA_BASE,base,1799,37.2883989562,127.1072223068,-37.937002,-64.347838,1,8,2,NONE,,
AAA_BASE,base,1800,37.2883993838,127.1072206096,-38.087314,-64.300240,1,8,2,NONE,,
AAA_BASE,base,1801,37.2883998564,127.1072189690,-38.232616,-64.247630,1,8,2,NONE,,
AAA_BASE,base,1802,37.2884003290,127.1072168475,-38.420505,-64.195021,1,8,2,NONE,,
AAA_BASE,base,1803,37.2884007115,127.1072142452,-38.650984,-64.152433,1,8,2,NONE,,
AAA_BASE,base,1804,37.2884011391,127.1072120671,-38.843884,-64.104834,1,8,2,NONE,,
AAA_BASE,base,1805,37.2884015892,127.1072100870,-39.019248,-64.054730,1,8,2,NONE,,
AAA_BASE,base,1806,37.2884020168,127.1072079656,-39.207138,-64.007131,1,8,2,NONE,,
AAA_BASE,base,1807,37.2884025344,127.1072057875,-39.400038,-63.949512,1,8,2,NONE,,
AAA_BASE,base,1808,37.2884030070,127.1072040620,-39.552856,-63.896903,1,8,2,NONE,,
AAA_BASE,base,1809,37.2884036371,127.1072021951,-39.718199,-63.826757,1,8,2,NONE,,
AAA_BASE,base,1810,37.2884042222,127.1071999888,-39.913604,-63.761622,1,8,2,NONE,,
AAA_BASE,base,1811,37.2884047848,127.1071980936,-40.081453,-63.698992,1,8,2,NONE,,
AAA_BASE,base,1812,37.2884053214,127.1071959954,-40.267279,-63.639258,1,8,2,NONE,,
AAA_BASE,base,1813,37.2884058358,127.1071938306,-40.459000,-63.582000,1,8,2,NONE,,
AAA_BASE,base,1814,37.2884065005,127.1071916627,-40.651000,-63.508000,1,8,2,NONE,,
AAA_BASE,base,1815,37.2884070036,127.1071894948,-40.843000,-63.452000,1,8,2,NONE,,
AAA_BASE,base,1816,37.2884074977,127.1071871576,-41.050000,-63.397000,1,8,2,NONE,,
AAA_BASE,base,1817,37.2884079864,127.1071848548,-41.253945,-63.342592,1,8,2,NONE,,
AAA_BASE,base,1818,37.2884085038,127.1071826637,-41.448000,-63.285000,1,8,2,NONE,,
AAA_BASE,base,1819,37.2884091685,127.1071803264,-41.655000,-63.211000,1,8,2,NONE,,
AAA_BASE,base,1820,37.2884099028,127.1071780801,-41.853945,-63.129258,1,8,2,NONE,,
AAA_BASE,base,1821,37.2884105167,127.1071759536,-42.042279,-63.060925,1,8,2,NONE,,
AAA_BASE,base,1822,37.2884111628,127.1071738227,-42.231000,-62.989000,1,8,2,NONE,,
AAA_BASE,base,1823,37.2884118365,127.1071716548,-42.423000,-62.914000,1,8,2,NONE,,
AAA_BASE,base,1824,37.2884125828,127.1071694424,-42.618945,-62.830925,1,8,2,NONE,,
AAA_BASE,base,1825,37.2884134984,127.1071671610,-42.821000,-62.729000,1,8,2,NONE,,
AAA_BASE,base,1826,37.2884143338,127.1071648237,-43.028000,-62.636000,1,8,2,NONE,,
AAA_BASE,base,1827,37.2884151692,127.1071624864,-43.235000,-62.543000,1,8,2,NONE,,
AAA_BASE,base,1828,37.2884158340,127.1071599911,-43.456000,-62.469000,1,8,2,NONE,,
AAA_BASE,base,1829,37.2884166694,127.1071574958,-43.677000,-62.376000,1,8,2,NONE,,
AAA_BASE,base,1830,37.2884173342,127.1071553279,-43.869000,-62.302000,1,8,2,NONE,,
AAA_BASE,base,1831,37.2884183313,127.1071528212,-44.091000,-62.191000,1,8,2,NONE,,
AAA_BASE,base,1832,37.2884191667,127.1071503259,-44.312000,-62.098000,1,8,2,NONE,,
AAA_BASE,base,1833,37.2884200022,127.1071479886,-44.519000,-62.005000,1,8,2,NONE,,
AAA_BASE,base,1834,37.2884206669,127.1071454933,-44.740000,-61.931000,1,8,2,NONE,,
AAA_BASE,base,1835,37.2884215023,127.1071431560,-44.947000,-61.838000,1,8,2,NONE,,
AAA_BASE,base,1836,37.2884224995,127.1071408300,-45.153000,-61.727000,1,8,2,NONE,,
AAA_BASE,base,1837,37.2884233349,127.1071386621,-45.345000,-61.634000,1,8,2,NONE,,
AAA_BASE,base,1838,37.2884243320,127.1071363249,-45.552000,-61.523000,1,8,2,NONE,,
AAA_BASE,base,1839,37.2884252939,127.1071341200,-45.747279,-61.415925,1,8,2,NONE,,
AAA_BASE,base,1840,37.2884263352,127.1071319891,-45.936000,-61.300000,1,8,2,NONE,,
AAA_BASE,base,1841,37.2884275031,127.1071299906,-46.113000,-61.170000,1,8,2,NONE,,
AAA_BASE,base,1842,37.2884286709,127.1071279920,-46.290000,-61.040000,1,8,2,NONE,,
AAA_BASE,base,1843,37.2884298453,127.1071259527,-46.470612,-60.909258,1,8,2,NONE,,
AAA_BASE,base,1844,37.2884309975,127.1071238256,-46.659000,-60.781000,1,8,2,NONE,,
AAA_BASE,base,1845,37.2884320036,127.1071214883,-46.866000,-60.669000,1,8,2,NONE,,
AAA_BASE,base,1846,37.2884330007,127.1071193204,-47.058000,-60.558000,1,8,2,NONE,,
AAA_BASE,base,1847,37.2884341685,127.1071173219,-47.235000,-60.428000,1,8,2,NONE,,
AAA_BASE,base,1848,37.2884354980,127.1071153234,-47.412000,-60.280000,1,8,2,NONE,,
AAA_BASE,base,1849,37.2884368072,127.1071134760,-47.575612,-60.134258,1,8,2,NONE,,
AAA_BASE,base,1850,37.2884380948,127.1071115377,-47.747279,-59.990925,1,8,2,NONE,,
AAA_BASE,base,1851,37.2884396369,127.1071097311,-47.907279,-59.819258,1,8,2,NONE,,
AAA_BASE,base,1852,37.2884411664,127.1071083229,-48.032000,-59.649000,1,8,2,NONE,,
AAA_BASE,base,1853,37.2884429989,127.1071069905,-48.150000,-59.445000,1,8,2,NONE,,
AAA_BASE,base,1854,37.2884448315,127.1071058275,-48.253000,-59.241000,1,8,2,NONE,,
AAA_BASE,base,1855,37.2884465023,127.1071046533,-48.357000,-59.055000,1,8,2,NONE,,
AAA_BASE,base,1856,37.2884484966,127.1071034903,-48.460000,-58.833000,1,8,2,NONE,,
AAA_BASE,base,1857,37.2884502669,127.1071027306,-48.527279,-58.635925,1,8,2,NONE,,
AAA_BASE,base,1858,37.2884521707,127.1071021579,-48.578000,-58.424000,1,8,2,NONE,,
AAA_BASE,base,1859,37.2884543356,127.1071018305,-48.607000,-58.183000,1,8,2,NONE,,
AAA_BASE,base,1860,37.2884561682,127.1071014917,-48.637000,-57.979000,1,8,2,NONE,,
AAA_BASE,base,1861,37.2884580007,127.1071013224,-48.652000,-57.775000,1,8,2,NONE,,
AAA_BASE,base,1862,37.2884600040,127.1071011530,-48.667000,-57.552000,1,8,2,NONE,,
AAA_BASE,base,1863,37.2884620198,127.1071012628,-48.657279,-57.327592,1,8,2,NONE,,
AAA_BASE,base,1864,37.2884640014,127.1071013224,-48.652000,-57.107000,1,8,2,NONE,,
AAA_BASE,base,1865,37.2884659957,127.1071016611,-48.622000,-56.885000,1,8,2,NONE,,
AAA_BASE,base,1866,37.2884679989,127.1071021579,-48.578000,-56.662000,1,8,2,NONE,,
AAA_BASE,base,1867,37.2884698315,127.1071024967,-48.548000,-56.458000,1,8,2,NONE,,
AAA_BASE,base,1868,37.2884720440,127.1071027196,-48.528255,-56.211707,1,8,2,NONE,,
AAA_BASE,base,1869,37.2884739996,127.1071031628,-48.489000,-55.994000,1,8,2,NONE,,
AAA_BASE,base,1870,37.2884758322,127.1071036596,-48.445000,-55.790000,1,8,2,NONE,,
AAA_BASE,base,1871,37.2884778354,127.1071041565,-48.401000,-55.567000,1,8,2,NONE,,
AAA_BASE,base,1872,37.2884796680,127.1071046533,-48.357000,-55.363000,1,8,2,NONE,,
AAA_BASE,base,1873,37.2884816622,127.1071049920,-48.327000,-55.141000,1,8,2,NONE,,
AAA_BASE,base,1874,37.2884836655,127.1071053307,-48.297000,-54.918000,1,8,2,NONE,,
AAA_BASE,base,1875,37.2884854980,127.1071058275,-48.253000,-54.714000,1,8,2,NONE,,
AAA_BASE,base,1876,37.2884873306,127.1071064937,-48.194000,-54.510000,1,8,2,NONE,,
AAA_BASE,base,1877,37.2884891631,127.1071073293,-48.120000,-54.306000,1,8,2,NONE,,
AAA_BASE,base,1878,37.2884909957,127.1071079954,-48.061000,-54.102000,1,8,2,NONE,,
AAA_BASE,base,1879,37.2884926665,127.1071086616,-48.002000,-53.916000,1,8,2,NONE,,
AAA_BASE,base,1880,37.2884944991,127.1071091584,-47.958000,-53.712000,1,8,2,NONE,,
AAA_BASE,base,1881,37.2884965023,127.1071099940,-47.884000,-53.489000,1,8,2,NONE,,
AAA_BASE,base,1882,37.2884983349,127.1071108295,-47.810000,-53.285000,1,8,2,NONE,,
AAA_BASE,base,1883,37.2885003291,127.1071118231,-47.722000,-53.063000,1,8,2,NONE,,
AAA_BASE,base,1884,37.2885020000,127.1071126587,-47.648000,-52.877000,1,8,2,NONE,,
AAA_BASE,base,1885,37.2885040032,127.1071134942,-47.574000,-52.654000,1,8,2,NONE,,
AAA_BASE,base,1886,37.2885059906,127.1071144877,-47.486008,-52.432769,1,8,2,NONE,,
AAA_BASE,base,1887,37.2885080007,127.1071153234,-47.412000,-52.209000,1,8,2,NONE,,
AAA_BASE,base,1888,37.2885101656,127.1071163283,-47.323000,-51.968000,1,8,2,NONE,,
AAA_BASE,base,1889,37.2885123306,127.1071176606,-47.205000,-51.727000,1,8,2,NONE,,
AAA_BASE,base,1890,37.2885143338,127.1071188236,-47.102000,-51.504000,1,8,2,NONE,,
AAA_BASE,base,1891,37.2885164987,127.1071198285,-47.013000,-51.263000,1,8,2,NONE,,
AAA_BASE,base,1892,37.2885186637,127.1071209915,-46.910000,-51.022000,1,8,2,NONE,,
AAA_BASE,base,1893,37.2885206669,127.1071221545,-46.807000,-50.799000,1,8,2,NONE,,
AAA_BASE,base,1894,37.2885228318,127.1071234869,-46.689000,-50.558000,1,8,2,NONE,,
AAA_BASE,base,1895,37.2885249968,127.1071246611,-46.585000,-50.317000,1,8,2,NONE,,
AAA_BASE,base,1896,37.2885270000,127.1071254967,-46.511000,-50.094000,1,8,2,NONE,,
AAA_BASE,base,1897,37.2885291542,127.1071262850,-46.441185,-49.854196,1,8,2,NONE,,
AAA_BASE,base,1898,37.2885313299,127.1071271565,-46.364000,-49.612000,1,8,2,NONE,,
AAA_BASE,base,1899,37.2885331624,127.1071281614,-46.275000,-49.408000,1,8,2,NONE,,
AAA_BASE,base,1900,37.2885351656,127.1071293244,-46.172000,-49.185000,1,8,2,NONE,,
AAA_BASE,base,1901,37.2885371689,127.1071301599,-46.098000,-48.962000,1,8,2,NONE,,
AAA_BASE,base,1902,37.2885391631,127.1071309955,-46.024000,-48.740000,1,8,2,NONE,,
AAA_BASE,base,1903,37.2885410867,127.1071319494,-45.939519,-48.525863,1,8,2,NONE,,
AAA_BASE,base,1904,37.2885428372,127.1071326553,-45.877000,-48.331000,1,8,2,NONE,,
AAA_BASE,base,1905,37.2885446698,127.1071336602,-45.788000,-48.127000,1,8,2,NONE,,
AAA_BASE,base,1906,37.2885465023,127.1071348232,-45.685000,-47.923000,1,8,2,NONE,,
AAA_BASE,base,1907,37.2885481642,127.1071356587,-45.611000,-47.738000,1,8,2,NONE,,
AAA_BASE,base,1908,37.2885501760,127.1071366404,-45.524058,-47.514047,1,8,2,NONE,,
AAA_BASE,base,1909,37.2885516676,127.1071374879,-45.449000,-47.348000,1,8,2,NONE,,
AAA_BASE,base,1910,37.2885533295,127.1071386621,-45.345000,-47.163000,1,8,2,NONE,,
AAA_BASE,base,1911,37.2885550004,127.1071399945,-45.227000,-46.977000,1,8,2,NONE,,
AAA_BASE,base,1912,37.2885566914,127.1071410870,-45.130239,-46.788753,1,8,2,NONE,,
AAA_BASE,base,1913,37.2885583331,127.1071419930,-45.050000,-46.606000,1,8,2,NONE,,
AAA_BASE,base,1914,37.2885603363,127.1071428286,-44.976000,-46.383000,1,8,2,NONE,,
AAA_BASE,base,1915,37.2885621689,127.1071436641,-44.902000,-46.179000,1,8,2,NONE,,
AAA_BASE,base,1916,37.2885640014,127.1071446577,-44.814000,-45.975000,1,8,2,NONE,,
AAA_BASE,base,1917,37.2885658340,127.1071456627,-44.725000,-45.771000,1,8,2,NONE,,
AAA_BASE,base,1918,37.2885674959,127.1071463288,-44.666000,-45.586000,1,8,2,NONE,,
AAA_BASE,base,1919,37.2885692620,127.1071470456,-44.602515,-45.389398,1,8,2,NONE,,
AAA_BASE,base,1920,37.2885711471,127.1071480648,-44.512255,-45.179546,1,8,2,NONE,,
AAA_BASE,base,1921,37.2885722863,127.1071487770,-44.449181,-45.052731,1,8,2,NONE,,
AAA_BASE,base,1922,37.2885738284,127.1071496991,-44.367515,-44.881065,1,8,2,NONE,,
AAA_BASE,base,1923,37.2885751674,127.1071506533,-44.283000,-44.732000,1,8,2,NONE,,
AAA_BASE,base,1924,37.2885764323,127.1071516614,-44.193721,-44.591193,1,8,2,NONE,,
AAA_BASE,base,1925,37.2885777284,127.1071525147,-44.118144,-44.446909,1,8,2,NONE,,
AAA_BASE,base,1926,37.2885793023,127.1071534069,-44.039131,-44.271707,1,8,2,NONE,,
AAA_BASE,base,1927,37.2885806293,127.1071541439,-43.973860,-44.123988,1,8,2,NONE,,
AAA_BASE,base,1928,37.2885820488,127.1071549197,-43.905153,-43.965963,1,8,2,NONE,,
AAA_BASE,base,1929,37.2885837461,127.1071559282,-43.815834,-43.777020,1,8,2,NONE,,
AAA_BASE,base,1930,37.2885854434,127.1071567427,-43.743692,-43.588076,1,8,2,NONE,,
AAA_BASE,base,1931,37.2885869247,127.1071575573,-43.671551,-43.423180,1,8,2,NONE,,
AAA_BASE,base,1932,37.2885886529,127.1071586822,-43.571926,-43.230802,1,8,2,NONE,,
AAA_BASE,base,1933,37.2885901342,127.1071597295,-43.479172,-43.065906,1,8,2,NONE,,
AAA_BASE,base,1934,37.2885922944,127.1071611646,-43.352065,-42.825432,1,8,2,NONE,,
AAA_BASE,base,1935,37.2885935288,127.1071619792,-43.279923,-42.688019,1,8,2,NONE,,
AAA_BASE,base,1936,37.2885951335,127.1071628326,-43.204345,-42.509382,1,8,2,NONE,,
AAA_BASE,base,1937,37.2885967382,127.1071636083,-43.135639,-42.330744,1,8,2,NONE,,
AAA_BASE,base,1938,37.2885985281,127.1071644229,-43.063497,-42.131495,1,8,2,NONE,,
AAA_BASE,base,1939,37.2885998859,127.1071651987,-42.994790,-41.980341,1,8,2,NONE,,
AAA_BASE,base,1940,37.2886013363,127.1071658581,-42.936389,-41.818880,1,8,2,NONE,,
AAA_BASE,base,1941,37.2886025707,127.1071665175,-42.877989,-41.681467,1,8,2,NONE,,
AAA_BASE,base,1942,37.2886042372,127.1071673709,-42.802411,-41.495959,1,8,2,NONE,,
AAA_BASE,base,1943,37.2886057802,127.1071680303,-42.744011,-41.324192,1,8,2,NONE,,
AAA_BASE,base,1944,37.2886071071,127.1071686121,-42.692481,-41.176473,1,8,2,NONE,,
AAA_BASE,base,1945,37.2886086193,127.1071694655,-42.616903,-41.008141,1,8,2,NONE,,
AAA_BASE,base,1946,37.2886101931,127.1071703576,-42.537891,-40.832939,1,8,2,NONE,,
AAA_BASE,base,1947,37.2886116658,127.1071711580,-42.467000,-40.669000,1,8,2,NONE,,
AAA_BASE,base,1948,37.2886133367,127.1071719936,-42.393000,-40.483000,1,8,2,NONE,,
AAA_BASE,base,1949,37.2886149986,127.1071728291,-42.319000,-40.298000,1,8,2,NONE,,
AAA_BASE,base,1950,37.2886165350,127.1071735673,-42.253626,-40.126965,1,8,2,NONE,,
AAA_BASE,base,1951,37.2886181519,127.1071741883,-42.198626,-39.946965,1,8,2,NONE,,
AAA_BASE,base,1952,37.2886200022,127.1071748276,-42.142000,-39.741000,1,8,2,NONE,,
AAA_BASE,base,1953,37.2886216640,127.1071754938,-42.083000,-39.556000,1,8,2,NONE,,
AAA_BASE,base,1954,37.2886233349,127.1071763294,-42.009000,-39.370000,1,8,2,NONE,,
AAA_BASE,base,1955,37.2886251674,127.1071771536,-41.936000,-39.166000,1,8,2,NONE,,
AAA_BASE,base,1956,37.2886267365,127.1071778674,-41.872786,-38.991333,1,8,2,NONE,,
AAA_BASE,base,1957,37.2886282936,127.1071783943,-41.826120,-38.818000,1,8,2,NONE,,
AAA_BASE,base,1958,37.2886303327,127.1071789941,-41.773000,-38.591000,1,8,2,NONE,,
AAA_BASE,base,1959,37.2886318329,127.1071794909,-41.729000,-38.424000,1,8,2,NONE,,
AAA_BASE,base,1960,37.2886334738,127.1071801632,-41.669453,-38.241333,1,8,2,NONE,,
AAA_BASE,base,1961,37.2886349860,127.1071808219,-41.611120,-38.073000,1,8,2,NONE,,
AAA_BASE,base,1962,37.2886369982,127.1071816588,-41.537000,-37.849000,1,8,2,NONE,,
AAA_BASE,base,1963,37.2886387140,127.1071822709,-41.482786,-37.658000,1,8,2,NONE,,
AAA_BASE,base,1964,37.2886400914,127.1071827978,-41.436120,-37.504666,1,8,2,NONE,,
AAA_BASE,base,1965,37.2886413939,127.1071832495,-41.396120,-37.359666,1,8,2,NONE,,
AAA_BASE,base,1966,37.2886425178,127.1071836012,-41.364965,-37.234562,1,8,2,NONE,,
AAA_BASE,base,1967,37.2886440999,127.1071840244,-41.327492,-37.058435,1,8,2,NONE,,
AAA_BASE,base,1968,37.2886457158,127.1071844898,-41.286271,-36.878562,1,8,2,NONE,,
AAA_BASE,base,1969,37.2886476009,127.1071850399,-41.237555,-36.668709,1,8,2,NONE,,
AAA_BASE,base,1970,37.2886493320,127.1071856558,-41.183000,-36.476000,1,8,2,NONE,,
AAA_BASE,base,1971,37.2886510029,127.1071861639,-41.138000,-36.290000,1,8,2,NONE,,
AAA_BASE,base,1972,37.2886528354,127.1071868301,-41.079000,-36.086000,1,8,2,NONE,,
AAA_BASE,base,1973,37.2886548297,127.1071876544,-41.006000,-35.864000,1,8,2,NONE,,
AAA_BASE,base,1974,37.2886568329,127.1071886593,-40.917000,-35.641000,1,8,2,NONE,,
AAA_BASE,base,1975,37.2886588361,127.1071893255,-40.858000,-35.418000,1,8,2,NONE,,
AAA_BASE,base,1976,37.2886611628,127.1071899916,-40.799000,-35.159000,1,8,2,NONE,,
AAA_BASE,base,1977,37.2886631660,127.1071908272,-40.725000,-34.936000,1,8,2,NONE,,
AAA_BASE,base,1978,37.2886651692,127.1071919902,-40.622000,-34.713000,1,8,2,NONE,,
AAA_BASE,base,1979,37.2886674959,127.1071931531,-40.519000,-34.454000,1,8,2,NONE,,
AAA_BASE,base,1980,37.2886694991,127.1071939887,-40.445000,-34.231000,1,8,2,NONE,,
AAA_BASE,base,1981,37.2886718347,127.1071948242,-40.371000,-33.971000,1,8,2,NONE,,
AAA_BASE,base,1982,37.2886741703,127.1071953210,-40.327000,-33.711000,1,8,2,NONE,,
AAA_BASE,base,1983,37.2886763352,127.1071961566,-40.253000,-33.470000,1,8,2,NONE,,
AAA_BASE,base,1984,37.2886776648,127.1071966534,-40.209000,-33.322000,1,8,2,NONE,,
AAA_BASE,base,1985,37.2886801710,127.1071973196,-40.150000,-33.043000,1,8,2,NONE,,
AAA_BASE,base,1986,37.2886823360,127.1071979970,-40.090000,-32.802000,1,8,2,NONE,,
AAA_BASE,base,1987,37.2886846626,127.1071983245,-40.061000,-32.543000,1,8,2,NONE,,
AAA_BASE,base,1988,37.2886869982,127.1071984939,-40.046000,-32.283000,1,8,2,NONE,,
AAA_BASE,base,1989,37.2886891631,127.1071989907,-40.002000,-32.042000,1,8,2,NONE,,
AAA_BASE,base,1990,37.2886916694,127.1071994875,-39.958000,-31.763000,1,8,2,NONE,,
AAA_BASE,base,1991,37.2886941667,127.1071996568,-39.943000,-31.485000,1,8,2,NONE,,
AAA_BASE,base,1992,37.2886965023,127.1071996568,-39.943000,-31.225000,1,8,2,NONE,,
AAA_BASE,base,1993,37.2886989996,127.1071994875,-39.958000,-30.947000,1,8,2,NONE,,
AAA_BASE,base,1994,37.2887011646,127.1071994875,-39.958000,-30.706000,1,8,2,NONE,,
AAA_BASE,base,1995,37.2887036709,127.1071996568,-39.943000,-30.427000,1,8,2,NONE,,
AAA_BASE,base,1996,37.2887059975,127.1071994875,-39.958000,-30.168000,1,8,2,NONE,,
AAA_BASE,base,1997,37.2887083331,127.1071993294,-39.972000,-29.908000,1,8,2,NONE,,
AAA_BASE,base,1998,37.2887108304,127.1071989907,-40.002000,-29.630000,1,8,2,NONE,,
AAA_BASE,base,1999,37.2887130043,127.1071984939,-40.046000,-29.388000,1,8,2,NONE,,
AAA_BASE,base,2000,37.2887153309,127.1071981551,-40.076000,-29.129000,1,8,2,NONE,,
AAA_BASE,base,2001,37.2887176665,127.1071978277,-40.105000,-28.869000,1,8,2,NONE,,
AAA_BASE,base,2002,37.2887200022,127.1071973196,-40.150000,-28.609000,1,8,2,NONE,,
AAA_BASE,base,2003,37.2887221671,127.1071964953,-40.223000,-28.368000,1,8,2,NONE,,
AAA_BASE,base,2004,37.2887245027,127.1071956598,-40.297000,-28.108000,1,8,2,NONE,,
AAA_BASE,base,2005,37.2887264969,127.1071946549,-40.386000,-27.886000,1,8,2,NONE,,
AAA_BASE,base,2006,37.2887286709,127.1071936613,-40.474000,-27.644000,1,8,2,NONE,,
AAA_BASE,base,2007,37.2887308232,127.1071923812,-40.587370,-27.404398,1,8,2,NONE,,
AAA_BASE,base,2008,37.2887328300,127.1071908272,-40.725000,-27.181000,1,8,2,NONE,,
AAA_BASE,base,2009,37.2887348333,127.1071893255,-40.858000,-26.958000,1,8,2,NONE,,
AAA_BASE,base,2010,37.2887366658,127.1071874963,-41.020000,-26.754000,1,8,2,NONE,,
AAA_BASE,base,2011,37.2887384984,127.1071859946,-41.153000,-26.550000,1,8,2,NONE,,
AAA_BASE,base,2012,37.2887405016,127.1071841541,-41.316000,-26.327000,1,8,2,NONE,,
AAA_BASE,base,2013,37.2887420018,127.1071823250,-41.478000,-26.160000,1,8,2,NONE,,
AAA_BASE,base,2014,37.2887435020,127.1071799877,-41.685000,-25.993000,1,8,2,NONE,,
AAA_BASE,base,2015,37.2887450022,127.1071776617,-41.891000,-25.826000,1,8,2,NONE,,
AAA_BASE,base,2016,37.2887463317,127.1071756632,-42.068000,-25.678000,1,8,2,NONE,,
AAA_BASE,base,2017,37.2887478318,127.1071734953,-42.260000,-25.511000,1,8,2,NONE,,
AAA_BASE,base,2018,37.2887489996,127.1071713274,-42.452000,-25.381000,1,8,2,NONE,,
AAA_BASE,base,2019,37.2887499968,127.1071691595,-42.644000,-25.270000,1,8,2,NONE,,
AAA_BASE,base,2020,37.2887510029,127.1071666529,-42.866000,-25.158000,1,8,2,NONE,,
AAA_BASE,base,2021,37.2887520000,127.1071644963,-43.057000,-25.047000,1,8,2,NONE,,
AAA_BASE,base,2022,37.2887529971,127.1071623284,-43.249000,-24.936000,1,8,2,NONE,,
AAA_BASE,base,2023,37.2887540032,127.1071599911,-43.456000,-24.824000,1,8,2,NONE,,
AAA_BASE,base,2024,37.2887548297,127.1071576538,-43.663000,-24.732000,1,8,2,NONE,,
AAA_BASE,base,2025,37.2887556651,127.1071553279,-43.869000,-24.639000,1,8,2,NONE,,
AAA_BASE,base,2026,37.2887564108,127.1071526264,-44.108254,-24.555985,1,8,2,NONE,,
AAA_BASE,base,2027,37.2887571653,127.1071504953,-44.297000,-24.472000,1,8,2,NONE,,
AAA_BASE,base,2028,37.2887581624,127.1071481580,-44.504000,-24.361000,1,8,2,NONE,,
AAA_BASE,base,2029,37.2887591685,127.1071456627,-44.725000,-24.249000,1,8,2,NONE,,
AAA_BASE,base,2030,37.2887598333,127.1071434948,-44.917000,-24.175000,1,8,2,NONE,,
AAA_BASE,base,2031,37.2887603363,127.1071411575,-45.124000,-24.119000,1,8,2,NONE,,
AAA_BASE,base,2032,37.2887610001,127.1071386357,-45.347340,-24.045112,1,8,2,NONE,,
AAA_BASE,base,2033,37.2887617443,127.1071364531,-45.540643,-23.962267,1,8,2,NONE,,
AAA_BASE,base,2034,37.2887623306,127.1071341570,-45.744000,-23.897000,1,8,2,NONE,,
AAA_BASE,base,2035,37.2887630466,127.1071316462,-45.966371,-23.817290,1,8,2,NONE,,
AAA_BASE,base,2036,37.2887636691,127.1071293244,-46.172000,-23.748000,1,8,2,NONE,,
AAA_BASE,base,2037,37.2887641631,127.1071268290,-46.393000,-23.693000,1,8,2,NONE,,
AAA_BASE,base,2038,37.2887646662,127.1071243224,-46.615000,-23.637000,1,8,2,NONE,,
AAA_BASE,base,2039,37.2887653309,127.1071219964,-46.821000,-23.563000,1,8,2,NONE,,
AAA_BASE,base,2040,37.2887660854,127.1071194339,-47.047950,-23.479009,1,8,2,NONE,,
AAA_BASE,base,2041,37.2887666694,127.1071171638,-47.249000,-23.414000,1,8,2,NONE,,
AAA_BASE,base,2042,37.2887671635,127.1071148266,-47.456000,-23.359000,1,8,2,NONE,,
AAA_BASE,base,2043,37.2887676665,127.1071123199,-47.678000,-23.303000,1,8,2,NONE,,
AAA_BASE,base,2044,37.2887683313,127.1071099940,-47.884000,-23.229000,1,8,2,NONE,,
AAA_BASE,base,2045,37.2887690829,127.1071079232,-48.067395,-23.145330,1,8,2,NONE,,
AAA_BASE,base,2046,37.2887700022,127.1071054888,-48.283000,-23.043000,1,8,2,NONE,,
AAA_BASE,base,2047,37.2887706669,127.1071031628,-48.489000,-22.969000,1,8,2,NONE,,
AAA_BASE,base,2048,37.2887711700,127.1071006562,-48.711000,-22.913000,1,8,2,NONE,,
AAA_BASE,base,2049,37.2887718737,127.1070981274,-48.934960,-22.834664,1,8,2,NONE,,
AAA_BASE,base,2050,37.2887724995,127.1070959930,-49.124000,-22.765000,1,8,2,NONE,,
AAA_BASE,base,2051,37.2887733349,127.1070934863,-49.346000,-22.672000,1,8,2,NONE,,
AAA_BASE,base,2052,37.2887740236,127.1070913198,-49.537882,-22.595336,1,8,2,NONE,,
AAA_BASE,base,2053,37.2887746644,127.1070888231,-49.759000,-22.524000,1,8,2,NONE,,
AAA_BASE,base,2054,37.2887753259,127.1070862270,-49.988924,-22.450358,1,8,2,NONE,,
AAA_BASE,base,2055,37.2887758322,127.1070839905,-50.187000,-22.394000,1,8,2,NONE,,
AAA_BASE,base,2056,37.2887764969,127.1070818226,-50.379000,-22.320000,1,8,2,NONE,,
AAA_BASE,base,2057,37.2887774138,127.1070794713,-50.587244,-22.217934,1,8,2,NONE,,
AAA_BASE,base,2058,37.2887781678,127.1070773287,-50.777000,-22.134000,1,8,2,NONE,,
AAA_BASE,base,2059,37.2887788326,127.1070749915,-50.984000,-22.060000,1,8,2,NONE,,
AAA_BASE,base,2060,37.2887793356,127.1070723268,-51.220000,-22.004000,1,8,2,NONE,,
AAA_BASE,base,2061,37.2887800004,127.1070699895,-51.427000,-21.930000,1,8,2,NONE,,
AAA_BASE,base,2062,37.2887808661,127.1070676488,-51.634304,-21.833628,1,8,2,NONE,,
AAA_BASE,base,2063,37.2887816309,127.1070653103,-51.841415,-21.748483,1,8,2,NONE,,
AAA_BASE,base,2064,37.2887823958,127.1070629198,-52.053128,-21.663337,1,8,2,NONE,,
AAA_BASE,base,2065,37.2887831624,127.1070604936,-52.268000,-21.578000,1,8,2,NONE,,
AAA_BASE,base,2066,37.2887838361,127.1070581564,-52.475000,-21.503000,1,8,2,NONE,,
AAA_BASE,base,2067,37.2887845009,127.1070558304,-52.681000,-21.429000,1,8,2,NONE,,
AAA_BASE,base,2068,37.2887853363,127.1070533238,-52.903000,-21.336000,1,8,2,NONE,,
AAA_BASE,base,2069,37.2887860011,127.1070511559,-53.095000,-21.262000,1,8,2,NONE,,
AAA_BASE,base,2070,37.2887865041,127.1070486605,-53.316000,-21.206000,1,8,2,NONE,,
AAA_BASE,base,2071,37.2887871689,127.1070459958,-53.552000,-21.132000,1,8,2,NONE,,
AAA_BASE,base,2072,37.2887877706,127.1070438739,-53.739931,-21.065017,1,8,2,NONE,,
AAA_BASE,base,2073,37.2887884114,127.1070414314,-53.956247,-20.993679,1,8,2,NONE,,
AAA_BASE,base,2074,37.2887893338,127.1070389953,-54.172000,-20.891000,1,8,2,NONE,,
AAA_BASE,base,2075,37.2887899986,127.1070366581,-54.379000,-20.817000,1,8,2,NONE,,
AAA_BASE,base,2076,37.2887906234,127.1070342600,-54.591387,-20.747447,1,8,2,NONE,,
AAA_BASE,base,2077,37.2887913370,127.1070316561,-54.822000,-20.668000,1,8,2,NONE,,
AAA_BASE,base,2078,37.2887920018,127.1070293301,-55.028000,-20.594000,1,8,2,NONE,,
AAA_BASE,base,2079,37.2887928372,127.1070269929,-55.235000,-20.501000,1,8,2,NONE,,
AAA_BASE,base,2080,37.2887938344,127.1070246556,-55.442000,-20.390000,1,8,2,NONE,,
AAA_BASE,base,2081,37.2887946698,127.1070221603,-55.663000,-20.297000,1,8,2,NONE,,
AAA_BASE,base,2082,37.2887953345,127.1070194955,-55.899000,-20.223000,1,8,2,NONE,,
AAA_BASE,base,2083,37.2887959993,127.1070168196,-56.136000,-20.149000,1,8,2,NONE,,
AAA_BASE,base,2084,37.2887968347,127.1070144936,-56.342000,-20.056000,1,8,2,NONE,,
AAA_BASE,base,2085,37.2887978318,127.1070119869,-56.564000,-19.945000,1,8,2,NONE,,
AAA_BASE,base,2086,37.2887986673,127.1070094916,-56.785000,-19.852000,1,8,2,NONE,,
AAA_BASE,base,2087,37.2887993320,127.1070068269,-57.021000,-19.778000,1,8,2,NONE,,
AAA_BASE,base,2088,37.2887999968,127.1070039928,-57.272000,-19.704000,1,8,2,NONE,,
AAA_BASE,base,2089,37.2888008322,127.1070014862,-57.494000,-19.611000,1,8,2,NONE,,
AAA_BASE,base,2090,37.2888016676,127.1069989909,-57.715000,-19.518000,1,8,2,NONE,,
AAA_BASE,base,2091,37.2888026648,127.1069963261,-57.951000,-19.407000,1,8,2,NONE,,
AAA_BASE,base,2092,37.2888033295,127.1069939889,-58.158000,-19.333000,1,8,2,NONE,,
AAA_BASE,base,2093,37.2888040032,127.1069913242,-58.394000,-19.258000,1,8,2,NONE,,
AAA_BASE,base,2094,37.2888046680,127.1069886595,-58.630000,-19.184000,1,8,2,NONE,,
AAA_BASE,base,2095,37.2888055034,127.1069861641,-58.851000,-19.091000,1,8,2,NONE,,
AAA_BASE,base,2096,37.2888063299,127.1069836575,-59.073000,-18.999000,1,8,2,NONE,,
AAA_BASE,base,2097,37.2888073360,127.1069809928,-59.309000,-18.887000,1,8,2,NONE,,
AAA_BASE,base,2098,37.2888080007,127.1069783281,-59.545000,-18.813000,1,8,2,NONE,,
AAA_BASE,base,2099,37.2888086655,127.1069754940,-59.796000,-18.739000,1,8,2,NONE,,
AAA_BASE,base,2100,37.2888095009,127.1069728293,-60.032000,-18.646000,1,8,2,NONE,,
AAA_BASE,base,2101,37.2888103363,127.1069703227,-60.254000,-18.553000,1,8,2,NONE,,
AAA_BASE,base,2102,37.2888113335,127.1069674886,-60.505000,-18.442000,1,8,2,NONE,,
AAA_BASE,base,2103,37.2888121689,127.1069648239,-60.741000,-18.349000,1,8,2,NONE,,
AAA_BASE,base,2104,37.2888130043,127.1069621592,-60.977000,-18.256000,1,8,2,NONE,,
AAA_BASE,base,2105,37.2888138308,127.1069594945,-61.213000,-18.164000,1,8,2,NONE,,
AAA_BASE,base,2106,37.2888148369,127.1069569878,-61.435000,-18.052000,1,8,2,NONE,,
AAA_BASE,base,2107,37.2888159957,127.1069544925,-61.656000,-17.923000,1,8,2,NONE,,
AAA_BASE,base,2108,37.2888170018,127.1069519972,-61.877000,-17.811000,1,8,2,NONE,,
AAA_BASE,base,2109,37.2888179989,127.1069494905,-62.099000,-17.700000,1,8,2,NONE,,
AAA_BASE,base,2110,37.2888189960,127.1069468258,-62.335000,-17.589000,1,8,2,NONE,,
AAA_BASE,base,2111,37.2888200022,127.1069441611,-62.571000,-17.477000,1,8,2,NONE,,
AAA_BASE,base,2112,37.2888211700,127.1069414964,-62.807000,-17.347000,1,8,2,NONE,,
AAA_BASE,base,2113,37.2888224995,127.1069386623,-63.058000,-17.199000,1,8,2,NONE,,
AAA_BASE,base,2114,37.2888233349,127.1069361557,-63.280000,-17.106000,1,8,2,NONE,,
AAA_BASE,base,2115,37.2888241703,127.1069333216,-63.531000,-17.013000,1,8,2,NONE,,
AAA_BASE,base,2116,37.2888249917,127.1069307560,-63.758230,-16.921563,1,8,2,NONE,,
AAA_BASE,base,2117,37.2888256705,127.1069281616,-63.988000,-16.846000,1,8,2,NONE,,
AAA_BASE,base,2118,37.2888266676,127.1069254969,-64.224000,-16.735000,1,8,2,NONE,,
AAA_BASE,base,2119,37.2888276648,127.1069226628,-64.475000,-16.624000,1,8,2,NONE,,
AAA_BASE,base,2120,37.2888286709,127.1069199868,-64.712000,-16.512000,1,8,2,NONE,,
AAA_BASE,base,2121,37.2888293356,127.1069173221,-64.948000,-16.438000,1,8,2,NONE,,
AAA_BASE,base,2122,37.2888301710,127.1069146574,-65.184000,-16.345000,1,8,2,NONE,,
AAA_BASE,base,2123,37.2888311682,127.1069121621,-65.405000,-16.234000,1,8,2,NONE,,
AAA_BASE,base,2124,37.2888321653,127.1069093280,-65.656000,-16.123000,1,8,2,NONE,,
AAA_BASE,base,2125,37.2888330007,127.1069066633,-65.892000,-16.030000,1,8,2,NONE,,
AAA_BASE,base,2126,37.2888336655,127.1069038292,-66.143000,-15.956000,1,8,2,NONE,,
AAA_BASE,base,2127,37.2888345009,127.1069011532,-66.380000,-15.863000,1,8,2,NONE,,
AAA_BASE,base,2128,37.2888354980,127.1068986579,-66.601000,-15.752000,1,8,2,NONE,,
AAA_BASE,base,2129,37.2888365041,127.1068959932,-66.837000,-15.640000,1,8,2,NONE,,
AAA_BASE,base,2130,37.2888376630,127.1068931591,-67.088000,-15.511000,1,8,2,NONE,,
AAA_BASE,base,2131,37.2888386691,127.1068906637,-67.309000,-15.399000,1,8,2,NONE,,
AAA_BASE,base,2132,37.2888394955,127.1068878297,-67.560000,-15.307000,1,8,2,NONE,,
AAA_BASE,base,2133,37.2888405016,127.1068851537,-67.797000,-15.195000,1,8,2,NONE,,
AAA_BASE,base,2134,37.2888416694,127.1068824890,-68.033000,-15.065000,1,8,2,NONE,,
AAA_BASE,base,2135,37.2888426742,127.1068798624,-68.265625,-14.953144,1,8,2,NONE,,
AAA_BASE,base,2136,37.2888435895,127.1068773775,-68.485697,-14.851259,1,8,2,NONE,,
AAA_BASE,base,2137,37.2888444991,127.1068744948,-68.741000,-14.750000,1,8,2,NONE,,
AAA_BASE,base,2138,37.2888453345,127.1068719882,-68.963000,-14.657000,1,8,2,NONE,,
AAA_BASE,base,2139,37.2888463317,127.1068693235,-69.199000,-14.546000,1,8,2,NONE,,
AAA_BASE,base,2140,37.2888473378,127.1068666588,-69.435000,-14.434000,1,8,2,NONE,,
AAA_BASE,base,2141,37.2888481642,127.1068639941,-69.671000,-14.342000,1,8,2,NONE,,
AAA_BASE,base,2142,37.2888488290,127.1068613294,-69.907000,-14.268000,1,8,2,NONE,,
AAA_BASE,base,2143,37.2888495027,127.1068586534,-70.144000,-14.193000,1,8,2,NONE,,
AAA_BASE,base,2144,37.2888503291,127.1068561580,-70.365000,-14.101000,1,8,2,NONE,,
AAA_BASE,base,2145,37.2888511646,127.1068534933,-70.601000,-14.008000,1,8,2,NONE,,
AAA_BASE,base,2146,37.2888521707,127.1068508286,-70.837000,-13.896000,1,8,2,NONE,,
AAA_BASE,base,2147,37.2888529971,127.1068483220,-71.059000,-13.804000,1,8,2,NONE,,
AAA_BASE,base,2148,37.2888536709,127.1068456573,-71.295000,-13.729000,1,8,2,NONE,,
AAA_BASE,base,2149,37.2888544973,127.1068429926,-71.531000,-13.637000,1,8,2,NONE,,
AAA_BASE,base,2150,37.2888553327,127.1068403279,-71.767000,-13.544000,1,8,2,NONE,,
AAA_BASE,base,2151,37.2888563299,127.1068376632,-72.003000,-13.433000,1,8,2,NONE,,
AAA_BASE,base,2152,37.2888571653,127.1068349872,-72.240000,-13.340000,1,8,2,NONE,,
AAA_BASE,base,2153,37.2888580007,127.1068324918,-72.461000,-13.247000,1,8,2,NONE,,
AAA_BASE,base,2154,37.2888586655,127.1068298271,-72.697000,-13.173000,1,8,2,NONE,,
AAA_BASE,base,2155,37.2888593302,127.1068273205,-72.919000,-13.099000,1,8,2,NONE,,
AAA_BASE,base,2156,37.2888603363,127.1068246558,-73.155000,-12.987000,1,8,2,NONE,,
AAA_BASE,base,2157,37.2888613335,127.1068221604,-73.376000,-12.876000,1,8,2,NONE,,
AAA_BASE,base,2158,37.2888621689,127.1068194957,-73.612000,-12.783000,1,8,2,NONE,,
AAA_BASE,base,2159,37.2888628336,127.1068168197,-73.849000,-12.709000,1,8,2,NONE,,
AAA_BASE,base,2160,37.2888634984,127.1068141550,-74.085000,-12.635000,1,8,2,NONE,,
AAA_BASE,base,2161,37.2888643338,127.1068114903,-74.321000,-12.542000,1,8,2,NONE,,
AAA_BASE,base,2162,37.2888653309,127.1068088256,-74.557000,-12.431000,1,8,2,NONE,,
AAA_BASE,base,2163,37.2888659957,127.1068063303,-74.778000,-12.357000,1,8,2,NONE,,
AAA_BASE,base,2164,37.2888666694,127.1068036543,-75.015000,-12.282000,1,8,2,NONE,,
AAA_BASE,base,2165,37.2888673342,127.1068011589,-75.236000,-12.208000,1,8,2,NONE,,
AAA_BASE,base,2166,37.2888679989,127.1067984942,-75.472000,-12.134000,1,8,2,NONE,,
AAA_BASE,base,2167,37.2888688344,127.1067958295,-75.708000,-12.041000,1,8,2,NONE,,
AAA_BASE,base,2168,37.2888696698,127.1067931535,-75.945000,-11.948000,1,8,2,NONE,,
AAA_BASE,base,2169,37.2888702732,127.1067904813,-76.181670,-11.880827,1,8,2,NONE,,
AAA_BASE,base,2170,37.2888706669,127.1067878241,-76.417000,-11.837000,1,8,2,NONE,,
AAA_BASE,base,2171,37.2888713317,127.1067851594,-76.653000,-11.763000,1,8,2,NONE,,
AAA_BASE,base,2172,37.2888721671,127.1067824947,-76.889000,-11.670000,1,8,2,NONE,,
AAA_BASE,base,2173,37.2888729232,127.1067797923,-77.128336,-11.585827,1,8,2,NONE,,
AAA_BASE,base,2174,37.2888734966,127.1067773234,-77.347000,-11.522000,1,8,2,NONE,,
AAA_BASE,base,2175,37.2888741703,127.1067744893,-77.598000,-11.447000,1,8,2,NONE,,
AAA_BASE,base,2176,37.2888746644,127.1067718246,-77.834000,-11.392000,1,8,2,NONE,,
AAA_BASE,base,2177,37.2888753291,127.1067691599,-78.070000,-11.318000,1,8,2,NONE,,
AAA_BASE,base,2178,37.2888761646,127.1067663258,-78.321000,-11.225000,1,8,2,NONE,,
AAA_BASE,base,2179,37.2888766676,127.1067634917,-78.572000,-11.169000,1,8,2,NONE,,
AAA_BASE,base,2180,37.2888769956,127.1067607291,-78.816670,-11.132493,1,8,2,NONE,,
AAA_BASE,base,2181,37.2888773324,127.1067579929,-79.059000,-11.095000,1,8,2,NONE,,
AAA_BASE,base,2182,37.2888775031,127.1067553282,-79.295000,-11.076000,1,8,2,NONE,,
AAA_BASE,base,2183,37.2888778354,127.1067524942,-79.546000,-11.039000,1,8,2,NONE,,
AAA_BASE,base,2184,37.2888779971,127.1067496601,-79.797000,-11.021000,1,8,2,NONE,,
AAA_BASE,base,2185,37.2888779971,127.1067469954,-80.033000,-11.021000,1,8,2,NONE,,
AAA_BASE,base,2186,37.2888778354,127.1067441613,-80.284000,-11.039000,1,8,2,NONE,,
AAA_BASE,base,2187,37.2888775031,127.1067414966,-80.520000,-11.076000,1,8,2,NONE,,
AAA_BASE,base,2188,37.2888773324,127.1067389900,-80.742000,-11.095000,1,8,2,NONE,,
AAA_BASE,base,2189,37.2888770704,127.1067360768,-81.000003,-11.124160,1,8,2,NONE,,
AAA_BASE,base,2190,37.2888766676,127.1067333218,-81.244000,-11.169000,1,8,2,NONE,,
AAA_BASE,base,2191,37.2888760074,127.1067304313,-81.500003,-11.242493,1,8,2,NONE,,
AAA_BASE,base,2192,37.2888753291,127.1067278230,-81.731000,-11.318000,1,8,2,NONE,,
AAA_BASE,base,2193,37.2888746644,127.1067253277,-81.952000,-11.392000,1,8,2,NONE,,
AAA_BASE,base,2194,37.2888739996,127.1067226630,-82.188000,-11.466000,1,8,2,NONE,,
AAA_BASE,base,2195,37.2888733349,127.1067199870,-82.425000,-11.540000,1,8,2,NONE,,
AAA_BASE,base,2196,37.2888724995,127.1067174917,-82.646000,-11.633000,1,8,2,NONE,,
AAA_BASE,base,2197,37.2888715023,127.1067148270,-82.882000,-11.744000,1,8,2,NONE,,
AAA_BASE,base,2198,37.2888704962,127.1067124897,-83.089000,-11.856000,1,8,2,NONE,,
AAA_BASE,base,2199,37.2888694991,127.1067099943,-83.310000,-11.967000,1,8,2,NONE,,
AAA_BASE,base,2200,37.2888685020,127.1067074877,-83.532000,-12.078000,1,8,2,NONE,,
AAA_BASE,base,2201,37.2888671635,127.1067049924,-83.753000,-12.227000,1,8,2,NONE,,
AAA_BASE,base,2202,37.2888658340,127.1067028245,-83.945000,-12.375000,1,8,2,NONE,,
AAA_BASE,base,2203,37.2888644955,127.1067006566,-84.137000,-12.524000,1,8,2,NONE,,
AAA_BASE,base,2204,37.2888631660,127.1066986581,-84.314000,-12.672000,1,8,2,NONE,,
AAA_BASE,base,2205,37.2888618365,127.1066966595,-84.491000,-12.820000,1,8,2,NONE,,
AAA_BASE,base,2206,37.2888604980,127.1066944916,-84.683000,-12.969000,1,8,2,NONE,,
AAA_BASE,base,2207,37.2888591685,127.1066924931,-84.860000,-13.117000,1,8,2,NONE,,
AAA_BASE,base,2208,37.2888576683,127.1066906639,-85.022000,-13.284000,1,8,2,NONE,,
AAA_BASE,base,2209,37.2888561682,127.1066888235,-85.185000,-13.451000,1,8,2,NONE,,
AAA_BASE,base,2210,37.2888548297,127.1066869943,-85.347000,-13.600000,1,8,2,NONE,,
AAA_BASE,base,2211,37.2888533295,127.1066849958,-85.524000,-13.767000,1,8,2,NONE,,
AAA_BASE,base,2212,37.2888518293,127.1066833247,-85.672000,-13.934000,1,8,2,NONE,,
AAA_BASE,base,2213,37.2888501674,127.1066814955,-85.834000,-14.119000,1,8,2,NONE,,
AAA_BASE,base,2214,37.2888484892,127.1066798282,-85.981670,-14.305827,1,8,2,NONE,,
AAA_BASE,base,2215,37.2888469964,127.1066781534,-86.130000,-14.472000,1,8,2,NONE,,
AAA_BASE,base,2216,37.2888456669,127.1066763242,-86.292000,-14.620000,1,8,2,NONE,,
AAA_BASE,base,2217,37.2888439960,127.1066744950,-86.454000,-14.806000,1,8,2,NONE,,
AAA_BASE,base,2218,37.2888424959,127.1066728239,-86.602000,-14.973000,1,8,2,NONE,,
AAA_BASE,base,2219,37.2888409957,127.1066713222,-86.735000,-15.140000,1,8,2,NONE,,
AAA_BASE,base,2220,37.2888391631,127.1066696624,-86.882000,-15.344000,1,8,2,NONE,,
AAA_BASE,base,2221,37.2888375013,127.1066681607,-87.015000,-15.529000,1,8,2,NONE,,
AAA_BASE,base,2222,37.2888358304,127.1066663203,-87.178000,-15.715000,1,8,2,NONE,,
AAA_BASE,base,2223,37.2888343302,127.1066646605,-87.325000,-15.882000,1,8,2,NONE,,
AAA_BASE,base,2224,37.2888326683,127.1066631587,-87.458000,-16.067000,1,8,2,NONE,,
AAA_BASE,base,2225,37.2888308358,127.1066616570,-87.591000,-16.271000,1,8,2,NONE,,
AAA_BASE,base,2226,37.2888290032,127.1066603247,-87.709000,-16.475000,1,8,2,NONE,,
AAA_BASE,base,2227,37.2888273324,127.1066588229,-87.842000,-16.661000,1,8,2,NONE,,
AAA_BASE,base,2228,37.2888254998,127.1066571631,-87.989000,-16.865000,1,8,2,NONE,,
AAA_BASE,base,2229,37.2888236673,127.1066556614,-88.122000,-17.069000,1,8,2,NONE,,
AAA_BASE,base,2230,37.2888219964,127.1066543291,-88.240000,-17.255000,1,8,2,NONE,,
AAA_BASE,base,2231,37.2888201639,127.1066529967,-88.358000,-17.459000,1,8,2,NONE,,
AAA_BASE,base,2232,37.2888183313,127.1066516531,-88.477000,-17.663000,1,8,2,NONE,,
AAA_BASE,base,2233,37.2888166694,127.1066501626,-88.609000,-17.848000,1,8,2,NONE,,
AAA_BASE,base,2234,37.2888149986,127.1066486609,-88.742000,-18.034000,1,8,2,NONE,,
AAA_BASE,base,2235,37.2888133367,127.1066471592,-88.875000,-18.219000,1,8,2,NONE,,
AAA_BASE,base,2236,37.2888116658,127.1066458268,-88.993000,-18.405000,1,8,2,NONE,,
AAA_BASE,base,2237,37.2888088361,127.1066441558,-89.141000,-18.720000,1,8,2,NONE,,
AAA_BASE,base,2238,37.2888071653,127.1066428234,-89.259000,-18.906000,1,8,2,NONE,,
AAA_BASE,base,2239,37.2888051710,127.1066414911,-89.377000,-19.128000,1,8,2,NONE,,
AAA_BASE,base,2240,37.2888035002,127.1066403281,-89.480000,-19.314000,1,8,2,NONE,,
AAA_BASE,base,2241,37.2888015657,127.1066392742,-89.573336,-19.529345,1,8,2,NONE,,
AAA_BASE,base,2242,37.2887996644,127.1066383295,-89.657000,-19.741000,1,8,2,NONE,,
AAA_BASE,base,2243,37.2887980025,127.1066373246,-89.746000,-19.926000,1,8,2,NONE,,
AAA_BASE,base,2244,37.2887959993,127.1066361616,-89.849000,-20.149000,1,8,2,NONE,,
AAA_BASE,base,2245,37.2887941667,127.1066349874,-89.953000,-20.353000,1,8,2,NONE,,
AAA_BASE,base,2246,37.2887923342,127.1066339937,-90.041000,-20.557000,1,8,2,NONE,,
AAA_BASE,base,2247,37.2887903309,127.1066329888,-90.130000,-20.780000,1,8,2,NONE,,
AAA_BASE,base,2248,37.2887881660,127.1066321533,-90.204000,-21.021000,1,8,2,NONE,,
AAA_BASE,base,2249,37.2887862279,127.1066312240,-90.286299,-21.236753,1,8,2,NONE,,
AAA_BASE,base,2250,37.2887841685,127.1066299967,-90.395000,-21.466000,1,8,2,NONE,,
AAA_BASE,base,2251,37.2887821653,127.1066288224,-90.499000,-21.689000,1,8,2,NONE,,
AAA_BASE,base,2252,37.2887803327,127.1066276594,-90.602000,-21.893000,1,8,2,NONE,,
AAA_BASE,base,2253,37.2887781678,127.1066264964,-90.705000,-22.134000,1,8,2,NONE,,
AAA_BASE,base,2254,37.2887761646,127.1066254915,-90.794000,-22.357000,1,8,2,NONE,,
AAA_BASE,base,2255,37.2887741703,127.1066241592,-90.912000,-22.579000,1,8,2,NONE,,
AAA_BASE,base,2256,37.2887721671,127.1066229962,-91.015000,-22.802000,1,8,2,NONE,,
AAA_BASE,base,2257,37.2887701639,127.1066219913,-91.104000,-23.025000,1,8,2,NONE,,
AAA_BASE,base,2258,37.2887680454,127.1066211038,-91.182596,-23.260827,1,8,2,NONE,,
AAA_BASE,base,2259,37.2887659957,127.1066203202,-91.252000,-23.489000,1,8,2,NONE,,
AAA_BASE,base,2260,37.2887641631,127.1066196540,-91.311000,-23.693000,1,8,2,NONE,,
AAA_BASE,base,2261,37.2887621689,127.1066186604,-91.399000,-23.915000,1,8,2,NONE,,
AAA_BASE,base,2262,37.2887603363,127.1066178248,-91.473000,-24.119000,1,8,2,NONE,,
AAA_BASE,base,2263,37.2887583331,127.1066169893,-91.547000,-24.342000,1,8,2,NONE,,
AAA_BASE,base,2264,37.2887565005,127.1066163231,-91.606000,-24.546000,1,8,2,NONE,,
AAA_BASE,base,2265,37.2887547870,127.1066154792,-91.680744,-24.736753,1,8,2,NONE,,
AAA_BASE,base,2266,37.2887531678,127.1066146633,-91.753000,-24.917000,1,8,2,NONE,,
AAA_BASE,base,2267,37.2887514969,127.1066136584,-91.842000,-25.103000,1,8,2,NONE,,
AAA_BASE,base,2268,37.2887501674,127.1066129922,-91.901000,-25.251000,1,8,2,NONE,,
AAA_BASE,base,2269,37.2887487650,127.1066123637,-91.956670,-25.407123,1,8,2,NONE,,
AAA_BASE,base,2270,37.2887474995,127.1066118293,-92.004000,-25.548000,1,8,2,NONE,,
AAA_BASE,base,2271,37.2887461700,127.1066113212,-92.049000,-25.696000,1,8,2,NONE,,
AAA_BASE,base,2272,37.2887451385,127.1066109627,-92.080744,-25.810827,1,8,2,STOP_LINE,,
AAA_BASE,base,2273,37.2887440239,127.1066105027,-92.121484,-25.934901,1,8,2,NONE,,
AAA_BASE,base,2274,37.2887420276,127.1066095827,-92.202966,-26.157123,1,8,2,NONE,,
AAA_BASE,base,2275,37.2887406136,127.1066089136,-92.262225,-26.314530,1,8,2,NONE,,
AAA_BASE,base,2276,37.2887389501,127.1066082863,-92.317781,-26.499716,1,8,2,NONE,,
AAA_BASE,base,2277,37.2887376359,127.1066077008,-92.369633,-26.646012,1,8,2,NONE,,
AAA_BASE,base,2278,37.2887362219,127.1066069272,-92.438151,-26.803419,1,8,2,NONE,,
AAA_BASE,base,2279,37.2887346626,127.1066059917,-92.521000,-26.977000,1,8,2,NONE,,
AAA_BASE,base,2280,37.2887334271,127.1066053799,-92.575188,-27.114530,1,8,2,NONE,,
AAA_BASE,base,2281,37.2887322460,127.1066048572,-92.621484,-27.246012,1,8,2,NONE,,
AAA_BASE,base,2282,37.2887316472,127.1066046271,-92.641855,-27.312679,1,9,2,NONE,,
AAA_BASE,base,2283,37.2887303995,127.1066041880,-92.680744,-27.451567,1,9,2,NONE,,
AAA_BASE,base,2284,37.2887292018,127.1066036862,-92.725188,-27.584901,1,9,2,NONE,,
AAA_BASE,base,2285,37.2887273885,127.1066027244,-92.810373,-27.786753,1,9,2,NONE,,
AAA_BASE,base,2286,37.2887260029,127.1066019947,-92.875000,-27.941000,1,9,2,NONE,,
AAA_BASE,base,2287,37.2887245027,127.1066013285,-92.934000,-28.108000,1,9,2,NONE,,
AAA_BASE,base,2288,37.2887225809,127.1066004662,-93.010373,-28.321938,1,9,2,NONE,,
AAA_BASE,base,2289,37.2887208376,127.1065996574,-93.082000,-28.516000,1,9,2,NONE,,
AAA_BASE,base,2290,37.2887189960,127.1065984944,-93.185000,-28.721000,1,9,2,NONE,,
AAA_BASE,base,2291,37.2887173342,127.1065974895,-93.274000,-28.906000,1,9,2,NONE,,
AAA_BASE,base,2292,37.2887155016,127.1065964959,-93.362000,-29.110000,1,9,2,NONE,,
AAA_BASE,base,2293,37.2887140014,127.1065958297,-93.421000,-29.277000,1,9,2,NONE,,
AAA_BASE,base,2294,37.2887118365,127.1065949942,-93.495000,-29.518000,1,9,2,NONE,,
AAA_BASE,base,2295,37.2887098333,127.1065941586,-93.569000,-29.741000,1,9,2,NONE,,
AAA_BASE,base,2296,37.2887080007,127.1065933231,-93.643000,-29.945000,1,9,2,NONE,,
AAA_BASE,base,2297,37.2887059975,127.1065923295,-93.731000,-30.168000,1,9,2,NONE,,
AAA_BASE,base,2298,37.2887041649,127.1065916633,-93.790000,-30.372000,1,9,2,NONE,,
AAA_BASE,base,2299,37.2887025031,127.1065908277,-93.864000,-30.557000,1,9,2,NONE,,
AAA_BASE,base,2300,37.2887006705,127.1065899922,-93.938000,-30.761000,1,9,2,NONE,,
AAA_BASE,base,2301,37.2886986673,127.1065889873,-94.027000,-30.984000,1,9,2,NONE,,
AAA_BASE,base,2302,37.2886968347,127.1065878243,-94.130000,-31.188000,1,9,2,NONE,,
AAA_BASE,base,2303,37.2886946698,127.1065866613,-94.233000,-31.429000,1,9,2,NONE,,
AAA_BASE,base,2304,37.2886930381,127.1065855698,-94.329668,-31.610642,1,9,2,NONE,,
AAA_BASE,base,2305,37.2886913370,127.1065846628,-94.410000,-31.800000,1,9,2,NONE,,
AAA_BASE,base,2306,37.2886893338,127.1065838272,-94.484000,-32.023000,1,9,2,NONE,,
AAA_BASE,base,2307,37.2886875883,127.1065829729,-94.559668,-32.217308,1,9,2,NONE,,
AAA_BASE,base,2308,37.2886858304,127.1065819868,-94.647000,-32.413000,1,9,2,NONE,,
AAA_BASE,base,2309,37.2886838361,127.1065809932,-94.735000,-32.635000,1,9,2,NONE,,
AAA_BASE,base,2310,37.2886818329,127.1065799883,-94.824000,-32.858000,1,9,2,NONE,,
AAA_BASE,base,2311,37.2886798297,127.1065789946,-94.912000,-33.081000,1,9,2,NONE,,
AAA_BASE,base,2312,37.2886778354,127.1065781591,-94.986000,-33.303000,1,9,2,NONE,,
AAA_BASE,base,2313,37.2886760029,127.1065771542,-95.075000,-33.507000,1,9,2,NONE,,
AAA_BASE,base,2314,37.2886739996,127.1065759912,-95.178000,-33.730000,1,9,2,NONE,,
AAA_BASE,base,2315,37.2886721671,127.1065746588,-95.296000,-33.934000,1,9,2,NONE,,
AAA_BASE,base,2316,37.2886703345,127.1065736539,-95.385000,-34.138000,1,9,2,NONE,,
AAA_BASE,base,2317,37.2886683313,127.1065728297,-95.458000,-34.361000,1,9,2,NONE,,
AAA_BASE,base,2318,37.2886663370,127.1065721635,-95.517000,-34.583000,1,9,2,NONE,,
AAA_BASE,base,2319,37.2886645045,127.1065713280,-95.591000,-34.787000,1,9,2,NONE,,
AAA_BASE,base,2320,37.2886626630,127.1065703231,-95.680000,-34.992000,1,9,2,NONE,,
AAA_BASE,base,2321,37.2886606687,127.1065689907,-95.798000,-35.214000,1,9,2,NONE,,
AAA_BASE,base,2322,37.2886586655,127.1065679971,-95.886000,-35.437000,1,9,2,NONE,,
AAA_BASE,base,2323,37.2886566622,127.1065673196,-95.946000,-35.660000,1,9,2,NONE,,
AAA_BASE,base,2324,37.2886546680,127.1065664954,-96.019000,-35.882000,1,9,2,NONE,,
AAA_BASE,base,2325,37.2886528354,127.1065656598,-96.093000,-36.086000,1,9,2,NONE,,
AAA_BASE,base,2326,37.2886508322,127.1065646549,-96.182000,-36.309000,1,9,2,NONE,,
AAA_BASE,base,2327,37.2886488290,127.1065636613,-96.270000,-36.532000,1,9,2,NONE,,
AAA_BASE,base,2328,37.2886468347,127.1065628257,-96.344000,-36.754000,1,9,2,NONE,,
AAA_BASE,base,2329,37.2886448603,127.1065620885,-96.409298,-36.973790,1,9,2,NONE,,
AAA_BASE,base,2330,37.2886430138,127.1065613148,-96.477816,-37.179346,1,9,2,NONE,,
AAA_BASE,base,2331,37.2886413370,127.1065604885,-96.551000,-37.366000,1,9,2,NONE,,
AAA_BASE,base,2332,37.2886393338,127.1065593255,-96.654000,-37.589000,1,9,2,NONE,,
AAA_BASE,base,2333,37.2886376572,127.1065585966,-96.718557,-37.775642,1,9,2,NONE,,
AAA_BASE,base,2334,37.2886356687,127.1065576544,-96.802000,-37.997000,1,9,2,NONE,,
AAA_BASE,base,2335,37.2886338361,127.1065569882,-96.861000,-38.201000,1,9,2,NONE,,
AAA_BASE,base,2336,37.2886318329,127.1065563221,-96.920000,-38.424000,1,9,2,NONE,,
AAA_BASE,base,2337,37.2886298297,127.1065554865,-96.994000,-38.647000,1,9,2,NONE,,
AAA_BASE,base,2338,37.2886277591,127.1065548329,-97.051890,-38.877494,1,9,2,NONE,,
AAA_BASE,base,2339,37.2886258322,127.1065543235,-97.097000,-39.092000,1,9,2,NONE,,
AAA_BASE,base,2340,37.2886238290,127.1065539961,-97.126000,-39.315000,1,9,2,NONE,,
AAA_BASE,base,2341,37.2886218347,127.1065536573,-97.156000,-39.537000,1,9,2,NONE,,
AAA_BASE,base,2342,37.2886200022,127.1065533299,-97.185000,-39.741000,1,9,2,NONE,,
AAA_BASE,base,2343,37.2886180441,127.1065530765,-97.207446,-39.958975,1,9,2,NONE,,
AAA_BASE,base,2344,37.2886160145,127.1065529301,-97.220409,-40.184901,1,9,2,NONE,,
AAA_BASE,base,2345,37.2886141514,127.1065528046,-97.231520,-40.392308,1,9,2,NONE,,
AAA_BASE,base,2346,37.2886121551,127.1065529301,-97.220409,-40.614531,1,9,2,NONE,,
AAA_BASE,base,2347,37.2886103363,127.1065529912,-97.215000,-40.817000,1,9,2,NONE,,
AAA_BASE,base,2348,37.2886081624,127.1065529912,-97.215000,-41.059000,1,9,2,NONE,,
AAA_BASE,base,2349,37.2886063299,127.1065529912,-97.215000,-41.263000,1,9,2,NONE,,
AAA_BASE,base,2350,37.2886044529,127.1065532437,-97.192631,-41.471938,1,9,2,NONE,,
AAA_BASE,base,2351,37.2886026896,127.1065536828,-97.153742,-41.668234,1,9,2,NONE,,
AAA_BASE,base,2352,37.2886008322,127.1065543235,-97.097000,-41.875000,1,9,2,NONE,,
AAA_BASE,base,2353,37.2885989996,127.1065549897,-97.038000,-42.079000,1,9,2,NONE,,
AAA_BASE,base,2354,37.2885971671,127.1065558252,-96.964000,-42.283000,1,9,2,NONE,,
AAA_BASE,base,2355,37.2885955031,127.1065568402,-96.874113,-42.468234,1,9,2,NONE,,
AAA_BASE,base,2356,37.2885936566,127.1065582620,-96.748187,-42.673790,1,9,2,NONE,,
AAA_BASE,base,2357,37.2885923342,127.1065593255,-96.654000,-42.821000,1,9,2,NONE,,
AAA_BASE,base,2358,37.2885909957,127.1065606578,-96.536000,-42.970000,1,9,2,NONE,,
AAA_BASE,base,2359,37.2885894955,127.1065619902,-96.418000,-43.137000,1,9,2,NONE,,
AAA_BASE,base,2360,37.2885880043,127.1065631532,-96.315000,-43.303000,1,9,2,NONE,,
AAA_BASE,base,2361,37.2885865041,127.1065644968,-96.196000,-43.470000,1,9,2,NONE,,
AAA_BASE,base,2362,37.2885852890,127.1065657476,-96.085224,-43.605271,1,9,2,NONE,,
AAA_BASE,base,2363,37.2885840247,127.1065672531,-95.951890,-43.746012,1,9,2,NONE,,
AAA_BASE,base,2364,37.2885827105,127.1065689468,-95.801890,-43.892308,1,9,2,NONE,,
AAA_BASE,base,2365,37.2885815127,127.1065703059,-95.681520,-44.025642,1,9,2,NONE,,
AAA_BASE,base,2366,37.2885803327,127.1065714973,-95.576000,-44.157000,1,9,2,NONE,,
AAA_BASE,base,2367,37.2885793356,127.1065726603,-95.473000,-44.268000,1,9,2,NONE,,
AAA_BASE,base,2368,37.2885779971,127.1065741620,-95.340000,-44.417000,1,9,2,NONE,,
AAA_BASE,base,2369,37.2885769713,127.1065754914,-95.222261,-44.531197,1,9,2,NONE,,
AAA_BASE,base,2370,37.2885760029,127.1065769961,-95.089000,-44.639000,1,9,2,NONE,,
AAA_BASE,base,2371,37.2885751674,127.1065783285,-94.971000,-44.732000,1,9,2,NONE,,
AAA_BASE,base,2372,37.2885743320,127.1065796608,-94.853000,-44.825000,1,9,2,NONE,,
AAA_BASE,base,2373,37.2885732450,127.1065814925,-94.690779,-44.946012,1,9,2,NONE,,
AAA_BASE,base,2374,37.2885722136,127.1065834161,-94.520409,-45.060827,1,9,2,NONE,,
AAA_BASE,base,2375,37.2885712986,127.1065853189,-94.351890,-45.162679,1,9,2,NONE,,
AAA_BASE,base,2376,37.2885704962,127.1065873275,-94.174000,-45.252000,1,9,2,NONE,,
AAA_BASE,base,2377,37.2885694991,127.1065893260,-93.997000,-45.363000,1,9,2,NONE,,
AAA_BASE,base,2378,37.2885686637,127.1065913246,-93.820000,-45.456000,1,9,2,NONE,,
AAA_BASE,base,2379,37.2885676665,127.1065933231,-93.643000,-45.567000,1,9,2,NONE,,
AAA_BASE,base,2380,37.2885666656,127.1065953844,-93.460443,-45.678420,1,9,2,NONE,,
AAA_BASE,base,2381,37.2885657374,127.1065974732,-93.275443,-45.781753,1,9,2,NONE,,
AAA_BASE,base,2382,37.2885649986,127.1065994880,-93.097000,-45.864000,1,9,2,NONE,,
AAA_BASE,base,2383,37.2885641631,127.1066016559,-92.905000,-45.957000,1,9,2,NONE,,
AAA_BASE,base,2384,37.2885631660,127.1066036545,-92.728000,-46.068000,1,9,2,NONE,,
AAA_BASE,base,2385,37.2885621689,127.1066056530,-92.551000,-46.179000,1,9,2,NONE,,
AAA_BASE,base,2386,37.2885612159,127.1066078423,-92.357109,-46.285086,1,9,2,NONE,,
AAA_BASE,base,2387,37.2885604673,127.1066096488,-92.197109,-46.368420,1,9,2,NONE,,
AAA_BASE,base,2388,37.2885597936,127.1066115871,-92.025443,-46.443420,1,9,2,NONE,,
AAA_BASE,base,2389,37.2885589978,127.1066136584,-91.842000,-46.532000,1,9,2,NONE,,
AAA_BASE,base,2390,37.2885581624,127.1066156569,-91.665000,-46.625000,1,9,2,NONE,,
AAA_BASE,base,2391,37.2885573360,127.1066174974,-91.502000,-46.717000,1,9,2,NONE,,
AAA_BASE,base,2392,37.2885566944,127.1066192839,-91.343776,-46.788420,1,9,2,NONE,,
AAA_BASE,base,2393,37.2885560806,127.1066213352,-91.162109,-46.856753,1,9,2,NONE,,
AAA_BASE,base,2394,37.2885555034,127.1066231543,-91.001000,-46.921000,1,9,2,NONE,,
AAA_BASE,base,2395,37.2885548297,127.1066249947,-90.838000,-46.996000,1,9,2,NONE,,
AAA_BASE,base,2396,37.2885541649,127.1066266545,-90.691000,-47.070000,1,9,2,NONE,,
AAA_BASE,base,2397,37.2885533856,127.1066286367,-90.515443,-47.156753,1,9,2,NONE,,
AAA_BASE,base,2398,37.2885526819,127.1066307821,-90.325443,-47.235086,1,9,2,NONE,,
AAA_BASE,base,2399,37.2885522178,127.1066327768,-90.148776,-47.286753,1,9,2,NONE,,
AAA_BASE,base,2400,37.2885518293,127.1066348293,-89.967000,-47.330000,1,9,2,NONE,,
AAA_BASE,base,2401,37.2885513644,127.1066367664,-89.795443,-47.381753,1,9,2,NONE,,
AAA_BASE,base,2402,37.2885507057,127.1066388552,-89.610443,-47.455086,1,9,2,NONE,,
AAA_BASE,base,2403,37.2885501674,127.1066406555,-89.451000,-47.515000,1,9,2,NONE,,
AAA_BASE,base,2404,37.2885494031,127.1066427318,-89.267109,-47.600086,1,9,2,NONE,,
AAA_BASE,base,2405,37.2885484966,127.1066449913,-89.067000,-47.701000,1,9,2,NONE,,
AAA_BASE,base,2406,37.2885476701,127.1066473286,-88.860000,-47.793000,1,9,2,NONE,,
AAA_BASE,base,2407,37.2885468429,127.1066495065,-88.667109,-47.885086,1,9,2,NONE,,
AAA_BASE,base,2408,37.2885458376,127.1066516531,-88.477000,-47.997000,1,9,2,NONE,,
AAA_BASE,base,2409,37.2885446698,127.1066538210,-88.285000,-48.127000,1,9,2,NONE,,
AAA_BASE,base,2410,37.2885436637,127.1066559889,-88.093000,-48.239000,1,9,2,NONE,,
AAA_BASE,base,2411,37.2885428155,127.1066583701,-87.882109,-48.333420,1,9,2,NONE,,
AAA_BASE,base,2412,37.2885420519,127.1066606471,-87.680443,-48.418420,1,9,2,NONE,,
AAA_BASE,base,2413,37.2885411664,127.1066629894,-87.473000,-48.517000,1,9,2,NONE,,
AAA_BASE,base,2414,37.2885403309,127.1066654960,-87.251000,-48.610000,1,9,2,NONE,,
AAA_BASE,base,2415,37.2885395516,127.1066679299,-87.035443,-48.696753,1,9,2,NONE,,
AAA_BASE,base,2416,37.2885388308,127.1066703286,-86.823000,-48.777000,1,9,2,NONE,,
AAA_BASE,base,2417,37.2885381660,127.1066729933,-86.587000,-48.851000,1,9,2,NONE,,
AAA_BASE,base,2418,37.2885376630,127.1066754887,-86.366000,-48.907000,1,9,2,NONE,,
AAA_BASE,base,2419,37.2885369982,127.1066781534,-86.130000,-48.981000,1,9,2,NONE,,
AAA_BASE,base,2420,37.2885363335,127.1066804906,-85.923000,-49.055000,1,9,2,NONE,,
AAA_BASE,base,2421,37.2885358304,127.1066826585,-85.731000,-49.111000,1,9,2,NONE,,
AAA_BASE,base,2422,37.2885351656,127.1066853232,-85.495000,-49.185000,1,9,2,NONE,,
AAA_BASE,base,2423,37.2885346626,127.1066878299,-85.273000,-49.241000,1,9,2,NONE,,
AAA_BASE,base,2424,37.2885339671,127.1066902299,-85.060443,-49.318420,1,9,2,NONE,,
AAA_BASE,base,2425,37.2885332335,127.1066925822,-84.852109,-49.400086,1,9,2,NONE,,
AAA_BASE,base,2426,37.2885323360,127.1066949884,-84.639000,-49.500000,1,9,2,NONE,,
AAA_BASE,base,2427,37.2885313299,127.1066973257,-84.432000,-49.612000,1,9,2,NONE,,
AAA_BASE,base,2428,37.2885305034,127.1066998210,-84.211000,-49.704000,1,9,2,NONE,,
AAA_BASE,base,2429,37.2885298297,127.1067023277,-83.989000,-49.779000,1,9,2,NONE,,
AAA_BASE,base,2430,37.2885290032,127.1067046536,-83.783000,-49.871000,1,9,2,NONE,,
AAA_BASE,base,2431,37.2885281678,127.1067071603,-83.561000,-49.964000,1,9,2,NONE,,
AAA_BASE,base,2432,37.2885272448,127.1067096130,-83.343776,-50.066753,1,9,2,NONE,,
AAA_BASE,base,2433,37.2885264969,127.1067118235,-83.148000,-50.150000,1,9,2,NONE,,
AAA_BASE,base,2434,37.2885256705,127.1067143301,-82.926000,-50.242000,1,9,2,NONE,,
AAA_BASE,base,2435,37.2885250439,127.1067167076,-82.715443,-50.311753,1,9,2,NONE,,
AAA_BASE,base,2436,37.2885243320,127.1067191627,-82.498000,-50.391000,1,9,2,NONE,,
AAA_BASE,base,2437,37.2885233349,127.1067216581,-82.277000,-50.502000,1,9,2,NONE,,
AAA_BASE,base,2438,37.2885226701,127.1067239954,-82.070000,-50.576000,1,9,2,NONE,,
AAA_BASE,base,2439,37.2885218347,127.1067266601,-81.834000,-50.669000,1,9,2,NONE,,
AAA_BASE,base,2440,37.2885212261,127.1067290525,-81.622109,-50.736753,1,9,2,NONE,,
AAA_BASE,base,2441,37.2885204962,127.1067316620,-81.391000,-50.818000,1,9,2,NONE,,
AAA_BASE,base,2442,37.2885194991,127.1067341574,-81.170000,-50.929000,1,9,2,NONE,,
AAA_BASE,base,2443,37.2885186637,127.1067366640,-80.948000,-51.022000,1,9,2,NONE,,
AAA_BASE,base,2444,37.2885178372,127.1067389900,-80.742000,-51.114000,1,9,2,NONE,,
AAA_BASE,base,2445,37.2885170018,127.1067413272,-80.535000,-51.207000,1,9,2,NONE,,
AAA_BASE,base,2446,37.2885159957,127.1067436532,-80.329000,-51.319000,1,9,2,NONE,,
AAA_BASE,base,2447,37.2885151692,127.1067461598,-80.107000,-51.411000,1,9,2,NONE,,
AAA_BASE,base,2448,37.2885141631,127.1067486552,-79.886000,-51.523000,1,9,2,NONE,,
AAA_BASE,base,2449,37.2885133367,127.1067511618,-79.664000,-51.615000,1,9,2,NONE,,
AAA_BASE,base,2450,37.2885125013,127.1067538265,-79.428000,-51.708000,1,9,2,NONE,,
AAA_BASE,base,2451,37.2885113335,127.1067576542,-79.089000,-51.838000,1,9,2,NONE,,
AAA_BASE,base,2452,37.2885104980,127.1067601608,-78.867000,-51.931000,1,9,2,NONE,,
AAA_BASE,base,2453,37.2885095009,127.1067626562,-78.646000,-52.042000,1,9,2,NONE,,
AAA_BASE,base,2454,37.2885086655,127.1067649934,-78.439000,-52.135000,1,9,2,NONE,,
AAA_BASE,base,2455,37.2885080007,127.1067673307,-78.232000,-52.209000,1,9,2,NONE,,
AAA_BASE,base,2456,37.2885071653,127.1067699954,-77.996000,-52.302000,1,9,2,NONE,,
AAA_BASE,base,2457,37.2885063740,127.1067725422,-77.770443,-52.390086,1,9,2,NONE,,
AAA_BASE,base,2458,37.2885055034,127.1067749974,-77.553000,-52.487000,1,9,2,NONE,,
AAA_BASE,base,2459,37.2885044973,127.1067774927,-77.332000,-52.599000,1,9,2,NONE,,
AAA_BASE,base,2460,37.2885036709,127.1067801574,-77.096000,-52.691000,1,9,2,NONE,,
AAA_BASE,base,2461,37.2885028354,127.1067826641,-76.874000,-52.784000,1,9,2,NONE,,
AAA_BASE,base,2462,37.2885021519,127.1067852636,-76.643776,-52.860086,1,9,2,NONE,,
AAA_BASE,base,2463,37.2885014969,127.1067878241,-76.417000,-52.933000,1,9,2,NONE,,
AAA_BASE,base,2464,37.2885006705,127.1067903307,-76.195000,-53.025000,1,9,2,NONE,,
AAA_BASE,base,2465,37.2884997714,127.1067924899,-76.003776,-53.125086,1,9,2,NONE,,
AAA_BASE,base,2466,37.2884988290,127.1067949940,-75.782000,-53.230000,1,9,2,NONE,,
AAA_BASE,base,2467,37.2884980025,127.1067974893,-75.561000,-53.322000,1,9,2,NONE,,
AAA_BASE,base,2468,37.2884973378,127.1067999960,-75.339000,-53.396000,1,9,2,NONE,,
AAA_BASE,base,2469,37.2884965023,127.1068024913,-75.118000,-53.489000,1,9,2,NONE,,
AAA_BASE,base,2470,37.2884954962,127.1068049866,-74.897000,-53.601000,1,9,2,NONE,,
AAA_BASE,base,2471,37.2884944714,127.1068074130,-74.682109,-53.715086,1,9,2,NONE,,
AAA_BASE,base,2472,37.2884936637,127.1068096612,-74.483000,-53.805000,1,9,2,NONE,,
AAA_BASE,base,2473,37.2884928372,127.1068123259,-74.247000,-53.897000,1,9,2,NONE,,
AAA_BASE,base,2474,37.2884920310,127.1068145452,-74.050443,-53.986753,1,9,2,NONE,,
AAA_BASE,base,2475,37.2884909957,127.1068173278,-73.804000,-54.102000,1,9,2,NONE,,
AAA_BASE,base,2476,37.2884899986,127.1068196538,-73.598000,-54.213000,1,9,2,NONE,,
AAA_BASE,base,2477,37.2884891631,127.1068221604,-73.376000,-54.306000,1,9,2,NONE,,
AAA_BASE,base,2478,37.2884883367,127.1068248252,-73.140000,-54.398000,1,9,2,NONE,,
AAA_BASE,base,2479,37.2884877191,127.1068273418,-72.917109,-54.466753,1,9,2,NONE,,
AAA_BASE,base,2480,37.2884869982,127.1068301546,-72.668000,-54.547000,1,9,2,NONE,,
AAA_BASE,base,2481,37.2884861628,127.1068329886,-72.417000,-54.640000,1,9,2,NONE,,
AAA_BASE,base,2482,37.2884853363,127.1068356533,-72.181000,-54.732000,1,9,2,NONE,,
AAA_BASE,base,2483,37.2884845009,127.1068383293,-71.944000,-54.825000,1,9,2,NONE,,
AAA_BASE,base,2484,37.2884838563,127.1068409853,-71.708776,-54.896753,1,9,2,NONE,,
AAA_BASE,base,2485,37.2884831624,127.1068436588,-71.472000,-54.974000,1,9,2,NONE,,
AAA_BASE,base,2486,37.2884823360,127.1068464928,-71.221000,-55.066000,1,9,2,NONE,,
AAA_BASE,base,2487,37.2884815005,127.1068491575,-70.985000,-55.159000,1,9,2,NONE,,
AAA_BASE,base,2488,37.2884806651,127.1068519916,-70.734000,-55.252000,1,9,2,NONE,,
AAA_BASE,base,2489,37.2884798297,127.1068546563,-70.498000,-55.345000,1,9,2,NONE,,
AAA_BASE,base,2490,37.2884791649,127.1068574904,-70.247000,-55.419000,1,9,2,NONE,,
AAA_BASE,base,2491,37.2884783295,127.1068601551,-70.011000,-55.512000,1,9,2,NONE,,
AAA_BASE,base,2492,37.2884773324,127.1068629892,-69.760000,-55.623000,1,9,2,NONE,,
AAA_BASE,base,2493,37.2884761646,127.1068656539,-69.524000,-55.753000,1,9,2,NONE,,
AAA_BASE,base,2494,37.2884753291,127.1068683299,-69.287000,-55.846000,1,9,2,NONE,,
AAA_BASE,base,2495,37.2884745027,127.1068711640,-69.036000,-55.938000,1,9,2,NONE,,
AAA_BASE,base,2496,37.2884734966,127.1068736593,-68.815000,-56.050000,1,9,2,NONE,,
AAA_BASE,base,2497,37.2884723378,127.1068764934,-68.564000,-56.179000,1,9,2,NONE,,
AAA_BASE,base,2498,37.2884713317,127.1068789887,-68.343000,-56.291000,1,9,2,NONE,,
AAA_BASE,base,2499,37.2884701870,127.1068815769,-68.113776,-56.418420,1,9,2,NONE,,
AAA_BASE,base,2500,37.2884693374,127.1068841600,-67.885000,-56.513000,1,9,2,NONE,,
AAA_BASE,base,2501,37.2884683313,127.1068868248,-67.649000,-56.625000,1,9,2,NONE,,
AAA_BASE,base,2502,37.2884673342,127.1068894895,-67.413000,-56.736000,1,9,2,NONE,,
AAA_BASE,base,2503,37.2884663370,127.1068923235,-67.162000,-56.847000,1,9,2,NONE,,
AAA_BASE,base,2504,37.2884653309,127.1068951576,-66.911000,-56.959000,1,9,2,NONE,,
AAA_BASE,base,2505,37.2884643338,127.1068978223,-66.675000,-57.070000,1,9,2,NONE,,
AAA_BASE,base,2506,37.2884633367,127.1069008258,-66.409000,-57.181000,1,9,2,NONE,,
AAA_BASE,base,2507,37.2884623306,127.1069033211,-66.188000,-57.293000,1,9,2,NONE,,
AAA_BASE,base,2508,37.2884613335,127.1069063245,-65.922000,-57.404000,1,9,2,NONE,,
AAA_BASE,base,2509,37.2884604980,127.1069089892,-65.686000,-57.497000,1,9,2,NONE,,
AAA_BASE,base,2510,37.2884596626,127.1069116540,-65.450000,-57.590000,1,9,2,NONE,,
AAA_BASE,base,2511,37.2884588361,127.1069144880,-65.199000,-57.682000,1,9,2,NONE,,
AAA_BASE,base,2512,37.2884580007,127.1069171640,-64.962000,-57.775000,1,9,2,NONE,,
AAA_BASE,base,2513,37.2884571653,127.1069196594,-64.741000,-57.868000,1,9,2,NONE,,
AAA_BASE,base,2514,37.2884561682,127.1069221547,-64.520000,-57.979000,1,9,2,NONE,,
AAA_BASE,base,2515,37.2884553327,127.1069248307,-64.283000,-58.072000,1,9,2,NONE,,
AAA_BASE,base,2516,37.2884544973,127.1069274954,-64.047000,-58.165000,1,9,2,NONE,,
AAA_BASE,base,2517,37.2884538326,127.1069303295,-63.796000,-58.239000,1,9,2,NONE,,
AAA_BASE,base,2518,37.2884529971,127.1069329942,-63.560000,-58.332000,1,9,2,NONE,,
AAA_BASE,base,2519,37.2884521707,127.1069356589,-63.324000,-58.424000,1,9,2,NONE,,
AAA_BASE,base,2520,37.2884512327,127.1069382772,-63.092109,-58.528420,1,9,2,NONE,,
AAA_BASE,base,2521,37.2884503291,127.1069411577,-62.837000,-58.629000,1,9,2,NONE,,
AAA_BASE,base,2522,37.2884495027,127.1069441611,-62.571000,-58.721000,1,9,2,NONE,,
AAA_BASE,base,2523,37.2884486673,127.1069468258,-62.335000,-58.814000,1,9,2,NONE,,
AAA_BASE,base,2524,37.2884476701,127.1069498293,-62.069000,-58.925000,1,9,2,NONE,,
AAA_BASE,base,2525,37.2884466640,127.1069523246,-61.848000,-59.037000,1,9,2,NONE,,
AAA_BASE,base,2526,37.2884458376,127.1069549893,-61.612000,-59.129000,1,9,2,NONE,,
AAA_BASE,base,2527,37.2884450022,127.1069576540,-61.376000,-59.222000,1,9,2,NONE,,
AAA_BASE,base,2528,37.2884439960,127.1069604881,-61.125000,-59.334000,1,9,2,NONE,,
AAA_BASE,base,2529,37.2884428372,127.1069633222,-60.874000,-59.463000,1,9,2,NONE,,
AAA_BASE,base,2530,37.2884418311,127.1069661562,-60.623000,-59.575000,1,9,2,NONE,,
AAA_BASE,base,2531,37.2884406633,127.1069688210,-60.387000,-59.705000,1,9,2,NONE,,
AAA_BASE,base,2532,37.2884398369,127.1069714970,-60.150000,-59.797000,1,9,2,NONE,,
AAA_BASE,base,2533,37.2884390014,127.1069743197,-59.900000,-59.890000,1,9,2,NONE,,
AAA_BASE,base,2534,37.2884380043,127.1069771538,-59.649000,-60.001000,1,9,2,NONE,,
AAA_BASE,base,2535,37.2884373687,127.1069790570,-59.480443,-60.071753,1,9,2,NONE,,
AAA_BASE,base,2536,37.2884365041,127.1069813202,-59.280000,-60.168000,1,9,2,NONE,,
AAA_BASE,base,2537,37.2884356687,127.1069841543,-59.029000,-60.261000,1,9,2,NONE,,
AAA_BASE,base,2538,37.2884348333,127.1069871577,-58.763000,-60.354000,1,9,2,NONE,,
AAA_BASE,base,2539,37.2884339978,127.1069899918,-58.512000,-60.447000,1,9,2,NONE,,
AAA_BASE,base,2540,37.2884331624,127.1069926565,-58.276000,-60.540000,1,9,2,NONE,,
AAA_BASE,base,2541,37.2884321653,127.1069951632,-58.054000,-60.651000,1,9,2,NONE,,
AAA_BASE,base,2542,37.2884311682,127.1069979972,-57.803000,-60.762000,1,9,2,NONE,,
AAA_BASE,base,2543,37.2884303327,127.1070008200,-57.553000,-60.855000,1,9,2,NONE,,
AAA_BASE,base,2544,37.2884295684,127.1070035964,-57.307109,-60.940086,1,9,2,NONE,,
AAA_BASE,base,2545,37.2884286709,127.1070063301,-57.065000,-61.040000,1,9,2,NONE,,
AAA_BASE,base,2546,37.2884276648,127.1070089948,-56.829000,-61.152000,1,9,2,NONE,,
AAA_BASE,base,2547,37.2884264969,127.1070118289,-56.578000,-61.282000,1,9,2,NONE,,
AAA_BASE,base,2548,37.2884256705,127.1070143242,-56.357000,-61.374000,1,9,2,NONE,,
AAA_BASE,base,2549,37.2884246644,127.1070171583,-56.106000,-61.486000,1,9,2,NONE,,
AAA_BASE,base,2550,37.2884238290,127.1070199924,-55.855000,-61.579000,1,9,2,NONE,,
AAA_BASE,base,2551,37.2884230025,127.1070224877,-55.634000,-61.671000,1,9,2,NONE,,
AAA_BASE,base,2552,37.2884221671,127.1070251637,-55.397000,-61.764000,1,9,2,NONE,,
AAA_BASE,base,2553,37.2884213317,127.1070278284,-55.161000,-61.857000,1,9,2,NONE,,
AAA_BASE,base,2554,37.2884203345,127.1070306625,-54.910000,-61.968000,1,9,2,NONE,,
AAA_BASE,base,2555,37.2884196698,127.1070336546,-54.645000,-62.042000,1,9,2,NONE,,
AAA_BASE,base,2556,37.2884188344,127.1070363306,-54.408000,-62.135000,1,9,2,NONE,,
AAA_BASE,base,2557,37.2884178372,127.1070393228,-54.143000,-62.246000,1,9,2,NONE,,
AAA_BASE,base,2558,37.2884169322,127.1070419863,-53.907109,-62.346753,1,9,2,NONE,,
AAA_BASE,base,2559,37.2884161664,127.1070448216,-53.656000,-62.432000,1,9,2,NONE,,
AAA_BASE,base,2560,37.2884155016,127.1070476556,-53.405000,-62.506000,1,9,2,NONE,,
AAA_BASE,base,2561,37.2884146662,127.1070504897,-53.154000,-62.599000,1,9,2,NONE,,
AAA_BASE,base,2562,37.2884138308,127.1070533238,-52.903000,-62.692000,1,9,2,NONE,,
AAA_BASE,base,2563,37.2884128336,127.1070559885,-52.667000,-62.803000,1,9,2,NONE,,
AAA_BASE,base,2564,37.2884119982,127.1070588226,-52.416000,-62.896000,1,9,2,NONE,,
AAA_BASE,base,2565,37.2884111628,127.1070616566,-52.165000,-62.989000,1,9,2,NONE,,
AAA_BASE,base,2566,37.2884103363,127.1070643213,-51.929000,-63.081000,1,9,2,NONE,,
AAA_BASE,base,2567,37.2884093302,127.1070669973,-51.692000,-63.193000,1,9,2,NONE,,
AAA_BASE,base,2568,37.2884086655,127.1070684878,-51.560000,-63.267000,1,9,2,NONE,,
AAA_BASE,base,2569,37.2884076683,127.1070709944,-51.338000,-63.378000,1,9,2,NONE,,
AAA_BASE,base,2570,37.2884068329,127.1070736591,-51.102000,-63.471000,1,9,2,NONE,,
AAA_BASE,base,2571,37.2884059975,127.1070764932,-50.851000,-63.564000,1,9,2,NONE,,
AAA_BASE,base,2572,37.2884053327,127.1070791579,-50.615000,-63.638000,1,9,2,NONE,,
AAA_BASE,base,2573,37.2884044973,127.1070818226,-50.379000,-63.731000,1,9,2,NONE,,
AAA_BASE,base,2574,37.2884036709,127.1070846567,-50.128000,-63.823000,1,9,2,NONE,,
AAA_BASE,base,2575,37.2884026648,127.1070874907,-49.877000,-63.935000,1,9,2,NONE,,
AAA_BASE,base,2576,37.2884018293,127.1070901554,-49.641000,-64.028000,1,9,2,NONE,,
AAA_BASE,base,2577,37.2884010029,127.1070929895,-49.390000,-64.120000,1,9,2,NONE,,
AAA_BASE,base,2578,37.2884001674,127.1070958236,-49.139000,-64.213000,1,9,2,NONE,,
AAA_BASE,base,2579,37.2883991703,127.1070984883,-48.903000,-64.324000,1,9,2,NONE,,
AAA_BASE,base,2580,37.2883983349,127.1071013224,-48.652000,-64.417000,1,9,2,NONE,,
AAA_BASE,base,2581,37.2883974995,127.1071039871,-48.416000,-64.510000,1,9,2,NONE,,
AAA_BASE,base,2582,37.2883966640,127.1071068212,-48.165000,-64.603000,1,9,2,NONE,,
AAA_BASE,base,2583,37.2883958376,127.1071094972,-47.928000,-64.695000,1,9,2,NONE,,
AAA_BASE,base,2584,37.2883948315,127.1071121619,-47.692000,-64.807000,1,9,2,NONE,,
AAA_BASE,base,2585,37.2883936637,127.1071146572,-47.471000,-64.937000,1,9,2,NONE,,
AAA_BASE,base,2586,37.2883929922,127.1071163760,-47.318776,-65.011753,1,9,2,NONE,,
AAA_BASE,base,2587,37.2883921635,127.1071188236,-47.102000,-65.104000,1,9,2,NONE,,
AAA_BASE,base,2588,37.2883913370,127.1071218271,-46.836000,-65.196000,1,9,2,NONE,,
AAA_BASE,base,2589,37.2883903309,127.1071244918,-46.600000,-65.308000,1,9,2,NONE,,
AAA_BASE,base,2590,37.2883893338,127.1071271565,-46.364000,-65.419000,1,9,2,NONE,,
AAA_BASE,base,2591,37.2883883367,127.1071298212,-46.128000,-65.530000,1,9,2,NONE,,
AAA_BASE,base,2592,37.2883875013,127.1071328246,-45.862000,-65.623000,1,9,2,NONE,,
AAA_BASE,base,2593,37.2883865041,127.1071356587,-45.611000,-65.734000,1,9,2,NONE,,
AAA_BASE,base,2594,37.2883858304,127.1071384928,-45.360000,-65.809000,1,9,2,NONE,,
AAA_BASE,base,2595,37.2883850040,127.1071409881,-45.139000,-65.901000,1,9,2,NONE,,
AAA_BASE,base,2596,37.2883841685,127.1071436641,-44.902000,-65.994000,1,9,2,NONE,,
AAA_BASE,base,2597,37.2883831624,127.1071463288,-44.666000,-66.106000,1,9,2,NONE,,
AAA_BASE,base,2598,37.2883824977,127.1071489935,-44.430000,-66.180000,1,9,2,NONE,,
AAA_BASE,base,2599,37.2883816622,127.1071516582,-44.194000,-66.273000,1,9,2,NONE,,
AAA_BASE,base,2600,37.2883806651,127.1071543229,-43.958000,-66.384000,1,9,2,NONE,,
AAA_BASE,base,2601,37.2883796073,127.1071570805,-43.713776,-66.501753,1,9,2,NONE,,
AAA_BASE,base,2602,37.2883785144,127.1071594705,-43.502109,-66.623420,1,9,2,NONE,,
AAA_BASE,base,2603,37.2883775031,127.1071623284,-43.249000,-66.736000,1,9,2,NONE,,
AAA_BASE,base,2604,37.2883766676,127.1071649931,-43.013000,-66.829000,1,9,2,NONE,,
AAA_BASE,base,2605,37.2883755949,127.1071677883,-42.765443,-66.948420,1,9,2,NONE,,
AAA_BASE,base,2606,37.2883746644,127.1071701531,-42.556000,-67.052000,1,9,2,NONE,,
AAA_BASE,base,2607,37.2883738290,127.1071724904,-42.349000,-67.145000,1,9,2,NONE,,
AAA_BASE,base,2608,37.2883728318,127.1071753245,-42.098000,-67.256000,1,9,2,NONE,,
AAA_BASE,base,2609,37.2883719964,127.1071779892,-41.862000,-67.349000,1,9,2,NONE,,
AAA_BASE,base,2610,37.2883711700,127.1071808232,-41.611000,-67.441000,1,9,2,NONE,,
AAA_BASE,base,2611,37.2883704962,127.1071834879,-41.375000,-67.516000,1,9,2,NONE,,
AAA_BASE,base,2612,37.2883694991,127.1071861639,-41.138000,-67.627000,1,9,2,NONE,,
AAA_BASE,base,2613,37.2883683313,127.1071888286,-40.902000,-67.757000,1,9,2,NONE,,
AAA_BASE,base,2614,37.2883674959,127.1071916627,-40.651000,-67.850000,1,9,2,NONE,,
AAA_BASE,base,2615,37.2883666694,127.1071943274,-40.415000,-67.942000,1,9,2,NONE,,
AAA_BASE,base,2616,37.2883658182,127.1071969758,-40.180443,-68.036753,1,9,2,NONE,,
AAA_BASE,base,2617,37.2883648369,127.1071994875,-39.958000,-68.146000,1,9,2,NONE,,
AAA_BASE,base,2618,37.2883638308,127.1072023215,-39.707000,-68.258000,1,9,2,NONE,,
AAA_BASE,base,2619,37.2883630043,127.1072049863,-39.471000,-68.350000,1,9,2,NONE,,
AAA_BASE,base,2620,37.2883621689,127.1072078203,-39.220000,-68.443000,1,9,2,NONE,,
AAA_BASE,base,2621,37.2883613335,127.1072104963,-38.983000,-68.536000,1,9,2,NONE,,
AAA_BASE,base,2622,37.2883603363,127.1072131610,-38.747000,-68.647000,1,9,2,NONE,,
AAA_BASE,base,2623,37.2883593302,127.1072158257,-38.511000,-68.759000,1,9,2,NONE,,
AAA_BASE,base,2624,37.2883584521,127.1072183161,-38.290443,-68.856753,1,9,2,NONE,,
AAA_BASE,base,2625,37.2883576683,127.1072208277,-38.068000,-68.944000,1,9,2,NONE,,
AAA_BASE,base,2626,37.2883566622,127.1072236618,-37.817000,-69.056000,1,9,2,NONE,,
AAA_BASE,base,2627,37.2883556651,127.1072263265,-37.581000,-69.167000,1,9,2,NONE,,
AAA_BASE,base,2628,37.2883546680,127.1072289912,-37.345000,-69.278000,1,9,2,NONE,,
AAA_BASE,base,2629,37.2883537060,127.1072313762,-37.133776,-69.385086,1,9,2,NONE,,
AAA_BASE,base,2630,37.2883526648,127.1072341625,-36.887000,-69.501000,1,9,2,NONE,,
AAA_BASE,base,2631,37.2883520000,127.1072368272,-36.651000,-69.575000,1,9,2,NONE,,
AAA_BASE,base,2632,37.2883513352,127.1072394920,-36.415000,-69.649000,1,9,2,NONE,,
AAA_BASE,base,2633,37.2883503291,127.1072421567,-36.179000,-69.761000,1,9,2,NONE,,
AAA_BASE,base,2634,37.2883494989,127.1072449255,-35.933776,-69.853420,1,9,2,NONE,,
AAA_BASE,base,2635,37.2883486673,127.1072476554,-35.692000,-69.946000,1,9,2,NONE,,
AAA_BASE,base,2636,37.2883478318,127.1072503201,-35.456000,-70.039000,1,9,2,NONE,,
AAA_BASE,base,2637,37.2883469964,127.1072531542,-35.205000,-70.132000,1,9,2,NONE,,
AAA_BASE,base,2638,37.2883461700,127.1072556609,-34.983000,-70.224000,1,9,2,NONE,,
AAA_BASE,base,2639,37.2883452319,127.1072579856,-34.777109,-70.328420,1,9,2,NONE,,
AAA_BASE,base,2640,37.2883444684,127.1072604696,-34.557109,-70.413420,1,9,2,NONE,,
AAA_BASE,base,2641,37.2883438344,127.1072629888,-34.334000,-70.484000,1,9,2,NONE,,
AAA_BASE,base,2642,37.2883433313,127.1072653261,-34.127000,-70.540000,1,9,2,NONE,,
AAA_BASE,base,2643,37.2883428372,127.1072674940,-33.935000,-70.595000,1,9,2,NONE,,
AAA_BASE,base,2644,37.2883421635,127.1072698199,-33.729000,-70.670000,1,9,2,NONE,,
AAA_BASE,base,2645,37.2883413370,127.1072723266,-33.507000,-70.762000,1,9,2,NONE,,
AAA_BASE,base,2646,37.2883408340,127.1072744945,-33.315000,-70.818000,1,9,2,NONE,,
AAA_BASE,base,2647,37.2883403309,127.1072768204,-33.109000,-70.874000,1,9,2,NONE,,
AAA_BASE,base,2648,37.2883399169,127.1072790624,-32.910443,-70.920086,1,9,2,NONE,,
AAA_BASE,base,2649,37.2883394955,127.1072811562,-32.725000,-70.967000,1,9,2,NONE,,
AAA_BASE,base,2650,37.2883388308,127.1072834935,-32.518000,-71.041000,1,9,2,NONE,,
AAA_BASE,base,2651,37.2883383367,127.1072854920,-32.341000,-71.096000,1,9,2,NONE,,
AAA_BASE,base,2652,37.2883378336,127.1072874906,-32.164000,-71.152000,1,9,2,NONE,,
AAA_BASE,base,2653,37.2883374316,127.1072894690,-31.988776,-71.196753,1,9,2,NONE,,
AAA_BASE,base,2654,37.2883371689,127.1072913295,-31.824000,-71.226000,1,9,2,NONE,,
AAA_BASE,base,2655,37.2883368365,127.1072933281,-31.647000,-71.263000,1,9,2,NONE,,
AAA_BASE,base,2656,37.2883365181,127.1072950551,-31.494046,-71.298450,1,9,2,NONE,,
AAA_BASE,base,2657,37.2883362935,127.1072964853,-31.367379,-71.323450,1,10,2,NONE,,
AAA_BASE,base,2658,37.2883360839,127.1072979155,-31.240712,-71.346783,1,10,2,NONE,,
AAA_BASE,base,2659,37.2883359042,127.1072997786,-31.075712,-71.366783,1,10,2,NONE,,
AAA_BASE,base,2660,37.2883357994,127.1073016604,-30.909046,-71.378450,1,10,2,NONE,,
AAA_BASE,base,2661,37.2883356796,127.1073038434,-30.715712,-71.391783,1,10,2,NONE,,
AAA_BASE,base,2662,37.2883355149,127.1073061016,-30.515712,-71.410117,1,10,2,NONE,,
AAA_BASE,base,2663,37.2883354850,127.1073082469,-30.325712,-71.413450,1,10,2,NONE,,
AAA_BASE,base,2664,37.2883354980,127.1073101631,-30.156000,-71.412000,1,10,2,NONE,,
AAA_BASE,base,2665,37.2883354980,127.1073121617,-29.979000,-71.412000,1,10,2,NONE,,
AAA_BASE,base,2666,37.2883354980,127.1073143296,-29.787000,-71.412000,1,10,2,NONE,,
AAA_BASE,base,2667,37.2883354401,127.1073160942,-29.630712,-71.418450,1,10,2,NONE,,
AAA_BASE,base,2668,37.2883354101,127.1073182019,-29.444046,-71.421783,1,10,2,NONE,,
AAA_BASE,base,2669,37.2883355449,127.1073204790,-29.242379,-71.406783,1,10,2,NONE,,
AAA_BASE,base,2670,37.2883359342,127.1073230759,-29.012379,-71.363450,1,10,2,NONE,,
AAA_BASE,base,2671,37.2883364282,127.1073251083,-28.832379,-71.308450,1,10,2,NONE,,
AAA_BASE,base,2672,37.2883371689,127.1073274950,-28.621000,-71.226000,1,10,2,NONE,,
AAA_BASE,base,2673,37.2883376630,127.1073298210,-28.415000,-71.171000,1,10,2,NONE,,
AAA_BASE,base,2674,37.2883383297,127.1073322594,-28.199046,-71.096783,1,10,2,NONE,,
AAA_BASE,base,2675,37.2883391631,127.1073346536,-27.987000,-71.004000,1,10,2,NONE,,
AAA_BASE,base,2676,37.2883401692,127.1073369909,-27.780000,-70.892000,1,10,2,NONE,,
AAA_BASE,base,2677,37.2883411664,127.1073391588,-27.588000,-70.781000,1,10,2,NONE,,
AAA_BASE,base,2678,37.2883421635,127.1073413267,-27.396000,-70.670000,1,10,2,NONE,,
AAA_BASE,base,2679,37.2883431696,127.1073434946,-27.204000,-70.558000,1,10,2,NONE,,
AAA_BASE,base,2680,37.2883440938,127.1073457335,-27.005712,-70.455117,1,10,2,NONE,,
AAA_BASE,base,2681,37.2883450969,127.1073476718,-26.834046,-70.343450,1,10,2,NONE,,
AAA_BASE,base,2682,37.2883463317,127.1073498289,-26.643000,-70.206000,1,10,2,NONE,,
AAA_BASE,base,2683,37.2883476701,127.1073516581,-26.481000,-70.057000,1,10,2,NONE,,
AAA_BASE,base,2684,37.2883488290,127.1073536566,-26.304000,-69.928000,1,10,2,NONE,,
AAA_BASE,base,2685,37.2883499968,127.1073558245,-26.112000,-69.798000,1,10,2,NONE,,
AAA_BASE,base,2686,37.2883511646,127.1073579924,-25.920000,-69.668000,1,10,2,NONE,,
AAA_BASE,base,2687,37.2883525031,127.1073599909,-25.743000,-69.519000,1,10,2,NONE,,
AAA_BASE,base,2688,37.2883538326,127.1073618201,-25.581000,-69.371000,1,10,2,NONE,,
AAA_BASE,base,2689,37.2883553327,127.1073638299,-25.403000,-69.204000,1,10,2,NONE,,
AAA_BASE,base,2690,37.2883565005,127.1073658284,-25.226000,-69.074000,1,10,2,NONE,,
AAA_BASE,base,2691,37.2883580007,127.1073678270,-25.049000,-68.907000,1,10,2,NONE,,
AAA_BASE,base,2692,37.2883592902,127.1073697083,-24.882379,-68.763450,1,10,2,NONE,,
AAA_BASE,base,2693,37.2883606687,127.1073713272,-24.739000,-68.610000,1,10,2,NONE,,
AAA_BASE,base,2694,37.2883622696,127.1073730768,-24.584046,-68.431783,1,10,2,NONE,,
AAA_BASE,base,2695,37.2883636691,127.1073748275,-24.429000,-68.276000,1,10,2,NONE,,
AAA_BASE,base,2696,37.2883651692,127.1073764872,-24.282000,-68.109000,1,10,2,NONE,,
AAA_BASE,base,2697,37.2883668311,127.1073781583,-24.134000,-67.924000,1,10,2,NONE,,
AAA_BASE,base,2698,37.2883685129,127.1073795316,-24.012379,-67.736783,1,10,2,NONE,,
AAA_BASE,base,2699,37.2883699203,127.1073804725,-23.929046,-67.580117,1,10,2,NONE,,
AAA_BASE,base,2700,37.2883717319,127.1073816957,-23.820712,-67.378450,1,10,2,NONE,,
AAA_BASE,base,2701,37.2883733349,127.1073829909,-23.706000,-67.200000,1,10,2,NONE,,
AAA_BASE,base,2702,37.2883748351,127.1073844927,-23.573000,-67.033000,1,10,2,NONE,,
AAA_BASE,base,2703,37.2883763352,127.1073858250,-23.455000,-66.866000,1,10,2,NONE,,
AAA_BASE,base,2704,37.2883779971,127.1073873267,-23.322000,-66.681000,1,10,2,NONE,,
AAA_BASE,base,2705,37.2883796680,127.1073884897,-23.219000,-66.495000,1,10,2,NONE,,
AAA_BASE,base,2706,37.2883815005,127.1073896640,-23.115000,-66.291000,1,10,2,NONE,,
AAA_BASE,base,2707,37.2883833331,127.1073909964,-22.997000,-66.087000,1,10,2,NONE,,
AAA_BASE,base,2708,37.2883850040,127.1073923287,-22.879000,-65.901000,1,10,2,NONE,,
AAA_BASE,base,2709,37.2883868365,127.1073938304,-22.746000,-65.697000,1,10,2,NONE,,
AAA_BASE,base,2710,37.2883886691,127.1073951628,-22.628000,-65.493000,1,10,2,NONE,,
AAA_BASE,base,2711,37.2883905016,127.1073961564,-22.540000,-65.289000,1,10,2,NONE,,
AAA_BASE,base,2712,37.2883925278,127.1073971081,-22.455712,-65.063450,1,10,2,NONE,,
AAA_BASE,base,2713,37.2883943374,127.1073981549,-22.363000,-64.862000,1,10,2,NONE,,
AAA_BASE,base,2714,37.2883962108,127.1073990652,-22.282379,-64.653450,1,10,2,NONE,,
AAA_BASE,base,2715,37.2883983518,127.1073997992,-22.217379,-64.415117,1,10,2,NONE,,
AAA_BASE,base,2716,37.2884003291,127.1074003228,-22.171000,-64.195000,1,10,2,NONE,,
AAA_BASE,base,2717,37.2884024541,127.1074007965,-22.129046,-63.958450,1,10,2,NONE,,
AAA_BASE,base,2718,37.2884044973,127.1074014971,-22.067000,-63.731000,1,10,2,NONE,,
AAA_BASE,base,2719,37.2884068329,127.1074023214,-21.994000,-63.471000,1,10,2,NONE,,
AAA_BASE,base,2720,37.2884088361,127.1074029875,-21.935000,-63.248000,1,10,2,NONE,,
AAA_BASE,base,2721,37.2884101656,127.1074033263,-21.905000,-63.100000,1,10,2,NONE,,
AAA_BASE,base,2722,37.2884123306,127.1074038231,-21.861000,-62.859000,1,10,2,NONE,,
AAA_BASE,base,2723,37.2884146662,127.1074041618,-21.831000,-62.599000,1,10,2,NONE,,
AAA_BASE,base,2724,37.2884168311,127.1074046586,-21.787000,-62.358000,1,10,2,NONE,,
AAA_BASE,base,2725,37.2884189960,127.1074054942,-21.713000,-62.117000,1,10,2,NONE,,
AAA_BASE,base,2726,37.2884211700,127.1074064878,-21.625000,-61.875000,1,10,2,NONE,,
AAA_BASE,base,2727,37.2884233349,127.1074073233,-21.551000,-61.634000,1,10,2,NONE,,
AAA_BASE,base,2728,37.2884253291,127.1074081589,-21.477000,-61.412000,1,10,2,NONE,,
AAA_BASE,base,2729,37.2884275031,127.1074089944,-21.403000,-61.170000,1,10,2,NONE,,
AAA_BASE,base,2730,37.2884294973,127.1074098300,-21.329000,-60.948000,1,10,2,NONE,,
AAA_BASE,base,2731,37.2884316622,127.1074106542,-21.256000,-60.707000,1,10,2,NONE,,
AAA_BASE,base,2732,37.2884337303,127.1074115419,-21.177379,-60.476783,1,10,2,NONE,,
AAA_BASE,base,2733,37.2884358304,127.1074123253,-21.108000,-60.243000,1,10,2,NONE,,
AAA_BASE,base,2734,37.2884380272,127.1074129533,-21.052379,-59.998450,1,10,2,NONE,,
AAA_BASE,base,2735,37.2884401692,127.1074138270,-20.975000,-59.760000,1,10,2,NONE,,
AAA_BASE,base,2736,37.2884421635,127.1074149900,-20.872000,-59.538000,1,10,2,NONE,,
AAA_BASE,base,2737,37.2884441807,127.1074161901,-20.765712,-59.313450,1,10,2,NONE,,
AAA_BASE,base,2738,37.2884459993,127.1074171579,-20.680000,-59.111000,1,10,2,NONE,,
AAA_BASE,base,2739,37.2884480025,127.1074183209,-20.577000,-58.888000,1,10,2,NONE,,
AAA_BASE,base,2740,37.2884498351,127.1074193258,-20.488000,-58.684000,1,10,2,NONE,,
AAA_BASE,base,2741,37.2884516676,127.1074206582,-20.370000,-58.480000,1,10,2,NONE,,
AAA_BASE,base,2742,37.2884535002,127.1074218211,-20.267000,-58.276000,1,10,2,NONE,,
AAA_BASE,base,2743,37.2884553327,127.1074229954,-20.163000,-58.072000,1,10,2,NONE,,
AAA_BASE,base,2744,37.2884571653,127.1074241584,-20.060000,-57.868000,1,10,2,NONE,,
AAA_BASE,base,2745,37.2884591685,127.1074253214,-19.957000,-57.645000,1,10,2,NONE,,
AAA_BASE,base,2746,37.2884610011,127.1074263263,-19.868000,-57.441000,1,10,2,NONE,,
AAA_BASE,base,2747,37.2884628336,127.1074274893,-19.765000,-57.237000,1,10,2,NONE,,
AAA_BASE,base,2748,37.2884647670,127.1074287421,-19.654046,-57.021783,1,10,2,NONE,,
AAA_BASE,base,2749,37.2884664987,127.1074296572,-19.573000,-56.829000,1,10,2,NONE,,
AAA_BASE,base,2750,37.2884683313,127.1074303234,-19.514000,-56.625000,1,10,2,NONE,,
AAA_BASE,base,2751,37.2884703345,127.1074311589,-19.440000,-56.402000,1,10,2,NONE,,
AAA_BASE,base,2752,37.2884719964,127.1074319945,-19.366000,-56.217000,1,10,2,NONE,,
AAA_BASE,base,2753,37.2884738290,127.1074329881,-19.278000,-56.013000,1,10,2,NONE,,
AAA_BASE,base,2754,37.2884758761,127.1074340113,-19.187379,-55.785117,1,10,2,NONE,,
AAA_BASE,base,2755,37.2884775230,127.1074347452,-19.122379,-55.601783,1,10,2,NONE,,
AAA_BASE,base,2756,37.2884792747,127.1074355168,-19.054046,-55.406783,1,10,2,NONE,,
AAA_BASE,base,2757,37.2884810413,127.1074362695,-18.987379,-55.210117,1,10,2,NONE,,
AAA_BASE,base,2758,37.2884826683,127.1074371545,-18.909000,-55.029000,1,10,2,NONE,,
AAA_BASE,base,2759,37.2884846626,127.1074383288,-18.805000,-54.807000,1,10,2,NONE,,
AAA_BASE,base,2760,37.2884865041,127.1074391530,-18.732000,-54.602000,1,10,2,NONE,,
AAA_BASE,base,2761,37.2884881660,127.1074399886,-18.658000,-54.417000,1,10,2,NONE,,
AAA_BASE,base,2762,37.2884899986,127.1074406547,-18.599000,-54.213000,1,10,2,NONE,,
AAA_BASE,base,2763,37.2884918311,127.1074414903,-18.525000,-54.009000,1,10,2,NONE,,
AAA_BASE,base,2764,37.2884935020,127.1074424952,-18.436000,-53.823000,1,10,2,NONE,,
AAA_BASE,base,2765,37.2884952946,127.1074434582,-18.350712,-53.623450,1,10,2,NONE,,
AAA_BASE,base,2766,37.2884966570,127.1074441168,-18.292379,-53.471783,1,10,2,NONE,,
AAA_BASE,base,2767,37.2884981642,127.1074448212,-18.230000,-53.304000,1,10,2,NONE,,
AAA_BASE,base,2768,37.2884996214,127.1074454341,-18.175712,-53.141783,1,10,2,NONE,,
AAA_BASE,base,2769,37.2885011486,127.1074461492,-18.112379,-52.971783,1,10,2,NONE,,
AAA_BASE,base,2770,37.2885025409,127.1074469020,-18.045712,-52.816783,1,10,2,NONE,,
AAA_BASE,base,2771,37.2885040032,127.1074478246,-17.964000,-52.654000,1,10,2,NONE,,
AAA_BASE,base,2772,37.2885057000,127.1074490473,-17.855712,-52.465117,1,10,2,NONE,,
AAA_BASE,base,2773,37.2885071373,127.1074498753,-17.782379,-52.305117,1,10,2,NONE,,
AAA_BASE,base,2774,37.2885086655,127.1074508281,-17.698000,-52.135000,1,10,2,NONE,,
AAA_BASE,base,2775,37.2885100867,127.1074517760,-17.614046,-51.976783,1,10,2,NONE,,
AAA_BASE,base,2776,37.2885116658,127.1074528266,-17.521000,-51.801000,1,10,2,NONE,,
AAA_BASE,base,2777,37.2885133367,127.1074539896,-17.418000,-51.615000,1,10,2,NONE,,
AAA_BASE,base,2778,37.2885150873,127.1074548999,-17.337379,-51.420117,1,10,2,NONE,,
AAA_BASE,base,2779,37.2885167043,127.1074557279,-17.264046,-51.240117,1,10,2,NONE,,
AAA_BASE,base,2780,37.2885183313,127.1074563268,-17.211000,-51.059000,1,10,2,NONE,,
AAA_BASE,base,2781,37.2885199831,127.1074570640,-17.145712,-50.875117,1,10,2,NONE,,
AAA_BASE,base,2782,37.2885214204,127.1074577603,-17.084046,-50.715117,1,10,2,NONE,,
AAA_BASE,base,2783,37.2885231642,127.1074584947,-17.019000,-50.521000,1,10,2,NONE,,
AAA_BASE,base,2784,37.2885248640,127.1074592093,-16.955712,-50.331783,1,10,2,NONE,,
AAA_BASE,base,2785,37.2885265408,127.1074598115,-16.902379,-50.145117,1,10,2,NONE,,
AAA_BASE,base,2786,37.2885286709,127.1074603239,-16.857000,-49.908000,1,10,2,NONE,,
AAA_BASE,base,2787,37.2885306651,127.1074608207,-16.813000,-49.686000,1,10,2,NONE,,
AAA_BASE,base,2788,37.2885326683,127.1074613288,-16.768000,-49.463000,1,10,2,NONE,,
AAA_BASE,base,2789,37.2885346626,127.1074621531,-16.695000,-49.241000,1,10,2,NONE,,
AAA_BASE,base,2790,37.2885364821,127.1074627660,-16.640712,-49.038450,1,10,2,NONE,,
AAA_BASE,base,2791,37.2885381889,127.1074632929,-16.594046,-48.848450,1,10,2,NONE,,
AAA_BASE,base,2792,37.2885403309,127.1074638241,-16.547000,-48.610000,1,10,2,NONE,,
AAA_BASE,base,2793,37.2885421864,127.1074644973,-16.487379,-48.403450,1,10,2,NONE,,
AAA_BASE,base,2794,37.2885440279,127.1074653818,-16.409046,-48.198450,1,10,2,NONE,,
AAA_BASE,base,2795,37.2885459993,127.1074663308,-16.325000,-47.979000,1,10,2,NONE,,
AAA_BASE,base,2796,37.2885478318,127.1074671550,-16.252000,-47.775000,1,10,2,NONE,,
AAA_BASE,base,2797,37.2885498351,127.1074678212,-16.193000,-47.552000,1,10,2,NONE,,
AAA_BASE,base,2798,37.2885518283,127.1074688444,-16.102379,-47.330117,1,10,2,NONE,,
AAA_BASE,base,2799,37.2885534752,127.1074698983,-16.009046,-47.146783,1,10,2,NONE,,
AAA_BASE,base,2800,37.2885550004,127.1074711634,-15.897000,-46.977000,1,10,2,NONE,,
AAA_BASE,base,2801,37.2885566622,127.1074726538,-15.765000,-46.792000,1,10,2,NONE,,
AAA_BASE,base,2802,37.2885585038,127.1074741555,-15.632000,-46.587000,1,10,2,NONE,,
AAA_BASE,base,2803,37.2885601656,127.1074754879,-15.514000,-46.402000,1,10,2,NONE,,
AAA_BASE,base,2804,37.2885619982,127.1074769896,-15.381000,-46.198000,1,10,2,NONE,,
AAA_BASE,base,2805,37.2885636691,127.1074786607,-15.233000,-46.012000,1,10,2,NONE,,
AAA_BASE,base,2806,37.2885655016,127.1074804899,-15.071000,-45.808000,1,10,2,NONE,,
AAA_BASE,base,2807,37.2885673342,127.1074821609,-14.923000,-45.604000,1,10,2,NONE,,
AAA_BASE,base,2808,37.2885691667,127.1074834933,-14.805000,-45.400000,1,10,2,NONE,,
AAA_BASE,base,2809,37.2885710821,127.1074850096,-14.670712,-45.186783,1,10,2,NONE,,
AAA_BASE,base,2810,37.2885728488,127.1074863080,-14.555712,-44.990117,1,10,2,NONE,,
AAA_BASE,base,2811,37.2885745406,127.1074877571,-14.427379,-44.801783,1,10,2,NONE,,
AAA_BASE,base,2812,37.2885764969,127.1074894889,-14.274000,-44.584000,1,10,2,NONE,,
AAA_BASE,base,2813,37.2885783295,127.1074908212,-14.156000,-44.380000,1,10,2,NONE,,
AAA_BASE,base,2814,37.2885801710,127.1074919955,-14.052000,-44.175000,1,10,2,NONE,,
AAA_BASE,base,2815,37.2885820564,127.1074932897,-13.937379,-43.965117,1,10,2,NONE,,
AAA_BASE,base,2816,37.2885836655,127.1074944909,-13.831000,-43.786000,1,10,2,NONE,,
AAA_BASE,base,2817,37.2885853363,127.1074958232,-13.713000,-43.600000,1,10,2,NONE,,
AAA_BASE,base,2818,37.2885866658,127.1074968281,-13.624000,-43.452000,1,10,2,NONE,,
AAA_BASE,base,2819,37.2885880043,127.1074978217,-13.536000,-43.303000,1,10,2,NONE,,
AAA_BASE,base,2820,37.2885894525,127.1074988977,-13.440712,-43.141783,1,10,2,NONE,,
AAA_BASE,base,2821,37.2885907551,127.1074997633,-13.364046,-42.996783,1,10,2,NONE,,
AAA_BASE,base,2822,37.2885919678,127.1075007230,-13.279046,-42.861783,1,10,2,NONE,,
AAA_BASE,base,2823,37.2885933602,127.1075018333,-13.180712,-42.706783,1,10,2,NONE,,
AAA_BASE,base,2824,37.2885946698,127.1075029931,-13.078000,-42.561000,1,10,2,NONE,,
AAA_BASE,base,2825,37.2885961899,127.1075042986,-12.962379,-42.391783,1,10,2,NONE,,
AAA_BASE,base,2826,37.2885974995,127.1075053303,-12.871000,-42.246000,1,10,2,NONE,,
AAA_BASE,base,2827,37.2885988249,127.1075062369,-12.790712,-42.098450,1,10,2,NONE,,
AAA_BASE,base,2828,37.2886001674,127.1075071595,-12.709000,-41.949000,1,10,2,NONE,,
AAA_BASE,base,2829,37.2886013701,127.1075081376,-12.622379,-41.815117,1,10,2,NONE,,
AAA_BASE,base,2830,37.2886025829,127.1075090597,-12.540712,-41.680117,1,10,2,NONE,,
AAA_BASE,base,2831,37.2886037806,127.1075098124,-12.474046,-41.546783,1,10,2,NONE,,
AAA_BASE,base,2832,37.2886048436,127.1075104711,-12.415712,-41.428450,1,10,2,NONE,,
AAA_BASE,base,2833,37.2886061611,127.1075113179,-12.340712,-41.281783,1,10,2,NONE,,
AAA_BASE,base,2834,37.2886073360,127.1075119921,-12.281000,-41.151000,1,10,2,NONE,,
AAA_BASE,base,2835,37.2886087363,127.1075127293,-12.215712,-40.995117,1,10,2,NONE,,
AAA_BASE,base,2836,37.2886104880,127.1075137267,-12.127379,-40.800117,1,10,2,NONE,,
AAA_BASE,base,2837,37.2886117606,127.1075144794,-12.060712,-40.658450,1,10,2,NONE,,
AAA_BASE,base,2838,37.2886131660,127.1075154924,-11.971000,-40.502000,1,10,2,NONE,,
AAA_BASE,base,2839,37.2886145004,127.1075163801,-11.892379,-40.353450,1,10,2,NONE,,
AAA_BASE,base,2840,37.2886159677,127.1075172457,-11.815712,-40.190117,1,10,2,NONE,,
AAA_BASE,base,2841,37.2886174219,127.1075180256,-11.746644,-40.028239,1,10,2,NONE,,
AAA_BASE,base,2842,37.2886190601,127.1075187163,-11.685476,-39.845867,1,10,2,NONE,,
AAA_BASE,base,2843,37.2886206148,127.1075192283,-11.640125,-39.672805,1,10,2,NONE,,
AAA_BASE,base,2844,37.2886221212,127.1075195454,-11.612045,-39.505104,1,10,2,NONE,,
AAA_BASE,base,2845,37.2886231693,127.1075196959,-11.598712,-39.388437,1,10,2,NONE,,
AAA_BASE,base,2846,37.2886243670,127.1075197712,-11.592045,-39.255104,1,10,2,NONE,,
AAA_BASE,base,2847,37.2886253552,127.1075197524,-11.593712,-39.145104,1,10,2,NONE,,
AAA_BASE,base,2848,37.2886265572,127.1075196332,-11.604268,-39.011293,1,10,2,NONE,,
AAA_BASE,base,2849,37.2886279945,127.1075193885,-11.625935,-38.851293,1,10,2,NONE,,
AAA_BASE,base,2850,37.2886300307,127.1075187864,-11.679268,-38.624626,1,10,2,NONE,,
AAA_BASE,base,2851,37.2886326807,127.1075175820,-11.785935,-38.329626,1,10,2,NONE,,
AAA_BASE,base,2852,37.2886335341,127.1075170550,-11.832601,-38.234626,1,10,2,NONE,,
AAA_BASE,base,2853,37.2886342827,127.1075165846,-11.874268,-38.151293,1,10,2,NONE,,
AAA_BASE,base,2854,37.2886348965,127.1075161706,-11.910935,-38.082959,1,10,2,NONE,,
AAA_BASE,base,2855,37.2886358697,127.1075154743,-11.972601,-37.974626,1,10,2,NONE,,
AAA_BASE,base,2856,37.2886366333,127.1075148721,-12.025935,-37.889626,1,10,2,NONE,,
AAA_BASE,base,2857,37.2886375615,127.1075140441,-12.099268,-37.786293,1,10,2,NONE,,
AAA_BASE,base,2858,37.2886390437,127.1075124445,-12.240935,-37.621293,1,10,2,NONE,,
AAA_BASE,base,2859,37.2886401516,127.1075110519,-12.364268,-37.497959,1,10,2,NONE,,
AAA_BASE,base,2860,37.2886414542,127.1075091324,-12.534268,-37.352959,1,10,2,NONE,,
AAA_BASE,base,2861,37.2886428438,127.1075074007,-12.687635,-37.198267,1,10,2,NONE,,
AAA_BASE,base,2862,37.2886444757,127.1075054813,-12.857635,-37.016601,1,10,2,NONE,,
AAA_BASE,base,2863,37.2886459022,127.1075037783,-13.008458,-36.857805,1,10,2,NONE,,
AAA_BASE,base,2864,37.2886474892,127.1075022916,-13.140125,-36.681138,1,10,2,NONE,,
AAA_BASE,base,2865,37.2886491062,127.1075005415,-13.295125,-36.501138,1,10,2,NONE,,
AAA_BASE,base,2866,37.2886504998,127.1074986573,-13.462000,-36.346000,1,10,2,NONE,,
AAA_BASE,base,2867,37.2886516676,127.1074971556,-13.595000,-36.216000,1,10,2,NONE,,
AAA_BASE,base,2868,37.2886531037,127.1074954605,-13.745125,-36.056138,1,10,2,NONE,,
AAA_BASE,base,2869,37.2886544973,127.1074934972,-13.919000,-35.901000,1,10,2,NONE,,
AAA_BASE,base,2870,37.2886557387,127.1074916027,-14.086792,-35.762805,1,10,2,NONE,,
AAA_BASE,base,2871,37.2886568329,127.1074896583,-14.259000,-35.641000,1,10,2,NONE,,
AAA_BASE,base,2872,37.2886580007,127.1074874904,-14.451000,-35.511000,1,10,2,NONE,,
AAA_BASE,base,2873,37.2886591685,127.1074856612,-14.613000,-35.381000,1,10,2,NONE,,
AAA_BASE,base,2874,37.2886603363,127.1074836627,-14.790000,-35.251000,1,10,2,NONE,,
AAA_BASE,base,2875,37.2886616658,127.1074814948,-14.982000,-35.103000,1,10,2,NONE,,
AAA_BASE,base,2876,37.2886626630,127.1074794962,-15.159000,-34.992000,1,10,2,NONE,,
AAA_BASE,base,2877,37.2886634984,127.1074773283,-15.351000,-34.899000,1,10,2,NONE,,
AAA_BASE,base,2878,37.2886645045,127.1074751604,-15.543000,-34.787000,1,10,2,NONE,,
AAA_BASE,base,2879,37.2886655016,127.1074731619,-15.720000,-34.676000,1,10,2,NONE,,
AAA_BASE,base,2880,37.2886666694,127.1074709940,-15.912000,-34.546000,1,10,2,NONE,,
AAA_BASE,base,2881,37.2886676665,127.1074688261,-16.104000,-34.435000,1,10,2,NONE,,
AAA_BASE,base,2882,37.2886686637,127.1074664889,-16.311000,-34.324000,1,10,2,NONE,,
AAA_BASE,base,2883,37.2886694991,127.1074643210,-16.503000,-34.231000,1,10,2,NONE,,
AAA_BASE,base,2884,37.2886703345,127.1074619950,-16.709000,-34.138000,1,10,2,NONE,,
AAA_BASE,base,2885,37.2886713317,127.1074598271,-16.901000,-34.027000,1,10,2,NONE,,
AAA_BASE,base,2886,37.2886723378,127.1074573205,-17.123000,-33.915000,1,10,2,NONE,,
AAA_BASE,base,2887,37.2886731642,127.1074549945,-17.329000,-33.823000,1,10,2,NONE,,
AAA_BASE,base,2888,37.2886738696,127.1074527047,-17.531792,-33.744471,1,10,2,NONE,,
AAA_BASE,base,2889,37.2886745134,127.1074504653,-17.730125,-33.672805,1,10,2,NONE,,
AAA_BASE,base,2890,37.2886753291,127.1074481634,-17.934000,-33.582000,1,10,2,NONE,,
AAA_BASE,base,2891,37.2886761646,127.1074461535,-18.112000,-33.489000,1,10,2,NONE,,
AAA_BASE,base,2892,37.2886772233,127.1074440670,-18.296792,-33.371138,1,10,2,NONE,,
AAA_BASE,base,2893,37.2886779971,127.1074421565,-18.466000,-33.285000,1,10,2,NONE,,
AAA_BASE,base,2894,37.2886786709,127.1074399886,-18.658000,-33.210000,1,10,2,NONE,,
AAA_BASE,base,2895,37.2886791846,127.1074378757,-18.845125,-33.152805,1,10,2,NONE,,
AAA_BASE,base,2896,37.2886798297,127.1074358221,-19.027000,-33.081000,1,10,2,NONE,,
AAA_BASE,base,2897,37.2886806651,127.1074338236,-19.204000,-32.988000,1,10,2,NONE,,
AAA_BASE,base,2898,37.2886815005,127.1074316557,-19.396000,-32.895000,1,10,2,NONE,,
AAA_BASE,base,2899,37.2886823360,127.1074296572,-19.573000,-32.802000,1,10,2,NONE,,
AAA_BASE,base,2900,37.2886831624,127.1074274893,-19.765000,-32.710000,1,10,2,NONE,,
AAA_BASE,base,2901,37.2886838361,127.1074251633,-19.971000,-32.635000,1,10,2,NONE,,
AAA_BASE,base,2902,37.2886846626,127.1074229954,-20.163000,-32.543000,1,10,2,NONE,,
AAA_BASE,base,2903,37.2886856687,127.1074208275,-20.355000,-32.431000,1,10,2,NONE,,
AAA_BASE,base,2904,37.2886866658,127.1074186596,-20.547000,-32.320000,1,10,2,NONE,,
AAA_BASE,base,2905,37.2886876630,127.1074163224,-20.754000,-32.209000,1,10,2,NONE,,
AAA_BASE,base,2906,37.2886884984,127.1074139964,-20.960000,-32.116000,1,10,2,NONE,,
AAA_BASE,base,2907,37.2886893338,127.1074116591,-21.167000,-32.023000,1,10,2,NONE,,
AAA_BASE,base,2908,37.2886903309,127.1074093219,-21.374000,-31.912000,1,10,2,NONE,,
AAA_BASE,base,2909,37.2886913370,127.1074068265,-21.595000,-31.800000,1,10,2,NONE,,
AAA_BASE,base,2910,37.2886923342,127.1074043199,-21.817000,-31.689000,1,10,2,NONE,,
AAA_BASE,base,2911,37.2886931696,127.1074018245,-22.038000,-31.596000,1,10,2,NONE,,
AAA_BASE,base,2912,37.2886938344,127.1073991598,-22.274000,-31.522000,1,10,2,NONE,,
AAA_BASE,base,2913,37.2886944991,127.1073966532,-22.496000,-31.448000,1,10,2,NONE,,
AAA_BASE,base,2914,37.2886953345,127.1073943272,-22.702000,-31.355000,1,10,2,NONE,,
AAA_BASE,base,2915,37.2886963317,127.1073916625,-22.938000,-31.244000,1,10,2,NONE,,
AAA_BASE,base,2916,37.2886969964,127.1073891559,-23.160000,-31.170000,1,10,2,NONE,,
AAA_BASE,base,2917,37.2886978318,127.1073866606,-23.381000,-31.077000,1,10,2,NONE,,
AAA_BASE,base,2918,37.2886984966,127.1073839959,-23.617000,-31.003000,1,10,2,NONE,,
AAA_BASE,base,2919,37.2886991703,127.1073816586,-23.824000,-30.928000,1,10,2,NONE,,
AAA_BASE,base,2920,37.2886999968,127.1073791632,-24.045000,-30.836000,1,10,2,NONE,,
AAA_BASE,base,2921,37.2887008489,127.1073765461,-24.276792,-30.741138,1,10,2,NONE,,
AAA_BASE,base,2922,37.2887014969,127.1073744887,-24.459000,-30.669000,1,10,2,NONE,,
AAA_BASE,base,2923,37.2887021707,127.1073721627,-24.665000,-30.594000,1,10,2,NONE,,
AAA_BASE,base,2924,37.2887028354,127.1073698255,-24.872000,-30.520000,1,10,2,NONE,,
AAA_BASE,base,2925,37.2887035002,127.1073676576,-25.064000,-30.446000,1,10,2,NONE,,
AAA_BASE,base,2926,37.2887043356,127.1073653203,-25.271000,-30.353000,1,10,2,NONE,,
AAA_BASE,base,2927,37.2887049662,127.1073631473,-25.463458,-30.282805,1,10,2,NONE,,
AAA_BASE,base,2928,37.2887055034,127.1073609958,-25.654000,-30.223000,1,10,2,NONE,,
AAA_BASE,base,2929,37.2887059975,127.1073584892,-25.876000,-30.168000,1,10,2,NONE,,
AAA_BASE,base,2930,37.2887066622,127.1073551583,-26.171000,-30.094000,1,10,2,NONE,,
AAA_BASE,base,2931,37.2887073360,127.1073529904,-26.363000,-30.019000,1,10,2,NONE,,
AAA_BASE,base,2932,37.2887080007,127.1073506531,-26.570000,-29.945000,1,10,2,NONE,,
AAA_BASE,base,2933,37.2887085038,127.1073484965,-26.761000,-29.889000,1,10,2,NONE,,
AAA_BASE,base,2934,37.2887088361,127.1073461593,-26.968000,-29.852000,1,10,2,NONE,,
AAA_BASE,base,2935,37.2887091685,127.1073438220,-27.175000,-29.815000,1,11,2,NONE,,
AAA_BASE,base,2936,37.2887096626,127.1073416541,-27.367000,-29.760000,1,11,2,NONE,,
AAA_BASE,base,2937,37.2887103363,127.1073394862,-27.559000,-29.685000,1,11,2,NONE,,
AAA_BASE,base,2938,37.2887110011,127.1073371602,-27.765000,-29.611000,1,11,2,NONE,,
AAA_BASE,base,2939,37.2887114191,127.1073350323,-27.953458,-29.564471,1,11,2,NONE,,
AAA_BASE,base,2940,37.2887118365,127.1073329938,-28.134000,-29.518000,1,11,2,NONE,,
AAA_BASE,base,2941,37.2887122575,127.1073310240,-28.308458,-29.471138,1,11,2,NONE,,
AAA_BASE,base,2942,37.2887128114,127.1073289916,-28.488458,-29.409471,1,11,2,NONE,,
AAA_BASE,base,2943,37.2887134984,127.1073269869,-28.666000,-29.333000,1,11,2,NONE,,
AAA_BASE,base,2944,37.2887140990,127.1073254161,-28.805125,-29.266138,1,11,2,NONE,,
AAA_BASE,base,2945,37.2887148027,127.1073231578,-29.005125,-29.187805,1,11,2,NONE,,
AAA_BASE,base,2946,37.2887154764,127.1073210125,-29.195125,-29.112805,1,11,2,NONE,,
AAA_BASE,base,2947,37.2887159957,127.1073191622,-29.359000,-29.055000,1,11,2,NONE,,
AAA_BASE,base,2948,37.2887164646,127.1073173993,-29.515125,-29.002805,1,11,2,NONE,,
AAA_BASE,base,2949,37.2887170335,127.1073154610,-29.686792,-28.939471,1,11,2,NONE,,
AAA_BASE,base,2950,37.2887176024,127.1073131840,-29.888458,-28.876138,1,11,2,NONE,,
AAA_BASE,base,2951,37.2887182163,127.1073112833,-30.056792,-28.807805,1,11,2,NONE,,
AAA_BASE,base,2952,37.2887187103,127.1073097402,-30.193458,-28.752805,1,11,2,NONE,,
AAA_BASE,base,2953,37.2887193691,127.1073077266,-30.371792,-28.679471,1,11,2,NONE,,
AAA_BASE,base,2954,37.2887198315,127.1073063242,-30.496000,-28.628000,1,11,2,STOP_LINE,,
AAA_BASE,base,2955,37.2887204962,127.1073046531,-30.644000,-28.554000,1,11,2,NONE,,
AAA_BASE,base,2956,37.2887211700,127.1073031626,-30.776000,-28.479000,1,11,2,NONE,,
AAA_BASE,base,2957,37.2887219964,127.1073009947,-30.968000,-28.387000,1,11,2,NONE,,
AAA_BASE,base,2958,37.2887226701,127.1072991543,-31.131000,-28.312000,1,11,2,NONE,,
AAA_BASE,base,2959,37.2887234966,127.1072969864,-31.323000,-28.220000,1,11,2,NONE,,
AAA_BASE,base,2960,37.2887244401,127.1072950458,-31.494872,-28.114966,1,11,2,NONE,,
AAA_BASE,base,2961,37.2887254998,127.1072931587,-31.662000,-27.997000,1,11,2,NONE,,
AAA_BASE,base,2962,37.2887268293,127.1072909908,-31.854000,-27.849000,1,11,2,NONE,,
AAA_BASE,base,2963,37.2887279971,127.1072888229,-32.046000,-27.719000,1,11,2,NONE,,
AAA_BASE,base,2964,37.2887291649,127.1072866550,-32.238000,-27.589000,1,11,2,NONE,,
AAA_BASE,base,2965,37.2887303241,127.1072846203,-32.418205,-27.459966,1,11,2,NONE,,
AAA_BASE,base,2966,37.2887317464,127.1072825503,-32.601538,-27.301633,1,11,2,NONE,,
AAA_BASE,base,2967,37.2887333331,127.1072806594,-32.769000,-27.125000,1,11,2,NONE,,
AAA_BASE,base,2968,37.2887348333,127.1072789883,-32.917000,-26.958000,1,11,2,NONE,,
AAA_BASE,base,2969,37.2887365041,127.1072773285,-33.064000,-26.772000,1,11,2,NONE,,
AAA_BASE,base,2970,37.2887381660,127.1072754881,-33.227000,-26.587000,1,11,2,NONE,,
AAA_BASE,base,2971,37.2887398369,127.1072736589,-33.389000,-26.401000,1,11,2,NONE,,
AAA_BASE,base,2972,37.2887413370,127.1072719878,-33.537000,-26.234000,1,11,2,NONE,,
AAA_BASE,base,2973,37.2887429989,127.1072704974,-33.669000,-26.049000,1,11,2,NONE,,
AAA_BASE,base,2974,37.2887448315,127.1072689957,-33.802000,-25.845000,1,11,2,NONE,,
AAA_BASE,base,2975,37.2887465023,127.1072674940,-33.935000,-25.659000,1,11,2,NONE,,
AAA_BASE,base,2976,37.2887483349,127.1072658229,-34.083000,-25.455000,1,11,2,NONE,,
AAA_BASE,base,2977,37.2887499372,127.1072645597,-34.194872,-25.276633,1,11,2,NONE,,
AAA_BASE,base,2978,37.2887516676,127.1072634969,-34.289000,-25.084000,1,11,2,NONE,,
AAA_BASE,base,2979,37.2887535002,127.1072624920,-34.378000,-24.880000,1,11,2,NONE,,
AAA_BASE,base,2980,37.2887554019,127.1072616240,-34.454872,-24.668299,1,11,2,NONE,,
AAA_BASE,base,2981,37.2887571653,127.1072606628,-34.540000,-24.472000,1,11,2,NONE,,
AAA_BASE,base,2982,37.2887591685,127.1072596579,-34.629000,-24.249000,1,11,2,NONE,,
AAA_BASE,base,2983,37.2887609415,127.1072590459,-34.683205,-24.051633,1,11,2,NONE,,
AAA_BASE,base,2984,37.2887630043,127.1072586530,-34.718000,-23.822000,1,11,2,NONE,,
AAA_BASE,base,2985,37.2887651692,127.1072584949,-34.732000,-23.581000,1,11,2,NONE,,
AAA_BASE,base,2986,37.2887671635,127.1072583256,-34.747000,-23.359000,1,11,2,NONE,,
AAA_BASE,base,2987,37.2887700022,127.1072578287,-34.791000,-23.043000,1,11,2,NONE,,
AAA_BASE,base,2988,37.2887719009,127.1072576721,-34.804872,-22.831633,1,11,2,NONE,,
AAA_BASE,base,2989,37.2887739970,127.1072576909,-34.803205,-22.598299,1,11,2,NONE,,
AAA_BASE,base,2990,37.2887761646,127.1072579868,-34.777000,-22.357000,1,11,2,NONE,,
AAA_BASE,base,2991,37.2887779971,127.1072583256,-34.747000,-22.153000,1,11,2,NONE,,
AAA_BASE,base,2992,37.2887801710,127.1072586530,-34.718000,-21.911000,1,11,2,NONE,,
AAA_BASE,base,2993,37.2887820668,127.1072589894,-34.688205,-21.699966,1,11,2,NONE,,
AAA_BASE,base,2994,37.2887839233,127.1072594222,-34.649872,-21.493299,1,11,2,NONE,,
AAA_BASE,base,2995,37.2887858304,127.1072601547,-34.585000,-21.281000,1,11,2,NONE,,
AAA_BASE,base,2996,37.2887878336,127.1072609903,-34.511000,-21.058000,1,11,2,NONE,,
AAA_BASE,base,2997,37.2887896662,127.1072619952,-34.422000,-20.854000,1,11,2,NONE,,
AAA_BASE,base,2998,37.2887914987,127.1072628307,-34.348000,-20.650000,1,11,2,NONE,,
AAA_BASE,base,2999,37.2887936637,127.1072636550,-34.275000,-20.409000,1,11,2,NONE,,
AAA_BASE,base,3000,37.2887954962,127.1072646599,-34.186000,-20.205000,1,11,2,NONE,,
AAA_BASE,base,3001,37.2887971671,127.1072658229,-34.083000,-20.019000,1,11,2,NONE,,
AAA_BASE,base,3002,37.2887991703,127.1072671552,-33.965000,-19.796000,1,11,2,NONE,,
AAA_BASE,base,3003,37.2888010029,127.1072683295,-33.861000,-19.592000,1,11,2,NONE,,
AAA_BASE,base,3004,37.2888028354,127.1072696619,-33.743000,-19.388000,1,11,2,NONE,,
AAA_BASE,base,3005,37.2888046593,127.1072710521,-33.619872,-19.184966,1,11,2,NONE,,
AAA_BASE,base,3006,37.2888063511,127.1072724823,-33.493205,-18.996633,1,11,2,NONE,,
AAA_BASE,base,3007,37.2888081624,127.1072743251,-33.330000,-18.795000,1,11,2,NONE,,
AAA_BASE,base,3008,37.2888098333,127.1072761543,-33.168000,-18.609000,1,11,2,NONE,,
AAA_BASE,base,3009,37.2888115041,127.1072776560,-33.035000,-18.423000,1,11,2,NONE,,
AAA_BASE,base,3010,37.2888131660,127.1072793271,-32.887000,-18.238000,1,11,2,NONE,,
AAA_BASE,base,3011,37.2888148102,127.1072810260,-32.736538,-18.054966,1,11,2,NONE,,
AAA_BASE,base,3012,37.2888161664,127.1072826579,-32.592000,-17.904000,1,11,2,NONE,,
AAA_BASE,base,3013,37.2888176665,127.1072848258,-32.400000,-17.737000,1,11,2,NONE,,
AAA_BASE,base,3014,37.2888189960,127.1072868244,-32.223000,-17.589000,1,11,2,NONE,,
AAA_BASE,base,3015,37.2888203345,127.1072888229,-32.046000,-17.440000,1,11,2,NONE,,
AAA_BASE,base,3016,37.2888216640,127.1072909908,-31.854000,-17.292000,1,11,2,NONE,,
AAA_BASE,base,3017,37.2888226701,127.1072931587,-31.662000,-17.180000,1,11,2,NONE,,
AAA_BASE,base,3018,37.2888236673,127.1072953266,-31.470000,-17.069000,1,11,2,NONE,,
AAA_BASE,base,3019,37.2888245027,127.1072976639,-31.263000,-16.976000,1,11,2,NONE,,
AAA_BASE,base,3020,37.2888254998,127.1072999898,-31.057000,-16.865000,1,11,2,NONE,,
AAA_BASE,base,3021,37.2888264969,127.1073021577,-30.865000,-16.754000,1,11,2,NONE,,
AAA_BASE,base,3022,37.2888275064,127.1073043986,-30.666538,-16.641633,1,11,2,NONE,,
AAA_BASE,base,3023,37.2888283295,127.1073066629,-30.466000,-16.550000,1,11,2,NONE,,
AAA_BASE,base,3024,37.2888290032,127.1073091582,-30.245000,-16.475000,1,11,2,NONE,,
AAA_BASE,base,3025,37.2888294973,127.1073116536,-30.024000,-16.420000,1,11,2,NONE,,
AAA_BASE,base,3026,37.2888300004,127.1073139908,-29.817000,-16.364000,1,11,2,NONE,,
AAA_BASE,base,3027,37.2888303327,127.1073166555,-29.581000,-16.327000,1,11,2,NONE,,
AAA_BASE,base,3028,37.2888305906,127.1073193217,-29.344872,-16.298299,1,11,2,NONE,,
AAA_BASE,base,3029,37.2888306651,127.1073216575,-29.138000,-16.290000,1,11,2,NONE,,
AAA_BASE,base,3030,37.2888305034,127.1073243222,-28.902000,-16.308000,1,11,2,NONE,,
AAA_BASE,base,3031,37.2888305034,127.1073268289,-28.680000,-16.308000,1,11,2,NONE,,
AAA_BASE,base,3032,37.2888305034,127.1073293242,-28.459000,-16.308000,1,11,2,NONE,,
AAA_BASE,base,3033,37.2888303327,127.1073319889,-28.223000,-16.327000,1,11,2,NONE,,
AAA_BASE,base,3034,37.2888302462,127.1073342824,-28.019872,-16.336633,1,11,2,NONE,,
AAA_BASE,base,3035,37.2888300004,127.1073368215,-27.795000,-16.364000,1,11,2,NONE,,
AAA_BASE,base,3036,37.2888294973,127.1073394862,-27.559000,-16.420000,1,11,2,NONE,,
AAA_BASE,base,3037,37.2888290032,127.1073421622,-27.322000,-16.475000,1,11,2,NONE,,
AAA_BASE,base,3038,37.2888286709,127.1073446575,-27.101000,-16.512000,1,11,2,NONE,,
AAA_BASE,base,3039,37.2888283298,127.1073472861,-26.868205,-16.549966,1,11,2,NONE,,
AAA_BASE,base,3040,37.2888278058,127.1073496948,-26.654872,-16.608299,1,11,2,NONE,,
AAA_BASE,base,3041,37.2888271707,127.1073526630,-26.392000,-16.679000,1,11,2,NONE,,
AAA_BASE,base,3042,37.2888264969,127.1073553277,-26.156000,-16.754000,1,11,2,NONE,,
AAA_BASE,base,3043,37.2888260029,127.1073578230,-25.935000,-16.809000,1,11,2,NONE,,
AAA_BASE,base,3044,37.2888254998,127.1073606571,-25.684000,-16.865000,1,11,2,NONE,,
AAA_BASE,base,3045,37.2888249968,127.1073633218,-25.448000,-16.921000,1,11,2,NONE,,
AAA_BASE,base,3046,37.2888243320,127.1073659865,-25.212000,-16.995000,1,11,2,NONE,,
AAA_BASE,base,3047,37.2888234966,127.1073686625,-24.975000,-17.088000,1,11,2,NONE,,
AAA_BASE,base,3048,37.2888226701,127.1073713272,-24.739000,-17.180000,1,11,2,NONE,,
AAA_BASE,base,3049,37.2888221671,127.1073738225,-24.518000,-17.236000,1,11,2,NONE,,
AAA_BASE,base,3050,37.2888215023,127.1073766566,-24.267000,-17.310000,1,11,2,NONE,,
AAA_BASE,base,3051,37.2888208376,127.1073793213,-24.031000,-17.384000,1,11,2,NONE,,
AAA_BASE,base,3052,37.2888200022,127.1073819973,-23.794000,-17.477000,1,11,2,NONE,,
AAA_BASE,base,3053,37.2888191667,127.1073844927,-23.573000,-17.570000,1,11,2,NONE,,
AAA_BASE,base,3054,37.2888185020,127.1073871574,-23.337000,-17.644000,1,11,2,NONE,,
AAA_BASE,base,3055,37.2888178372,127.1073898221,-23.101000,-17.718000,1,11,2,NONE,,
AAA_BASE,base,3056,37.2888172207,127.1073923941,-22.873205,-17.786633,1,11,2,NONE,,
AAA_BASE,base,3057,37.2888164987,127.1073949934,-22.643000,-17.867000,1,11,2,NONE,,
AAA_BASE,base,3058,37.2888156633,127.1073976581,-22.407000,-17.960000,1,11,2,NONE,,
AAA_BASE,base,3059,37.2888149986,127.1074003228,-22.171000,-18.034000,1,11,2,NONE,,
AAA_BASE,base,3060,37.2888142712,127.1074028573,-21.946538,-18.114966,1,11,2,NONE,,
AAA_BASE,base,3061,37.2888136691,127.1074056635,-21.698000,-18.182000,1,11,2,NONE,,
AAA_BASE,base,3062,37.2888131660,127.1074083282,-21.462000,-18.238000,1,11,2,NONE,,
AAA_BASE,base,3063,37.2888125013,127.1074108236,-21.241000,-18.312000,1,11,2,NONE,,
AAA_BASE,base,3064,37.2888116658,127.1074134883,-21.005000,-18.405000,1,11,2,NONE,,
AAA_BASE,base,3065,37.2888108304,127.1074161530,-20.769000,-18.498000,1,11,2,NONE,,
AAA_BASE,base,3066,37.2888101656,127.1074188290,-20.532000,-18.572000,1,11,2,NONE,,
AAA_BASE,base,3067,37.2888094353,127.1074214500,-20.299872,-18.653299,1,11,2,NONE,,
AAA_BASE,base,3068,37.2888088361,127.1074239890,-20.075000,-18.720000,1,11,2,NONE,,
AAA_BASE,base,3069,37.2888080007,127.1074268231,-19.824000,-18.813000,1,11,2,NONE,,
AAA_BASE,base,3070,37.2888070036,127.1074294878,-19.588000,-18.924000,1,11,2,NONE,,
AAA_BASE,base,3071,37.2888063299,127.1074319945,-19.366000,-18.999000,1,11,2,NONE,,
AAA_BASE,base,3072,37.2888055034,127.1074348285,-19.115000,-19.091000,1,11,2,NONE,,
AAA_BASE,base,3073,37.2888047941,127.1074372952,-18.896538,-19.169966,1,11,2,NONE,,
AAA_BASE,base,3074,37.2888039107,127.1074398545,-18.669872,-19.268299,1,11,2,NONE,,
AAA_BASE,base,3075,37.2888031678,127.1074424952,-18.436000,-19.351000,1,11,2,NONE,,
AAA_BASE,base,3076,37.2888025031,127.1074449905,-18.215000,-19.425000,1,11,2,NONE,,
AAA_BASE,base,3077,37.2888018293,127.1074476552,-17.979000,-19.500000,1,11,2,NONE,,
AAA_BASE,base,3078,37.2888013505,127.1074499601,-17.774872,-19.553299,1,11,2,NONE,,
AAA_BASE,base,3079,37.2888008322,127.1074526572,-17.536000,-19.611000,1,11,2,NONE,,
AAA_BASE,base,3080,37.2888001674,127.1074551639,-17.314000,-19.685000,1,11,2,NONE,,
AAA_BASE,base,3081,37.2887993320,127.1074576592,-17.093000,-19.778000,1,11,2,NONE,,
AAA_BASE,base,3082,37.2887984966,127.1074601545,-16.872000,-19.871000,1,11,2,NONE,,
AAA_BASE,base,3083,37.2887978318,127.1074628305,-16.635000,-19.945000,1,11,2,NONE,,
AAA_BASE,base,3084,37.2887973378,127.1074653259,-16.414000,-20.000000,1,11,2,NONE,,
AAA_BASE,base,3085,37.2887966640,127.1074679906,-16.178000,-20.075000,1,11,2,NONE,,
AAA_BASE,base,3086,37.2887959993,127.1074704972,-15.956000,-20.149000,1,11,2,NONE,,
AAA_BASE,base,3087,37.2887951639,127.1074731619,-15.720000,-20.242000,1,11,2,NONE,,
AAA_BASE,base,3088,37.2887944991,127.1074756573,-15.499000,-20.316000,1,11,2,NONE,,
AAA_BASE,base,3089,37.2887939960,127.1074784913,-15.248000,-20.372000,1,11,2,NONE,,
AAA_BASE,base,3090,37.2887934604,127.1074809542,-15.029872,-20.431633,1,11,2,NONE,,
AAA_BASE,base,3091,37.2887926665,127.1074836627,-14.790000,-20.520000,1,11,2,NONE,,
AAA_BASE,base,3092,37.2887920018,127.1074863274,-14.554000,-20.594000,1,11,2,NONE,,
AAA_BASE,base,3093,37.2887911664,127.1074889921,-14.318000,-20.687000,1,11,2,NONE,,
AAA_BASE,base,3094,37.2887905016,127.1074914874,-14.097000,-20.761000,1,11,2,NONE,,
AAA_BASE,base,3095,37.2887899986,127.1074941634,-13.860000,-20.817000,1,11,2,NONE,,
AAA_BASE,base,3096,37.2887893338,127.1074966588,-13.639000,-20.891000,1,11,2,NONE,,
AAA_BASE,base,3097,37.2887884984,127.1074991541,-13.418000,-20.984000,1,11,2,NONE,,
AAA_BASE,base,3098,37.2887876630,127.1075016607,-13.196000,-21.077000,1,11,2,NONE,,
AAA_BASE,base,3099,37.2887869982,127.1075043254,-12.960000,-21.151000,1,11,2,NONE,,
AAA_BASE,base,3100,37.2887865041,127.1075068208,-12.739000,-21.206000,1,11,2,NONE,,
AAA_BASE,base,3101,37.2887858547,127.1075092762,-12.521538,-21.278299,1,11,2,NONE,,
AAA_BASE,base,3102,37.2887854205,127.1075120425,-12.276538,-21.326633,1,11,2,NONE,,
AAA_BASE,base,3103,37.2887848333,127.1075146568,-12.045000,-21.392000,1,11,2,NONE,,
AAA_BASE,base,3104,37.2887839978,127.1075173215,-11.809000,-21.485000,1,11,2,NONE,,
AAA_BASE,base,3105,37.2887833331,127.1075198282,-11.587000,-21.559000,1,11,2,NONE,,
AAA_BASE,base,3106,37.2887828300,127.1075224929,-11.351000,-21.615000,1,11,2,NONE,,
AAA_BASE,base,3107,37.2887823360,127.1075249882,-11.130000,-21.670000,1,11,2,NONE,,
AAA_BASE,base,3108,37.2887816622,127.1075274948,-10.908000,-21.745000,1,11,2,NONE,,
AAA_BASE,base,3109,37.2887809975,127.1075299902,-10.687000,-21.819000,1,11,2,NONE,,
AAA_BASE,base,3110,37.2887803327,127.1075323274,-10.480000,-21.893000,1,11,2,NONE,,
AAA_BASE,base,3111,37.2887796680,127.1075348228,-10.259000,-21.967000,1,11,2,NONE,,
AAA_BASE,base,3112,37.2887789077,127.1075375228,-10.019872,-22.051633,1,11,2,NONE,,
AAA_BASE,base,3113,37.2887783295,127.1075401635,-9.786000,-22.116000,1,11,2,NONE,,
AAA_BASE,base,3114,37.2887775031,127.1075426588,-9.565000,-22.208000,1,11,2,NONE,,
AAA_BASE,base,3115,37.2887766676,127.1075453235,-9.329000,-22.301000,1,11,2,NONE,,
AAA_BASE,base,3116,37.2887760029,127.1075478302,-9.107000,-22.375000,1,11,2,NONE,,
AAA_BASE,base,3117,37.2887753291,127.1075504949,-8.871000,-22.450000,1,11,2,NONE,,
AAA_BASE,base,3118,37.2887746707,127.1075531422,-8.636538,-22.523299,1,11,2,NONE,,
AAA_BASE,base,3119,37.2887739996,127.1075558243,-8.399000,-22.598000,1,11,2,NONE,,
AAA_BASE,base,3120,37.2887731642,127.1075584890,-8.163000,-22.691000,1,11,2,NONE,,
AAA_BASE,base,3121,37.2887724995,127.1075609956,-7.941000,-22.765000,1,11,2,NONE,,
AAA_BASE,base,3122,37.2887718347,127.1075634910,-7.720000,-22.839000,1,11,2,NONE,,
AAA_BASE,base,3123,37.2887711700,127.1075661557,-7.484000,-22.913000,1,11,2,NONE,,
AAA_BASE,base,3124,37.2887705616,127.1075686560,-7.262557,-22.980722,1,11,2,NONE,,
AAA_BASE,base,3125,37.2887698971,127.1075707660,-7.075682,-23.054693,1,11,2,NONE,,
AAA_BASE,base,3126,37.2887691667,127.1075729868,-6.879000,-23.136000,1,11,2,NONE,,
AAA_BASE,base,3127,37.2887683313,127.1075756628,-6.642000,-23.229000,1,11,2,NONE,,
AAA_BASE,base,3128,37.2887678372,127.1075778307,-6.450000,-23.284000,1,11,2,NONE,,
AAA_BASE,base,3129,37.2887672042,127.1075799535,-6.261997,-23.354472,1,11,2,NONE,,
AAA_BASE,base,3130,37.2887664697,127.1075826350,-6.024510,-23.436229,1,11,2,NONE,,
AAA_BASE,base,3131,37.2887656633,127.1075853280,-5.786000,-23.526000,1,11,2,NONE,,
AAA_BASE,base,3132,37.2887648369,127.1075879927,-5.550000,-23.618000,1,11,2,NONE,,
AAA_BASE,base,3133,37.2887640014,127.1075904881,-5.329000,-23.711000,1,11,2,NONE,,
AAA_BASE,base,3134,37.2887633367,127.1075929947,-5.107000,-23.785000,1,11,2,NONE,,
AAA_BASE,base,3135,37.2887625877,127.1075954270,-4.891580,-23.868378,1,11,2,NONE,,
AAA_BASE,base,3136,37.2887619982,127.1075981547,-4.650000,-23.934000,1,11,2,NONE,,
AAA_BASE,base,3137,37.2887611628,127.1076006614,-4.428000,-24.027000,1,11,2,NONE,,
AAA_BASE,base,3138,37.2887603363,127.1076031567,-4.207000,-24.119000,1,11,2,NONE,,
AAA_BASE,base,3139,37.2887596626,127.1076056633,-3.985000,-24.194000,1,11,2,NONE,,
AAA_BASE,base,3140,37.2887591685,127.1076081587,-3.764000,-24.249000,1,11,2,NONE,,
AAA_BASE,base,3141,37.2887586007,127.1076105050,-3.556202,-24.312206,1,11,2,NONE,,
AAA_BASE,base,3142,37.2887578300,127.1076128219,-3.351000,-24.398000,1,11,2,NONE,,
AAA_BASE,base,3143,37.2887571653,127.1076151592,-3.144000,-24.472000,1,11,2,NONE,,
AAA_BASE,base,3144,37.2887565005,127.1076174964,-2.937000,-24.546000,1,11,2,NONE,,
START_A,,0,37.2889733727,127.1076538607,0.283601,-0.403788,1,1,2,NONE,,
START_A,,1,37.2889736544,127.1076528361,0.192857,-0.372429,1,1,2,NONE,,
START_A,,2,37.2889742779,127.1076509404,0.024965,-0.303021,1,1,2,NONE,,
START_A,,3,37.2889747908,127.1076493475,-0.116111,-0.245925,1,1,2,NONE,,
START_A,,4,37.2889753339,127.1076474892,-0.280691,-0.185467,1,1,2,NONE,,
START_A,,5,37.2889757262,127.1076457067,-0.438559,-0.141796,1,1,2,NONE,,
START_A,,6,37.2889761544,127.1076433361,-0.648511,-0.094129,1,1,2,NONE,,
START_A,,7,37.2889766544,127.1076415028,-0.810877,-0.038469,1,1,2,NONE,,
START_A,,8,37.2889773211,127.1076391694,-1.017535,0.035748,1,1,2,NONE,,
START_A,,9,37.2889779877,127.1076370028,-1.209420,0.109954,1,1,2,NONE,,
START_A,,10,37.2889786544,127.1076348361,-1.401314,0.184171,1,1,2,NONE,,
START_A,,11,37.2889791544,127.1076325028,-1.607963,0.239831,1,1,2,NONE,,
START_A,,12,37.2889794877,127.1076300028,-1.829376,0.276934,1,1,2,NONE,,
START_A,,13,37.2889800697,127.1076275507,-2.046546,0.341722,1,1,2,NONE,,
START_A,,14,37.2889808211,127.1076251694,-2.257446,0.425368,1,1,2,NONE,,
START_A,,15,37.2889816544,127.1076226694,-2.478859,0.518131,1,1,2,NONE,,
START_A,,16,37.2889823769,127.1076200337,-2.712290,0.598560,1,1,2,NONE,,
START_A,,17,37.2889829877,127.1076175028,-2.936439,0.666554,1,1,2,NONE,,
START_A,,18,37.2889834877,127.1076148361,-3.172616,0.722214,1,1,2,NONE,,
START_A,,19,37.2889841544,127.1076121694,-3.408792,0.796431,1,1,2,NONE,,
START_A,,20,37.2889849877,127.1076096694,-3.630205,0.889194,1,1,2,NONE,,
START_A,,21,37.2889858211,127.1076070028,-3.866373,0.981968,1,1,2,NONE,,
START_A,,22,37.2889864877,127.1076041694,-4.117313,1.056174,1,1,2,NONE,,
START_A,,23,37.2889869877,127.1076015028,-4.353481,1.111834,1,1,2,NONE,,
START_A,,24,37.2889874877,127.1075990028,-4.574893,1.167494,1,1,2,NONE,,
START_A,,25,37.2889881544,127.1075963361,-4.811070,1.241711,1,1,2,NONE,,
START_A,,26,37.2889888211,127.1075938361,-5.032483,1.315928,1,1,2,NONE,,
START_A,,27,37.2889895017,127.1075911261,-5.272494,1.391693,1,1,2,NONE,,
START_A,,28,37.2889901544,127.1075883361,-5.519591,1.464351,1,1,2,NONE,,
START_A,,29,37.2889908211,127.1075855028,-5.770522,1.538568,1,1,2,NONE,,
START_A,,30,37.2889913211,127.1075830028,-5.991935,1.594228,1,1,2,NONE,,
START_A,,31,37.2889921544,127.1075803361,-6.228111,1.686991,1,1,2,NONE,,
START_A,,32,37.2889929877,127.1075775028,-6.479043,1.779754,1,1,2,NONE,,
START_A,,33,37.2889934877,127.1075746694,-6.729983,1.835414,1,1,2,NONE,,
START_A,,34,37.2889941544,127.1075718361,-6.980914,1.909631,1,1,2,NONE,,
START_A,,35,37.2889948211,127.1075691694,-7.217091,1.983848,1,1,2,NONE,,
START_A,,36,37.2889954877,127.1075663361,-7.468022,2.058054,1,1,2,NONE,,
START_A,,37,37.2889963211,127.1075636694,-7.704199,2.150828,1,1,2,NONE,,
START_A,,38,37.2889971544,127.1075608361,-7.955130,2.243591,1,1,2,NONE,,
START_A,,39,37.2889979877,127.1075581694,-8.191307,2.336354,1,1,2,NONE,,
START_A,,40,37.2889986544,127.1075555028,-8.427475,2.410571,1,1,2,NONE,,
START_A,,41,37.2889994877,127.1075528361,-8.663651,2.503334,1,1,2,NONE,,
START_A,,42,37.2890003211,127.1075500028,-8.914583,2.596108,1,1,2,NONE,,
START_A,,43,37.2890011544,127.1075475028,-9.135995,2.688871,1,1,2,NONE,,
START_A,,44,37.2890019877,127.1075446694,-9.386936,2.781634,1,1,2,NONE,,
START_A,,45,37.2890024877,127.1075420028,-9.623103,2.837294,1,1,2,NONE,,
START_A,,46,37.2890031544,127.1075393361,-9.859280,2.911511,1,1,2,NONE,,
START_A,,47,37.2890036544,127.1075368361,-10.080692,2.967171,1,1,2,NONE,,
START_A,,48,37.2890043211,127.1075340028,-10.331624,3.041388,1,1,2,NONE,,
START_A,,49,37.2890049877,127.1075315028,-10.553037,3.115594,1,1,2,NONE,,
START_A,,50,37.2890054877,127.1075290028,-10.774449,3.171254,1,1,2,NONE,,
START_A,,51,37.2890059084,127.1075266935,-10.978973,3.218086,1,1,2,NONE,,
START_A,,52,37.2890064877,127.1075243361,-11.187756,3.282574,1,1,2,NONE,,
START_A,,53,37.2890071544,127.1075221694,-11.379650,3.356791,1,1,2,NONE,,
START_A,,54,37.2890079446,127.1075199376,-11.577310,3.444756,1,1,2,NONE,,
START_A,,55,37.2890084387,127.1075179993,-11.748975,3.499759,1,1,2,NONE,,
START_A,,56,37.2890087830,127.1075163621,-11.893974,3.538087,1,1,2,NONE,,
START_A,,57,37.2890093220,127.1075143297,-12.073974,3.598088,1,1,2,NONE,,
START_A,,58,37.2890097113,127.1075123161,-12.252308,3.641425,1,1,2,NONE,,
START_A,,59,37.2890100706,127.1075107542,-12.390638,3.681422,1,1,2,NONE,,
START_A,,60,37.2890102802,127.1075097568,-12.478973,3.704755,1,1,2,NONE,,
START_A,,61,37.2890103551,127.1075093993,-12.510635,3.713093,1,1,2,NONE,,
START_A,,62,37.2890106994,127.1075080067,-12.633971,3.751421,1,1,2,NONE,,
START_A,,63,37.2890113133,127.1075060872,-12.803971,3.819760,1,1,2,NONE,,
START_A,,64,37.2890118211,127.1075038361,-13.003340,3.876288,1,1,2,NONE,,
START_A,,65,37.2890122565,127.1075019847,-13.167310,3.924757,1,1,2,NONE,,
START_A,,66,37.2890127057,127.1075001029,-13.333971,3.974762,1,1,2,NONE,,
START_A,,67,37.2890134842,127.1074976000,-13.555641,4.061424,1,1,2,NONE,,
START_A,,68,37.2890141430,127.1074955112,-13.740636,4.134762,1,1,2,NONE,,
START_A,,69,37.2890146544,127.1074935028,-13.918510,4.191691,1,1,2,NONE,,
START_A,,70,37.2890151544,127.1074915028,-14.095640,4.247351,1,1,2,NONE,,
START_A,,71,37.2890158211,127.1074895028,-14.272770,4.321568,1,1,2,NONE,,
START_A,,72,37.2890164877,127.1074871694,-14.479428,4.395774,1,1,2,NONE,,
START_A,,73,37.2890171544,127.1074848361,-14.686077,4.469991,1,1,2,NONE,,
START_A,,74,37.2890178211,127.1074826694,-14.877971,4.544208,1,1,2,NONE,,
START_A,,75,37.2890184877,127.1074800028,-15.114138,4.618414,1,1,2,NONE,,
START_A,,76,37.2890191544,127.1074776694,-15.320796,4.692631,1,1,2,NONE,,
START_A,,77,37.2890198922,127.1074751495,-15.543971,4.774763,1,1,2,NONE,,
START_A,,78,37.2890208211,127.1074725028,-15.778377,4.878168,1,1,2,NONE,,
START_A,,79,37.2890214877,127.1074701694,-15.985034,4.952374,1,1,2,NONE,,
START_A,,80,37.2890223211,127.1074676694,-16.206447,5.045148,1,1,2,NONE,,
START_A,,81,37.2890229877,127.1074651694,-16.427860,5.119354,1,1,2,NONE,,
START_A,,82,37.2890238211,127.1074626694,-16.649272,5.212128,1,1,2,NONE,,
START_A,,83,37.2890248211,127.1074601694,-16.870685,5.323448,1,1,2,NONE,,
START_A,,84,37.2890256544,127.1074576694,-17.092098,5.416211,1,1,2,NONE,,
START_A,,85,37.2890263211,127.1074550028,-17.328266,5.490428,1,1,2,NONE,,
START_A,,86,37.2890269877,127.1074521694,-17.579206,5.564634,1,1,2,NONE,,
START_A,,87,37.2890274877,127.1074496694,-17.800619,5.620294,1,1,2,NONE,,
START_A,,88,37.2890283211,127.1074470028,-18.036786,5.713068,1,1,2,NONE,,
START_A,,89,37.2890291544,127.1074443361,-18.272963,5.805831,1,1,2,NONE,,
START_A,,90,37.2890299877,127.1074418361,-18.494375,5.898594,1,1,2,NONE,,
START_A,,91,37.2890306544,127.1074388361,-18.760071,5.972811,1,1,2,NONE,,
START_A,,92,37.2890313211,127.1074360028,-19.011002,6.047028,1,1,2,NONE,,
START_A,,93,37.2890319877,127.1074335028,-19.232415,6.121234,1,1,2,NONE,,
START_A,,94,37.2890328211,127.1074306694,-19.483355,6.214008,1,1,2,NONE,,
START_A,,95,37.2890336544,127.1074281694,-19.704768,6.306771,1,1,2,NONE,,
START_A,,96,37.2890343441,127.1074253756,-19.952201,6.383549,1,1,2,NONE,,
START_A,,97,37.2890349877,127.1074226694,-20.191876,6.455194,1,1,2,NONE,,
START_A,,98,37.2890358211,127.1074200028,-20.428044,6.547968,1,1,2,NONE,,
START_A,,99,37.2890366286,127.1074174060,-20.658029,6.637859,1,1,2,NONE,,
START_A,,100,37.2890371544,127.1074158361,-20.797068,6.696391,1,1,2,NONE,,
START_A,,101,37.2890379877,127.1074130029,-21.047990,6.789154,1,1,2,NONE,,
START_A,,102,37.2890386544,127.1074101694,-21.298939,6.863371,1,2,2,NONE,,
START_A,,103,37.2890394877,127.1074075029,-21.535098,6.956134,1,2,2,NONE,,
START_A,,104,37.2890403211,127.1074046694,-21.786047,7.048908,1,2,2,NONE,,
START_A,,105,37.2890411544,127.1074018361,-22.036979,7.141671,1,2,2,NONE,,
START_A,,106,37.2890419877,127.1073991694,-22.273155,7.234434,1,2,2,NONE,,
START_A,,107,37.2890428211,127.1073965029,-22.509314,7.327208,1,2,2,NONE,,
START_A,,108,37.2890434877,127.1073936694,-22.760263,7.401414,1,2,2,NONE,,
START_A,,109,37.2890439458,127.1073917287,-22.932142,7.452410,1,2,2,NONE,,
START_A,,110,37.2890446544,127.1073893361,-23.144042,7.531291,1,2,2,NONE,,
START_A,,111,37.2890454877,127.1073865029,-23.394965,7.624054,1,2,2,NONE,,
START_A,,112,37.2890463211,127.1073836695,-23.645905,7.716828,1,2,2,NONE,,
START_A,,113,37.2890471544,127.1073808362,-23.896837,7.809591,1,2,2,NONE,,
START_A,,114,37.2890478211,127.1073780029,-24.147768,7.883808,1,2,2,NONE,,
START_A,,115,37.2890484877,127.1073755029,-24.369181,7.958014,1,2,2,NONE,,
START_A,,116,37.2890491544,127.1073730029,-24.590594,8.032231,1,2,2,NONE,,
START_A,,117,37.2890501544,127.1073703362,-24.826770,8.143551,1,2,2,NONE,,
START_A,,118,37.2890508211,127.1073676695,-25.062947,8.217768,1,2,2,NONE,,
START_A,,119,37.2890514877,127.1073650029,-25.299114,8.291974,1,2,2,NONE,,
START_A,,120,37.2890519877,127.1073623362,-25.535291,8.347634,1,2,2,NONE,,
START_A,,121,37.2890525366,127.1073598461,-25.755827,8.408738,1,2,2,NONE,,
START_A,,122,37.2890533211,127.1073573362,-25.978116,8.496068,1,2,2,NONE,,
START_A,,123,37.2890540534,127.1073548850,-26.195207,8.577588,1,2,2,NONE,,
START_A,,124,37.2890546544,127.1073523362,-26.420942,8.644491,1,2,2,NONE,,
START_A,,125,37.2890554877,127.1073496695,-26.657118,8.737254,1,2,2,NONE,,
START_A,,126,37.2890561544,127.1073473362,-26.863767,8.811471,1,2,2,NONE,,
START_A,,127,37.2890566544,127.1073450029,-27.070416,8.867131,1,2,2,NONE,,
START_A,,128,37.2890574877,127.1073421695,-27.321356,8.959894,1,2,2,NONE,,
START_A,,129,37.2890581544,127.1073396695,-27.542769,9.034111,1,2,2,NONE,,
START_A,,130,37.2890588211,127.1073370029,-27.778937,9.108328,1,2,2,NONE,,
START_A,,131,37.2890594877,127.1073345029,-28.000349,9.182534,1,2,2,NONE,,
START_A,,132,37.2890599877,127.1073321695,-28.207007,9.238194,1,2,2,NONE,,
START_A,,133,37.2890606544,127.1073296695,-28.428420,9.312411,1,2,2,NONE,,
START_A,,134,37.2890613928,127.1073272302,-28.644457,9.394610,1,2,2,NONE,,
START_A,,135,37.2890619877,127.1073246695,-28.871245,9.460834,1,2,2,NONE,,
START_A,,136,37.2890626544,127.1073221695,-29.092658,9.535051,1,2,2,NONE,,
START_A,,137,37.2890631544,127.1073196695,-29.314071,9.590711,1,2,2,NONE,,
START_A,,138,37.2890636544,127.1073173362,-29.520720,9.646371,1,2,2,NONE,,
START_A,,139,37.2890643211,127.1073148362,-29.742132,9.720588,1,2,2,NONE,,
START_A,,140,37.2890649877,127.1073123362,-29.963545,9.794794,1,2,2,NONE,,
START_A,,141,37.2890655355,127.1073096614,-30.200439,9.855775,1,2,2,NONE,,
START_A,,142,37.2890659877,127.1073071695,-30.421134,9.906114,1,2,2,NONE,,
START_A,,143,37.2890664877,127.1073050029,-30.613019,9.961774,1,2,2,NONE,,
START_A,,144,37.2890671013,127.1073028348,-30.805037,10.030080,1,2,2,NONE,,
START_A,,145,37.2890679877,127.1073005029,-31.011562,10.128754,1,2,2,NONE,,
START_A,,146,37.2890686544,127.1072983362,-31.203456,10.202971,1,2,2,NONE,,
START_A,,147,37.2890693211,127.1072961695,-31.395350,10.277188,1,2,2,NONE,,
START_A,,148,37.2890699877,127.1072940029,-31.587235,10.351394,1,2,2,NONE,,
START_A,,149,37.2890705916,127.1072920107,-31.763675,10.418620,1,2,2,NONE,,
START_A,,150,37.2890713211,127.1072901695,-31.926741,10.499828,1,2,2,NONE,,
START_A,,151,37.2890720758,127.1072881976,-32.101382,10.583841,1,2,2,NONE,,
START_A,,152,37.2890725814,127.1072864961,-32.252076,10.640125,1,2,2,NONE,,
START_A,,153,37.2890730544,127.1072846306,-32.417294,10.692779,1,2,2,NONE,,
START_A,,154,37.2890735437,127.1072827445,-32.584336,10.747248,1,2,2,NONE,,
START_A,,155,37.2890739877,127.1072813362,-32.709063,10.796674,1,2,2,NONE,,
START_A,,156,37.2890745712,127.1072794440,-32.876646,10.861629,1,2,2,NONE,,
START_A,,157,37.2890751420,127.1072776605,-33.034601,10.925171,1,2,2,NONE,,
START_A,,158,37.2890756544,127.1072758362,-33.196171,10.982211,1,2,2,NONE,,
START_A,,159,37.2890763211,127.1072736695,-33.388065,11.056428,1,2,2,NONE,,
START_A,,160,37.2890769877,127.1072716695,-33.565195,11.130634,1,2,2,NONE,,
START_A,,161,37.2890778211,127.1072695029,-33.757080,11.223408,1,2,2,NONE,,
START_A,,162,37.2890784040,127.1072675128,-33.933333,11.288297,1,2,2,NONE,,
START_A,,163,37.2890789877,127.1072651695,-34.140868,11.353274,1,2,2,NONE,,
START_A,,164,37.2890796544,127.1072630029,-34.332753,11.427491,1,2,2,NONE,,
START_A,,165,37.2890801544,127.1072608362,-34.524647,11.483151,1,2,2,NONE,,
START_A,,166,37.2890808211,127.1072583362,-34.746060,11.557368,1,2,2,NONE,,
START_A,,167,37.2890816544,127.1072560029,-34.952709,11.650131,1,2,2,NONE,,
START_A,,168,37.2890823211,127.1072536695,-35.159366,11.724348,1,2,2,NONE,,
START_A,,169,37.2890828211,127.1072511695,-35.380779,11.780008,1,2,2,NONE,,
START_A,,170,37.2890833211,127.1072485029,-35.616947,11.835668,1,2,2,NONE,,
START_A,,171,37.2890838211,127.1072461695,-35.823604,11.891328,1,2,2,NONE,,
START_A,,172,37.2890846544,127.1072435029,-36.059772,11.984091,1,2,2,NONE,,
START_A,,173,37.2890854877,127.1072408362,-36.295949,12.076854,1,2,2,NONE,,
START_A,,174,37.2890861544,127.1072380029,-36.546880,12.151071,1,2,2,NONE,,
START_A,,175,37.2890868211,127.1072351695,-36.797820,12.225288,1,2,2,NONE,,
START_A,,176,37.2890873744,127.1072326008,-37.025317,12.286882,1,2,2,NONE,,
START_A,,177,37.2890881544,127.1072301695,-37.240646,12.373711,1,2,2,NONE,,
START_A,,178,37.2890891544,127.1072275029,-37.476813,12.485031,1,2,2,NONE,,
START_A,,179,37.2890898211,127.1072250029,-37.698226,12.559248,1,2,2,NONE,,
START_A,,180,37.2890903211,127.1072225029,-37.919639,12.614908,1,2,2,NONE,,
START_A,,181,37.2890908211,127.1072198362,-38.155815,12.670568,1,2,2,NONE,,
START_A,,182,37.2890915008,127.1072173281,-38.377945,12.746232,1,2,2,NONE,,
START_A,,183,37.2890923211,127.1072151695,-38.569122,12.837548,1,2,2,NONE,,
START_A,,184,37.2890931544,127.1072128362,-38.775771,12.930311,1,2,2,NONE,,
START_A,,185,37.2890938211,127.1072105029,-38.982420,13.004528,1,2,2,NONE,,
START_A,,186,37.2890943211,127.1072081695,-39.189078,13.060188,1,2,2,NONE,,
START_A,,187,37.2890949877,127.1072058362,-39.395727,13.134394,1,2,2,NONE,,
START_A,,188,37.2890956544,127.1072038362,-39.572857,13.208611,1,2,2,NONE,,
START_A,,189,37.2890966544,127.1072015029,-39.779506,13.319931,1,2,2,NONE,,
START_A,,190,37.2890973397,127.1071993904,-39.966599,13.396219,1,2,2,NONE,,
START_A,,191,37.2890979877,127.1071975029,-40.133766,13.468354,1,2,2,NONE,,
START_A,,192,37.2890986544,127.1071953362,-40.325660,13.542571,1,2,2,NONE,,
START_A,,193,37.2890991990,127.1071933223,-40.504021,13.603196,1,2,2,NONE,,
START_A,,194,37.2890998211,127.1071915029,-40.665156,13.672448,1,2,2,NONE,,
START_A,,195,37.2891004386,127.1071896322,-40.830835,13.741188,1,2,2,NONE,,
START_A,,196,37.2891008952,127.1071877667,-40.996053,13.792017,1,2,2,NONE,,
START_A,,197,37.2891013211,127.1071860029,-41.152264,13.839428,1,2,2,NONE,,
START_A,,198,37.2891016544,127.1071841695,-41.314640,13.876531,1,2,2,NONE,,
START_A,,199,37.2891019877,127.1071825029,-41.462242,13.913634,1,2,2,NONE,,
START_A,,200,37.2891026544,127.1071801695,-41.668900,13.987851,1,2,2,NONE,,
START_A,,201,37.2891031786,127.1071783776,-41.827600,14.046205,1,2,2,NONE,,
START_A,,202,37.2891036544,127.1071765029,-41.993633,14.099171,1,2,2,NONE,,
START_A,,203,37.2891039615,127.1071749540,-42.130811,14.133357,1,2,2,NONE,,
START_A,,204,37.2891042877,127.1071734780,-42.261533,14.169670,1,2,2,NONE,,
START_A,,205,37.2891045650,127.1071722890,-42.366837,14.200539,1,2,2,NONE,,
START_A,,206,37.2891049727,127.1071705055,-42.524793,14.245924,1,2,2,NONE,,
START_A,,207,37.2891053804,127.1071687834,-42.677311,14.291309,1,2,2,NONE,,
START_A,,208,37.2891059877,127.1071663362,-42.894047,14.358914,1,2,2,NONE,,
START_A,,209,37.2891064877,127.1071643362,-43.071178,14.414574,1,2,2,NONE,,
START_A,,210,37.2891071544,127.1071618362,-43.292590,14.488791,1,2,2,NONE,,
START_A,,211,37.2891079877,127.1071593362,-43.514003,14.581554,1,2,2,NONE,,
START_A,,212,37.2891086544,127.1071568362,-43.735416,14.655771,1,2,2,NONE,,
START_A,,213,37.2891096544,127.1071541695,-43.971592,14.767091,1,2,2,NONE,,
START_A,,214,37.2891103211,127.1071515029,-44.207760,14.841308,1,2,2,NONE,,
START_A,,215,37.2891109877,127.1071488362,-44.443936,14.915514,1,2,2,NONE,,
START_A,,216,37.2891118211,127.1071463362,-44.665349,15.008288,1,2,2,NONE,,
START_A,,217,37.2891126544,127.1071436695,-44.901526,15.101051,1,2,2,NONE,,
START_A,,218,37.2891136544,127.1071410029,-45.137693,15.212371,1,2,2,NONE,,
START_A,,219,37.2891144877,127.1071385029,-45.359106,15.305134,1,2,2,NONE,,
START_A,,220,37.2891151544,127.1071358362,-45.595282,15.379351,1,2,2,NONE,,
START_A,,221,37.2891159877,127.1071330029,-45.846214,15.472114,1,2,2,NONE,,
START_A,,222,37.2891166544,127.1071303362,-46.082390,15.546331,1,2,2,NONE,,
START_A,,223,37.2891174877,127.1071276695,-46.318567,15.639094,1,2,2,NONE,,
START_A,,224,37.2891183211,127.1071250029,-46.554735,15.731868,1,2,2,NONE,,
START_A,,225,37.2891189877,127.1071221695,-46.805675,15.806074,1,2,2,NONE,,
START_A,,226,37.2891194877,127.1071191695,-47.071370,15.861734,1,2,2,NONE,,
START_A,,227,37.2891201544,127.1071165029,-47.307538,15.935951,1,2,2,NONE,,
START_A,,228,37.2891208211,127.1071135029,-47.573233,16.010168,1,2,2,NONE,,
START_A,,229,37.2891214877,127.1071108362,-47.809410,16.084374,1,2,2,NONE,,
START_A,,230,37.2891221544,127.1071078362,-48.075105,16.158591,1,2,2,NONE,,
START_A,,231,37.2891228156,127.1071050070,-48.325673,16.232196,1,3,2,NONE,,
START_A,,232,37.2891234877,127.1071023362,-48.562213,16.307014,1,3,2,NONE,,
START_A,,233,37.2891240063,127.1071004970,-48.725102,16.364745,1,3,2,NONE,,
START_A,,234,37.2891248211,127.1070976695,-48.975519,16.455448,1,3,2,NONE,,
START_A,,235,37.2891256544,127.1070946695,-49.241215,16.548211,1,3,2,NONE,,
START_A,,236,37.2891263211,127.1070918362,-49.492146,16.622428,1,3,2,NONE,,
START_A,,237,37.2891269877,127.1070888362,-49.757841,16.696634,1,3,2,NONE,,
START_A,,238,37.2891278211,127.1070860029,-50.008773,16.789408,1,3,2,NONE,,
START_A,,239,37.2891286709,127.1070830717,-50.268375,16.884008,1,3,2,NONE,,
START_A,,240,37.2891291544,127.1070813362,-50.422080,16.937831,1,3,2,NONE,,
START_A,,241,37.2891299877,127.1070783362,-50.687775,17.030594,1,3,2,NONE,,
START_A,,242,37.2891306544,127.1070751695,-50.968234,17.104811,1,3,2,NONE,,
START_A,,243,37.2891314877,127.1070723362,-51.219165,17.197574,1,3,2,NONE,,
START_A,,244,37.2891328211,127.1070678362,-51.617708,17.346008,1,3,2,NONE,,
START_A,,245,37.2891331544,127.1070661695,-51.765320,17.383111,1,3,2,NONE,,
START_A,,246,37.2891339877,127.1070631695,-52.031015,17.475874,1,3,2,NONE,,
START_A,,247,37.2891346544,127.1070601695,-52.296710,17.550091,1,3,2,NONE,,
START_A,,248,37.2891349877,127.1070585029,-52.444313,17.587194,1,3,2,NONE,,
START_A,,249,37.2891358211,127.1070555029,-52.710008,17.679968,1,3,2,NONE,,
START_A,,250,37.2891368211,127.1070523362,-52.990467,17.791288,1,3,2,NONE,,
START_A,,251,37.2891376544,127.1070493362,-53.256162,17.884051,1,3,2,NONE,,
START_A,,252,37.2891379877,127.1070476695,-53.403774,17.921154,1,3,2,NONE,,
START_A,,253,37.2891386544,127.1070446695,-53.669469,17.995371,1,3,2,NONE,,
START_A,,254,37.2891389877,127.1070430029,-53.817072,18.032474,1,3,2,NONE,,
START_A,,255,37.2891397452,127.1070402876,-54.057552,18.116799,1,3,2,NONE,,
START_A,,256,37.2891402835,127.1070383811,-54.226402,18.176723,1,3,2,NONE,,
START_A,,257,37.2891406912,127.1070367821,-54.368017,18.222108,1,3,2,NONE,,
START_A,,258,37.2891414877,127.1070338362,-54.628921,18.310774,1,3,2,NONE,,
START_A,,259,37.2891418211,127.1070321695,-54.776533,18.347888,1,3,2,NONE,,
START_A,,260,37.2891424877,127.1070291695,-55.042228,18.422094,1,3,2,NONE,,
START_A,,261,37.2891428211,127.1070275029,-55.189830,18.459208,1,3,2,NONE,,
START_A,,262,37.2891436544,127.1070246695,-55.440771,18.551971,1,3,2,NONE,,
START_A,,263,37.2891441544,127.1070230029,-55.588373,18.607631,1,3,2,NONE,,
START_A,,264,37.2891446544,127.1070213362,-55.735985,18.663291,1,3,2,NONE,,
START_A,,265,37.2891454877,127.1070183362,-56.001680,18.756054,1,3,2,NONE,,
START_A,,266,37.2891461544,127.1070151695,-56.282139,18.830271,1,3,2,NONE,,
START_A,,267,37.2891469877,127.1070121695,-56.547834,18.923034,1,3,2,NONE,,
START_A,,268,37.2891476544,127.1070091695,-56.813529,18.997251,1,3,2,NONE,,
START_A,,269,37.2891484877,127.1070060029,-57.093980,19.090014,1,3,2,NONE,,
START_A,,270,37.2891489114,127.1070043301,-57.242131,19.137180,1,3,2,NONE,,
START_A,,271,37.2891493211,127.1070026695,-57.389202,19.182788,1,3,2,NONE,,
START_A,,272,37.2891496544,127.1070010029,-57.536805,19.219891,1,3,2,NONE,,
START_A,,273,37.2891499877,127.1069991695,-57.699180,19.256994,1,3,2,NONE,,
START_A,,274,37.2891504877,127.1069960029,-57.979630,19.312654,1,3,2,NONE,,
START_A,,275,37.2891508211,127.1069943362,-58.127242,19.349768,1,3,2,NONE,,
START_A,,276,37.2891513211,127.1069911695,-58.407701,19.405428,1,3,2,NONE,,
START_A,,277,37.2891519877,127.1069880029,-58.688151,19.479634,1,3,2,NONE,,
START_A,,278,37.2891524877,127.1069848362,-58.968610,19.535294,1,3,2,NONE,,
START_A,,279,37.2891526544,127.1069830029,-59.130977,19.553851,1,3,2,NONE,,
START_A,,280,37.2891529877,127.1069800029,-59.396672,19.590954,1,3,2,NONE,,
START_A,,281,37.2891534877,127.1069771695,-59.647612,19.646614,1,3,2,NONE,,
START_A,,282,37.2891539877,127.1069741695,-59.913307,19.702274,1,3,2,NONE,,
START_A,,283,37.2891542936,127.1069712017,-60.176151,19.736327,1,3,2,NONE,,
START_A,,284,37.2891544877,127.1069678362,-60.474217,19.757934,1,3,2,NONE,,
START_A,,285,37.2891544877,127.1069648362,-60.739912,19.757934,1,3,2,NONE,,
START_A,,286,37.2891543099,127.1069620380,-60.987735,19.738141,1,3,2,NONE,,
START_A,,287,37.2891541544,127.1069591695,-61.241784,19.720831,1,3,2,NONE,,
START_A,,288,37.2891538211,127.1069558362,-61.536998,19.683728,1,3,2,NONE,,
START_A,,289,37.2891534877,127.1069528362,-61.802693,19.646614,1,3,2,NONE,,
START_A,,290,37.2891529877,127.1069498362,-62.068388,19.590954,1,3,2,NONE,,
START_A,,291,37.2891521544,127.1069470029,-62.319320,19.498191,1,3,2,NONE,,
START_A,,292,37.2891514877,127.1069440029,-62.585015,19.423974,1,3,2,NONE,,
START_A,,293,37.2891508211,127.1069408362,-62.865474,19.349768,1,3,2,NONE,,
START_A,,294,37.2891499877,127.1069378362,-63.131169,19.256994,1,3,2,NONE,,
START_A,,295,37.2891489877,127.1069348362,-63.396864,19.145674,1,3,2,NONE,,
START_A,,296,37.2891479877,127.1069321695,-63.633041,19.034354,1,3,2,NONE,,
START_A,,297,37.2891471544,127.1069295029,-63.869209,18.941591,1,3,2,NONE,,
START_A,,298,37.2891461544,127.1069265029,-64.134904,18.830271,1,3,2,NONE,,
START_A,,299,37.2891451544,127.1069236695,-64.385844,18.718951,1,3,2,NONE,,
START_A,,300,37.2891441544,127.1069206695,-64.651539,18.607631,1,3,2,NONE,,
START_A,,301,37.2891429877,127.1069180029,-64.887707,18.477754,1,3,2,NONE,,
START_A,,302,37.2891418211,127.1069153362,-65.123884,18.347888,1,3,2,NONE,,
START_A,,303,37.2891408543,127.1069129399,-65.336112,18.240264,1,3,2,NONE,,
START_A,,304,37.2891401041,127.1069113408,-65.477737,18.156752,1,3,2,NONE,,
START_A,,305,37.2891393211,127.1069098362,-65.610992,18.069588,1,3,2,NONE,,
START_A,,306,37.2891379877,127.1069073363,-65.832395,17.921154,1,3,2,NONE,,
START_A,,307,37.2891363211,127.1069048362,-66.053817,17.735628,1,3,2,NONE,,
START_A,,308,37.2891348211,127.1069025029,-66.260466,17.568648,1,3,2,NONE,,
START_A,,309,37.2891339877,127.1069011695,-66.378559,17.475874,1,3,2,NONE,,
START_A,,310,37.2891323211,127.1068986696,-66.599962,17.290348,1,3,2,NONE,,
START_A,,311,37.2891312478,127.1068971136,-66.737770,17.170868,1,3,2,NONE,,
START_A,,312,37.2891296544,127.1068951696,-66.909940,16.993491,1,3,2,NONE,,
START_A,,313,37.2891285078,127.1068939566,-67.017370,16.865852,1,3,2,NONE,,
START_A,,314,37.2891266544,127.1068923362,-67.160881,16.659531,1,3,2,NONE,,
START_A,,315,37.2891249877,127.1068905030,-67.323238,16.473994,1,3,2,NONE,,
START_A,,316,37.2891231544,127.1068885030,-67.500368,16.269911,1,3,2,NONE,,
START_A,,317,37.2891221544,127.1068873363,-67.603697,16.158591,1,3,2,NONE,,
START_A,,318,37.2891211544,127.1068861696,-67.707026,16.047271,1,3,2,NONE,,
START_A,,319,37.2891191544,127.1068841696,-67.884156,15.824631,1,3,2,NONE,,
START_A,,320,37.2891173211,127.1068823362,-68.046531,15.620548,1,3,2,NONE,,
START_A,,321,37.2891161544,127.1068813362,-68.135096,15.490671,1,3,2,NONE,,
START_A,,322,37.2891143211,127.1068795030,-68.297454,15.286588,1,3,2,NONE,,
START_A,,323,37.2891123211,127.1068775030,-68.474584,15.063948,1,3,2,NONE,,
START_A,,324,37.2891112031,127.1068763673,-68.575168,14.939492,1,3,2,NONE,,
START_A,,325,37.2891091544,127.1068745030,-68.740279,14.711431,1,3,2,NONE,,
START_A,,326,37.2891070440,127.1068727388,-68.896526,14.476501,1,3,2,NONE,,
START_A,,327,37.2891049877,127.1068713363,-69.020738,14.247594,1,3,2,NONE,,
START_A,,328,37.2891029877,127.1068696696,-69.168350,14.024954,1,3,2,NONE,,
START_A,,329,37.2891008211,127.1068680030,-69.315952,13.783768,1,3,2,NONE,,
START_A,,330,37.2890996544,127.1068670029,-69.404526,13.653891,1,3,2,NONE,,
START_A,,331,37.2890974877,127.1068655030,-69.537365,13.412694,1,3,2,NONE,,
START_A,,332,37.2890953211,127.1068640030,-69.670213,13.171508,1,3,2,NONE,,
START_A,,333,37.2890929877,127.1068625030,-69.803060,12.911754,1,3,2,NONE,,
START_A,,334,37.2890909877,127.1068608363,-69.950672,12.689114,1,3,2,NONE,,
START_A,,335,37.2890889877,127.1068590030,-70.113038,12.466474,1,3,2,NONE,,
START_A,,336,37.2890878211,127.1068580030,-70.201603,12.336608,1,3,2,NONE,,
START_A,,337,37.2890856544,127.1068561696,-70.363979,12.095411,1,3,2,NONE,,
START_A,,338,37.2890834877,127.1068545030,-70.511581,11.854214,1,3,2,NONE,,
START_A,,339,37.2890814877,127.1068526696,-70.673956,11.631574,1,3,2,NONE,,
START_A,,340,37.2890794877,127.1068508363,-70.836323,11.408934,1,3,2,NONE,,
START_A,,341,37.2890776544,127.1068488363,-71.013453,11.204851,1,3,2,NONE,,
START_A,,342,37.2890756544,127.1068470030,-71.175819,10.982211,1,3,2,NONE,,
START_A,,343,37.2890734877,127.1068455030,-71.308667,10.741014,1,3,2,NONE,,
START_A,,344,37.2890714877,127.1068436696,-71.471042,10.518374,1,3,2,NONE,,
START_A,,345,37.2890694877,127.1068420030,-71.618645,10.295734,1,3,2,NONE,,
START_A,,346,37.2890673211,127.1068400030,-71.795775,10.054548,1,3,2,NONE,,
START_A,,347,37.2890653211,127.1068385030,-71.928622,9.831908,1,3,2,NONE,,
START_A,,348,37.2890631544,127.1068371696,-72.046715,9.590711,1,3,2,NONE,,
START_A,,349,37.2890611544,127.1068356696,-72.179563,9.368071,1,3,2,NONE,,
START_A,,350,37.2890591544,127.1068341696,-72.312410,9.145431,1,3,2,NONE,,
START_A,,351,37.2890569877,127.1068325030,-72.460013,8.904234,1,3,2,NONE,,
START_A,,352,37.2890558211,127.1068315030,-72.548578,8.774368,1,3,2,NONE,,
START_A,,353,37.2890538211,127.1068301696,-72.666671,8.551728,1,3,2,NONE,,
START_A,,354,37.2890516544,127.1068286696,-72.799518,8.310531,1,3,2,NONE,,
START_A,,355,37.2890494877,127.1068271696,-72.932366,8.069334,1,3,2,NONE,,
START_A,,356,37.2890474877,127.1068255030,-73.079969,7.846694,1,3,2,NONE,,
START_A,,357,37.2890453211,127.1068238363,-73.227580,7.605508,1,3,2,NONE,,
START_A,,358,37.2890433215,127.1068221851,-73.373819,7.382913,1,3,2,NONE,,
START_A,,359,37.2890413211,127.1068208363,-73.493275,7.160228,1,3,2,NONE,,
START_A,,360,37.2890391544,127.1068193363,-73.626123,6.919031,1,3,2,NONE,,
START_A,,361,37.2890373211,127.1068178363,-73.758970,6.714948,1,3,2,NONE,,
START_A,,362,37.2890351544,127.1068161696,-73.906582,6.473751,1,3,2,NONE,,
START_A,,363,37.2890331544,127.1068146696,-74.039430,6.251111,1,3,2,NONE,,
START_A,,364,37.2890311544,127.1068133363,-74.157513,6.028471,1,3,2,NONE,,
START_A,,365,37.2890289877,127.1068123363,-74.246078,5.787274,1,3,2,NONE,,
START_A,,366,37.2890269877,127.1068111696,-74.349407,5.564634,1,3,2,NONE,,
START_A,,367,37.2890246544,127.1068100030,-74.452727,5.304891,1,3,2,NONE,,
START_A,,368,37.2890224877,127.1068088363,-74.556056,5.063694,1,3,2,NONE,,
START_A,,369,37.2890203211,127.1068080030,-74.629858,4.822508,1,3,2,NONE,,
START_A,,370,37.2890181544,127.1068071696,-74.703668,4.581311,1,3,2,NONE,,
START_A,,371,37.2890158211,127.1068066696,-74.747950,4.321568,1,3,2,NONE,,
START_A,,372,37.2890138211,127.1068060030,-74.806988,4.098928,1,3,2,NONE,,
START_A,,373,37.2890114877,127.1068055030,-74.851270,3.839174,1,3,2,NONE,,
START_A,,374,37.2890093211,127.1068051696,-74.880798,3.597988,1,3,2,NONE,,
START_A,,375,37.2890071544,127.1068050030,-74.895553,3.356791,1,3,2,NONE,,
START_A,,376,37.2890048211,127.1068048363,-74.910317,3.097048,1,3,2,NONE,,
START_A,,377,37.2890026544,127.1068046696,-74.925080,2.855851,1,3,2,NONE,,
START_A,,378,37.2890004877,127.1068045030,-74.939835,2.614654,1,3,2,NONE,,
START_A,,379,37.2889981544,127.1068043363,-74.954599,2.354911,1,3,2,NONE,,
START_A,,380,37.2889959089,127.1068044728,-74.942510,2.104942,1,3,2,NONE,,
START_A,,381,37.2889936544,127.1068048363,-74.910317,1.853971,1,3,2,NONE,,
START_A,,382,37.2889913211,127.1068053363,-74.866034,1.594228,1,3,2,NONE,,
START_A,,383,37.2889891544,127.1068058363,-74.821751,1.353031,1,3,2,NONE,,
START_A,,384,37.2889869877,127.1068066696,-74.747950,1.111834,1,3,2,NONE,,
START_A,,385,37.2889855177,127.1068071629,-74.704261,0.948194,1,3,2,NONE,,
START_A,,386,37.2889836544,127.1068080030,-74.629858,0.740771,1,3,2,NONE,,
START_A,,387,37.2889814877,127.1068090030,-74.541292,0.499574,1,3,2,NONE,,
START_A,,388,37.2889794125,127.1068102931,-74.427035,0.268563,1,3,2,NONE,,
START_A,,389,37.2889774877,127.1068113363,-74.334644,0.054294,1,3,2,NONE,,
START_A,,390,37.2889753211,127.1068125030,-74.231315,-0.186892,1,3,2,NONE,,
START_A,,391,37.2889733211,127.1068138363,-74.113231,-0.409532,1,3,2,NONE,,
START_A,,392,37.2889713211,127.1068151696,-73.995147,-0.632172,1,3,2,NONE,,
START_A,,393,37.2889694877,127.1068168363,-73.847536,-0.836266,1,3,2,NONE,,
START_A,,394,37.2889674877,127.1068185030,-73.699924,-1.058906,1,3,2,NONE,,
START_A,,395,37.2889654877,127.1068200030,-73.567076,-1.281546,1,3,2,NONE,,
START_A,,396,37.2889634877,127.1068216696,-73.419474,-1.504186,1,3,2,NONE,,
START_A,,397,37.2889616544,127.1068233363,-73.271862,-1.708269,1,3,2,NONE,,
START_A,,398,37.2889596324,127.1068251917,-73.107539,-1.933358,1,3,2,NONE,,
START_A,,399,37.2889579877,127.1068270030,-72.947121,-2.116446,1,3,2,NONE,,
START_A,,400,37.2889563211,127.1068286696,-72.799518,-2.301972,1,3,2,NONE,,
START_A,,401,37.2889544877,127.1068306696,-72.622388,-2.506066,1,3,2,NONE,,
START_A,,402,37.2889534877,127.1068318363,-72.519059,-2.617386,1,3,2,NONE,,
START_A,,403,37.2889519877,127.1068340030,-72.327165,-2.784366,1,3,2,NONE,,
START_A,,404,37.2889503211,127.1068363363,-72.120516,-2.969892,1,3,2,NONE,,
START_A,,405,37.2889487135,127.1068386688,-71.913938,-3.148850,1,3,2,NONE,,
START_A,,406,37.2889473211,127.1068406696,-71.736737,-3.303852,1,3,2,NONE,,
START_A,,407,37.2889458211,127.1068431696,-71.515325,-3.470832,1,3,2,NONE,,
START_A,,408,37.2889443211,127.1068455030,-71.308667,-3.637812,1,3,2,NONE,,
START_A,,409,37.2889429877,127.1068478363,-71.102018,-3.786246,1,3,2,NONE,,
START_A,,410,37.2889416544,127.1068503363,-70.880605,-3.934669,1,3,2,NONE,,
START_A,,411,37.2889404877,127.1068526696,-70.673956,-4.064546,1,3,2,NONE,,
START_A,,412,37.2889391544,127.1068548363,-70.482062,-4.212969,1,3,2,NONE,,
START_A,,413,37.2889378211,127.1068573363,-70.260650,-4.361392,1,3,2,NONE,,
START_A,,414,37.2889364877,127.1068596696,-70.054001,-4.509826,1,3,2,NONE,,
START_A,,415,37.2889351544,127.1068621696,-69.832588,-4.658249,1,3,2,NONE,,
START_A,,416,37.2889339988,127.1068645776,-69.619323,-4.786890,1,3,2,NONE,,
START_A,,417,37.2889328211,127.1068668363,-69.419281,-4.917992,1,3,2,NONE,,
START_A,,418,37.2889314877,127.1068691696,-69.212632,-5.066426,1,3,2,NONE,,
START_A,,419,37.2889301544,127.1068716696,-68.991220,-5.214849,1,3,2,NONE,,
START_A,,420,37.2889289877,127.1068743363,-68.755043,-5.344726,1,3,2,NONE,,
START_A,,421,37.2889279877,127.1068768363,-68.533630,-5.456046,1,3,2,NONE,,
START_A,,422,37.2889269877,127.1068793362,-68.312227,-5.567366,1,3,2,NONE,,
START_A,,423,37.2889258211,127.1068816695,-68.105578,-5.697232,1,3,2,NONE,,
START_A,,424,37.2889244877,127.1068840030,-67.898911,-5.845666,1,3,2,NONE,,
START_A,,425,37.2889233211,127.1068865030,-67.677498,-5.975532,1,3,2,NONE,,
START_A,,426,37.2889223211,127.1068890029,-67.456095,-6.086852,1,3,2,NONE,,
START_A,,427,37.2889214802,127.1068912805,-67.254379,-6.180461,1,3,2,NONE,,
START_A,,428,37.2889204877,127.1068936695,-67.042797,-6.290946,1,3,2,NONE,,
START_A,,429,37.2889193211,127.1068961696,-66.821375,-6.420812,1,3,2,NONE,,
START_A,,430,37.2889181544,127.1068986696,-66.599962,-6.550689,1,3,2,NONE,,
START_A,,431,37.2889171544,127.1069011695,-66.378559,-6.662009,1,3,2,NONE,,
START_A,,432,37.2889161544,127.1069038362,-66.142382,-6.773329,1,3,2,NONE,,
START_A,,433,37.2889153211,127.1069061695,-65.935733,-6.866092,1,3,2,NONE,,
START_A,,434,37.2889143211,127.1069086695,-65.714320,-6.977412,1,3,2,NONE,,
START_A,,435,37.2889131544,127.1069113362,-65.478144,-7.107289,1,3,2,NONE,,
START_A,,436,37.2889121544,127.1069140029,-65.241967,-7.218609,1,3,2,NONE,,
START_A,,437,37.2889113211,127.1069166695,-65.005800,-7.311372,1,3,2,NONE,,
START_A,,438,37.2889104877,127.1069191695,-64.784387,-7.404146,1,3,2,NONE,,
START_A,,439,37.2889096544,127.1069215029,-64.577729,-7.496909,1,3,2,NONE,,
START_A,,440,37.2889084877,127.1069240029,-64.356317,-7.626786,1,3,2,NONE,,
START_A,,441,37.2889074877,127.1069266695,-64.120149,-7.738106,1,3,2,NONE,,
START_A,,442,37.2889066544,127.1069293362,-63.883972,-7.830869,1,3,2,NONE,,
START_A,,443,37.2889059034,127.1069318111,-63.664783,-7.914470,1,3,2,NONE,,
START_A,,444,37.2889053211,127.1069345029,-63.426383,-7.979292,1,3,2,NONE,,
START_A,,445,37.2889046544,127.1069370029,-63.204970,-8.053509,1,3,2,NONE,,
START_A,,446,37.2889038211,127.1069396695,-62.968803,-8.146272,1,3,2,NONE,,
START_A,,447,37.2889031544,127.1069425029,-62.717863,-8.220489,1,3,2,NONE,,
START_A,,448,37.2889026544,127.1069451695,-62.481695,-8.276149,1,3,2,NONE,,
START_A,,449,37.2889023211,127.1069480029,-62.230755,-8.313252,1,3,2,NONE,,
START_A,,450,37.2889019042,127.1069505874,-62.001858,-8.359661,1,3,2,NONE,,
START_A,,451,37.2889014877,127.1069531695,-61.773174,-8.406026,1,3,2,NONE,,
START_A,,452,37.2889009877,127.1069558362,-61.536998,-8.461686,1,3,2,NONE,,
START_A,,453,37.2889004877,127.1069585029,-61.300821,-8.517346,1,3,2,NONE,,
START_A,,454,37.2888999877,127.1069611695,-61.064653,-8.573006,1,3,2,NONE,,
START_A,,455,37.2888996544,127.1069636695,-60.843241,-8.610109,1,3,2,NONE,,
START_A,,456,37.2888992325,127.1069660267,-60.634475,-8.657075,1,3,2,NONE,,
START_A,,457,37.2888986544,127.1069686695,-60.400415,-8.721429,1,3,2,NONE,,
START_A,,458,37.2888980562,127.1069713069,-60.166834,-8.788021,1,3,2,NONE,,
START_A,,459,37.2888976544,127.1069738362,-59.942826,-8.832749,1,3,2,NONE,,
START_A,,460,37.2888974877,127.1069766695,-59.691895,-8.851306,1,3,2,NONE,,
START_A,,461,37.2888971544,127.1069793362,-59.455718,-8.888409,1,3,2,NONE,,
START_A,,462,37.2888969877,127.1069818362,-59.234305,-8.906966,1,3,2,NONE,,
START_A,,463,37.2888968211,127.1069845029,-58.998129,-8.925512,1,3,2,NONE,,
START_A,,464,37.2888968211,127.1069871695,-58.761961,-8.925512,1,3,2,NONE,,
START_A,,465,37.2888968968,127.1069898297,-58.526360,-8.917085,1,3,2,NONE,,
START_A,,466,37.2888971544,127.1069925029,-58.289608,-8.888409,1,3,2,NONE,,
START_A,,467,37.2888973211,127.1069951695,-58.053441,-8.869852,1,3,2,NONE,,
START_A,,468,37.2888976544,127.1069978362,-57.817264,-8.832749,1,3,2,NONE,,
START_A,,469,37.2888981544,127.1070006695,-57.566333,-8.777089,1,3,2,NONE,,
START_A,,470,37.2888988211,127.1070033362,-57.330156,-8.702872,1,3,2,NONE,,
START_A,,471,37.2888994877,127.1070060029,-57.093980,-8.628666,1,3,2,NONE,,
START_A,,472,37.2889003211,127.1070085029,-56.872567,-8.535892,1,3,2,NONE,,
START_A,,473,37.2889009877,127.1070110029,-56.651154,-8.461686,1,3,2,NONE,,
START_A,,474,37.2889018211,127.1070136695,-56.414987,-8.368912,1,3,2,NONE,,
START_A,,475,37.2889028211,127.1070163362,-56.178810,-8.257592,1,3,2,NONE,,
START_A,,476,37.2889039374,127.1070186595,-55.973047,-8.133325,1,3,2,NONE,,
START_A,,477,37.2889053211,127.1070208362,-55.780267,-7.979292,1,3,2,NONE,,
START_A,,478,37.2889068211,127.1070226695,-55.617901,-7.812312,1,3,2,NONE,,
START_A,,479,37.2889083211,127.1070246695,-55.440771,-7.645332,1,3,2,NONE,,
START_A,,480,37.2889098211,127.1070268362,-55.248877,-7.478352,1,3,2,NONE,,
START_A,,481,37.2889114877,127.1070288362,-55.071746,-7.292826,1,3,2,NONE,,
START_A,,482,37.2889133211,127.1070305029,-54.924135,-7.088732,1,3,2,NONE,,
START_A,,483,37.2889153211,127.1070320029,-54.791287,-6.866092,1,3,2,NONE,,
START_A,,484,37.2889171544,127.1070333362,-54.673204,-6.662009,1,3,2,NONE,,
START_A,,485,37.2889189877,127.1070350029,-54.525592,-6.457926,1,3,2,NONE,,
START_A,,486,37.2889208211,127.1070366695,-54.377990,-6.253832,1,3,2,NONE,,
START_A,,487,37.2889226544,127.1070380029,-54.259897,-6.049749,1,3,2,NONE,,
START_A,,488,37.2889248211,127.1070393362,-54.141813,-5.808552,1,3,2,NONE,,
START_A,,489,37.2889266544,127.1070405029,-54.038484,-5.604469,1,3,2,NONE,,
START_A,,490,37.2889284877,127.1070416695,-53.935164,-5.400386,1,3,2,NONE,,
START_A,,491,37.2889306544,127.1070430029,-53.817072,-5.159189,1,3,2,NONE,,
START_A,,492,37.2889328211,127.1070443362,-53.698988,-4.917992,1,3,2,NONE,,
START_A,,493,37.2889348211,127.1070453362,-53.610423,-4.695352,1,3,2,NONE,,
START_A,,494,37.2889369877,127.1070461695,-53.536621,-4.454166,1,3,2,NONE,,
START_A,,495,37.2889389877,127.1070471695,-53.448056,-4.231526,1,3,2,NONE,,
START_A,,496,37.2889411544,127.1070485029,-53.329964,-3.990329,1,3,2,NONE,,
START_A,,497,37.2889432574,127.1070497914,-53.215847,-3.756223,1,3,2,NONE,,
START_A,,498,37.2889454877,127.1070510029,-53.108551,-3.507946,1,3,2,NONE,,
START_A,,499,37.2889476544,127.1070520029,-53.019986,-3.266749,1,3,2,NONE,,
START_A,,500,37.2889498211,127.1070531695,-52.916666,-3.025552,1,3,2,NONE,,
START_A,,501,37.2889518211,127.1070543362,-52.813337,-2.802912,1,3,2,NONE,,
START_A,,502,37.2889539877,127.1070556695,-52.695253,-2.561726,1,3,2,NONE,,
START_A,,503,37.2889561544,127.1070570029,-52.577160,-2.320529,1,3,2,NONE,,
START_A,,504,37.2889583211,127.1070583362,-52.459077,-2.079332,1,3,2,NONE,,
START_A,,505,37.2889603801,127.1070593380,-52.370352,-1.850124,1,3,2,NONE,,
START_A,,506,37.2889623211,127.1070606695,-52.252428,-1.634052,1,3,2,NONE,,
START_A,,507,37.2889643211,127.1070621695,-52.119580,-1.411412,1,3,2,NONE,,
START_A,,508,37.2889661544,127.1070636695,-51.986732,-1.207329,1,3,2,NONE,,
START_A,,509,37.2889681544,127.1070650029,-51.868640,-0.984689,1,3,2,NONE,,
START_A,,510,37.2889701544,127.1070661695,-51.765320,-0.762049,1,3,2,NONE,,
START_A,,511,37.2889721544,127.1070673362,-51.661991,-0.539409,1,3,2,NONE,,
START_A,,512,37.2889739877,127.1070686695,-51.543907,-0.335326,1,3,2,NONE,,
START_A,,513,37.2889758211,127.1070703362,-51.396295,-0.131232,1,3,2,NONE,,
START_A,,514,37.2889776544,127.1070716695,-51.278212,0.072851,1,3,2,NONE,,
START_A,,515,37.2889794877,127.1070731695,-51.145364,0.276934,1,3,2,NONE,,
START_A,,516,37.2889814180,127.1070748194,-50.999241,0.491815,1,3,2,NONE,,
START_A,,517,37.2889829877,127.1070763362,-50.864905,0.666554,1,3,2,NONE,,
START_A,,518,37.2889844877,127.1070781695,-50.702539,0.833534,1,3,2,NONE,,
START_A,,519,37.2889859877,127.1070805029,-50.495881,1.000514,1,3,2,NONE,,
START_A,,520,37.2889873211,127.1070825029,-50.318751,1.148948,1,3,2,NONE,,
START_A,,521,37.2889887275,127.1070848095,-50.114466,1.305509,1,3,2,NONE,,
START_A,,522,37.2889898533,127.1070870272,-49.918056,1.430833,1,3,2,NONE,,
START_A,,523,37.2889908211,127.1070893362,-49.713559,1.538568,1,3,2,NONE,,
START_A,,524,37.2889916544,127.1070921695,-49.462627,1.631331,1,3,2,NONE,,
START_A,,525,37.2889921544,127.1070946695,-49.241215,1.686991,1,3,2,NONE,,
START_A,,526,37.2889928211,127.1070973362,-49.005038,1.761208,1,3,2,NONE,,
START_A,,527,37.2889932308,127.1070999953,-48.769535,1.806816,1,3,2,NONE,,
START_A,,528,37.2889934877,127.1071025029,-48.547449,1.835414,1,3,2,NONE,,
START_A,,529,37.2889934877,127.1071053362,-48.296518,1.835414,1,3,2,NONE,,
START_A,,530,37.2889933211,127.1071081695,-48.045586,1.816868,1,3,2,NONE,,
START_A,,531,37.2889931544,127.1071106695,-47.824173,1.798311,1,3,2,NONE,,
START_A,,532,37.2889929877,127.1071136695,-47.558478,1.779754,1,3,2,NONE,,
START_A,,533,37.2889925923,127.1071164483,-47.312373,1.735738,1,3,2,NONE,,
START_A,,534,37.2889919877,127.1071190029,-47.086125,1.668434,1,3,2,NONE,,
START_A,,535,37.2889911544,127.1071218362,-46.835194,1.575671,1,3,2,NONE,,
START_A,,536,37.2889904877,127.1071245029,-46.599017,1.501454,1,3,2,NONE,,
START_A,,537,37.2889899877,127.1071271695,-46.362849,1.445794,1,3,2,NONE,,
START_A,,538,37.2889893211,127.1071300029,-46.111909,1.371588,1,3,2,NONE,,
START_A,,539,37.2889885763,127.1071326268,-45.879523,1.288677,1,3,2,NONE,,
START_A,,540,37.2889876544,127.1071351695,-45.654329,1.186051,1,3,2,NONE,,
START_A,,541,37.2889867783,127.1071377803,-45.423103,1.088524,1,3,2,NONE,,
START_A,,542,37.2889859877,127.1071406695,-45.167221,1.000514,1,3,2,NONE,,
START_A,,543,37.2889853211,127.1071435029,-44.916281,0.926308,1,3,2,NONE,,
START_A,,544,37.2889845435,127.1071462919,-44.669273,0.839746,1,3,2,NONE,,
START_A,,545,37.2889836544,127.1071488362,-44.443936,0.740771,1,3,2,NONE,,
START_A,,546,37.2889826544,127.1071516695,-44.193005,0.629451,1,3,2,NONE,,
START_A,,547,37.2889816544,127.1071545029,-43.942065,0.518131,1,3,2,NONE,,
START_A,,548,37.2889808211,127.1071571695,-43.705897,0.425368,1,3,2,NONE,,
START_A,,549,37.2889799877,127.1071601695,-43.440202,0.332594,1,3,2,NONE,,
START_A,,550,37.2889792336,127.1071623859,-43.243906,0.248648,1,3,2,NONE,,
START_A,,551,37.2889784877,127.1071641695,-43.085941,0.165614,1,3,2,NONE,,
START_A,,552,37.2889774877,127.1071670029,-42.835001,0.054294,1,3,2,NONE,,
START_A,,553,37.2889766544,127.1071696695,-42.598833,-0.038469,1,3,2,NONE,,
START_A,,554,37.2889758211,127.1071725029,-42.347893,-0.131232,1,3,2,NONE,,
START_A,,555,37.2889750663,127.1071753962,-42.091648,-0.215256,1,3,2,NONE,,
START_A,,556,37.2889741544,127.1071778362,-41.875549,-0.316769,1,3,2,NONE,,
START_A,,557,37.2889729877,127.1071805029,-41.639372,-0.446646,1,3,2,NONE,,
START_A,,558,37.2889719877,127.1071831695,-41.403205,-0.557966,1,3,2,NONE,,
START_A,,559,37.2889709877,127.1071858362,-41.167028,-0.669286,1,3,2,NONE,,
START_A,,560,37.2889701544,127.1071885029,-40.930852,-0.762049,1,3,2,NONE,,
START_A,,561,37.2889691544,127.1071911695,-40.694684,-0.873369,1,3,2,NONE,,
START_A,,562,37.2889681544,127.1071938362,-40.458508,-0.984689,1,3,2,NONE,,
START_A,,563,37.2889669877,127.1071966695,-40.207576,-1.114566,1,3,2,NONE,,
START_A,,564,37.2889659877,127.1071993362,-39.971400,-1.225886,1,3,2,NONE,,
START_A,,565,37.2889649877,127.1072021695,-39.720468,-1.337206,1,3,2,NONE,,
START_A,,566,37.2889641544,127.1072048362,-39.484292,-1.429969,1,3,2,NONE,,
START_A,,567,37.2889631544,127.1072071695,-39.277643,-1.541289,1,3,2,NONE,,
START_A,,568,37.2889618211,127.1072100029,-39.026702,-1.689712,1,3,2,NONE,,
START_A,,569,37.2889609877,127.1072123362,-38.820053,-1.782486,1,3,2,NONE,,
START_A,,570,37.2889599877,127.1072150029,-38.583877,-1.893806,1,3,2,NONE,,
START_A,,571,37.2889590359,127.1072175109,-38.361756,-1.999760,1,3,2,NONE,,
START_A,,572,37.2889579877,127.1072200029,-38.141052,-2.116446,1,3,2,NONE,,
START_A,,573,37.2889566544,127.1072225029,-37.919639,-2.264869,1,3,2,NONE,,
START_A,,574,37.2889554877,127.1072250029,-37.698226,-2.394746,1,3,2,NONE,,
START_A,,575,37.2889543211,127.1072275029,-37.476813,-2.524612,1,3,2,NONE,,
START_A,,576,37.2889531544,127.1072300029,-37.255401,-2.654489,1,3,2,NONE,,
START_A,,577,37.2889518211,127.1072321695,-37.063516,-2.802912,1,3,2,NONE,,
START_A,,578,37.2889503211,127.1072343362,-36.871622,-2.969892,1,3,2,NONE,,
START_A,,579,37.2889488211,127.1072366695,-36.664973,-3.136872,1,3,2,NONE,,
START_A,,580,37.2889474877,127.1072386695,-36.487843,-3.285306,1,3,2,NONE,,
START_A,,581,37.2889461544,127.1072410029,-36.281185,-3.433729,1,3,2,NONE,,
START_A,,582,37.2889447866,127.1072430881,-36.096509,-3.585992,1,3,2,NONE,,
START_A,,583,37.2889431566,127.1072451157,-35.916934,-3.767444,1,3,2,NONE,,
START_A,,584,37.2889413211,127.1072468362,-35.764558,-3.971772,1,3,2,NONE,,
START_A,,585,37.2889396544,127.1072485029,-35.616947,-4.157309,1,3,2,NONE,,
START_A,,586,37.2889379877,127.1072503362,-35.454580,-4.342846,1,3,2,NONE,,
START_A,,587,37.2889361160,127.1072519377,-35.312743,-4.551204,1,3,2,NONE,,
START_A,,588,37.2889344020,127.1072530782,-35.211735,-4.742006,1,3,2,NONE,,
START_A,,589,37.2889324877,127.1072541695,-35.115084,-4.955106,1,3,2,NONE,,
START_A,,590,37.2889304877,127.1072551695,-35.026519,-5.177746,1,3,2,NONE,,
START_A,,591,37.2889286544,127.1072563362,-34.923190,-5.381829,1,3,2,NONE,,
START_A,,592,37.2889268211,127.1072575029,-34.819861,-5.585912,1,3,2,NONE,,
START_A,,593,37.2889248409,127.1072585907,-34.723520,-5.806348,1,3,2,NONE,,
START_A,,594,37.2889229877,127.1072593362,-34.657495,-6.012646,1,3,2,NONE,,
START_A,,595,37.2889209877,127.1072600029,-34.598448,-6.235286,1,3,2,NONE,,
START_A,,596,37.2889188211,127.1072606695,-34.539411,-6.476472,1,3,2,NONE,,
START_A,,597,37.2889168211,127.1072615029,-34.465601,-6.699112,1,3,2,NONE,,
START_A,,598,37.2889146544,127.1072621695,-34.406563,-6.940309,1,3,2,NONE,,
START_A,,599,37.2889127928,127.1072625825,-34.369986,-7.147542,1,3,2,NONE,,
START_A,,600,37.2889106544,127.1072628362,-34.347517,-7.385589,1,3,2,NONE,,
START_A,,601,37.2889083211,127.1072628362,-34.347517,-7.645332,1,4,2,NONE,,
START_A,,602,37.2889063211,127.1072628362,-34.347517,-7.867972,1,4,2,NONE,,
START_A,,603,37.2889041544,127.1072630029,-34.332753,-8.109169,1,4,2,NONE,,
START_A,,604,37.2889019877,127.1072630029,-34.332753,-8.350366,1,4,2,NONE,,
START_A,,605,37.2889000222,127.1072627304,-34.356887,-8.569165,1,4,2,NONE,,
START_A,,606,37.2888976544,127.1072621695,-34.406563,-8.832749,1,4,2,NONE,,
START_A,,607,37.2888954877,127.1072616695,-34.450846,-9.073946,1,4,2,NONE,,
START_A,,608,37.2888933681,127.1072611041,-34.500920,-9.309900,1,4,2,NONE,,
START_A,,609,37.2888911544,127.1072606695,-34.539411,-9.556329,1,4,2,NONE,,
START_A,,610,37.2888891544,127.1072601695,-34.583693,-9.778969,1,4,2,NONE,,
START_A,,611,37.2888869877,127.1072593362,-34.657495,-10.020166,1,4,2,NONE,,
START_A,,612,37.2888846544,127.1072585029,-34.731296,-10.279909,1,4,2,NONE,,
START_A,,613,37.2888824877,127.1072576695,-34.805106,-10.521106,1,4,2,NONE,,
START_A,,614,37.2888803211,127.1072570029,-34.864143,-10.762292,1,4,2,NONE,,
START_A,,615,37.2888779877,127.1072561695,-34.937954,-11.022046,1,4,2,NONE,,
START_A,,616,37.2888757879,127.1072552075,-35.023153,-11.266928,1,4,2,NONE,,
START_A,,617,37.2888736544,127.1072540029,-35.129839,-11.504429,1,4,2,NONE,,
START_A,,618,37.2888714877,127.1072528362,-35.233168,-11.745626,1,4,2,NONE,,
START_A,,619,37.2888693211,127.1072518362,-35.321733,-11.986812,1,4,2,NONE,,
START_A,,620,37.2888671544,127.1072508362,-35.410298,-12.228009,1,4,2,NONE,,
START_A,,621,37.2888648211,127.1072496695,-35.513627,-12.487752,1,4,2,NONE,,
START_A,,622,37.2888626544,127.1072485029,-35.616947,-12.728949,1,4,2,NONE,,
START_A,,623,37.2888604877,127.1072473362,-35.720276,-12.970146,1,4,2,NONE,,
START_A,,624,37.2888584877,127.1072463362,-35.808841,-13.192786,1,4,2,NONE,,
START_A,,625,37.2888563211,127.1072453362,-35.897406,-13.433972,1,4,2,NONE,,
START_A,,626,37.2888541544,127.1072443362,-35.985971,-13.675169,1,4,2,NONE,,
START_A,,627,37.2888521544,127.1072431695,-36.089300,-13.897809,1,4,2,NONE,,
START_A,,628,37.2888499877,127.1072420029,-36.192620,-14.139006,1,4,2,NONE,,
START_A,,629,37.2888479877,127.1072406695,-36.310712,-14.361646,1,4,2,NONE,,
START_A,,630,37.2888458211,127.1072396695,-36.399277,-14.602832,1,4,2,NONE,,
START_A,,631,37.2888435066,127.1072386578,-36.488879,-14.860482,1,4,2,NONE,,
START_A,,632,37.2888414877,127.1072376695,-36.576408,-15.085226,1,4,2,NONE,,
START_A,,633,37.2888393211,127.1072365029,-36.679728,-15.326412,1,4,2,NONE,,
START_A,,634,37.2888371544,127.1072353362,-36.783057,-15.567609,1,4,2,NONE,,
START_A,,635,37.2888349877,127.1072343362,-36.871622,-15.808806,1,4,2,NONE,,
START_A,,636,37.2888328211,127.1072333362,-36.960187,-16.049992,1,4,2,NONE,,
START_A,,637,37.2888306544,127.1072325029,-37.033988,-16.291189,1,4,2,NONE,,
START_A,,638,37.2888284877,127.1072315029,-37.122553,-16.532386,1,4,2,NONE,,
START_A,,639,37.2888263211,127.1072305029,-37.211118,-16.773572,1,4,2,NONE,,
START_A,,640,37.2888241544,127.1072295029,-37.299683,-17.014769,1,4,2,NONE,,
START_A,,641,37.2888219877,127.1072285029,-37.388248,-17.255966,1,4,2,NONE,,
START_A,,642,37.2888198211,127.1072275029,-37.476813,-17.497152,1,4,2,NONE,,
START_A,,643,37.2888179877,127.1072263362,-37.580142,-17.701246,1,4,2,NONE,,
START_A,,644,37.2888162980,127.1072250483,-37.694205,-17.889343,1,4,2,NONE,,
START_A,,645,37.2888135388,127.1072226643,-37.905344,-18.196497,1,4,2,NONE,,
START_A,,646,37.2888119764,127.1072213878,-38.018398,-18.370424,1,4,2,NONE,,
START_A,,647,37.2888100235,127.1072200786,-38.134347,-18.587821,1,4,2,NONE,,
START_A,,648,37.2888091121,127.1072195877,-38.177824,-18.689278,1,4,2,NONE,,
START_A,,649,37.2888083305,127.1072191744,-38.214428,-18.776285,1,4,2,NONE,,
START_A,,650,37.2888075071,127.1072187604,-38.251094,-18.867946,1,4,2,NONE,,
START_A,,651,37.2888064141,127.1072181582,-38.304428,-18.989619,1,4,2,NONE,,
START_A,,652,37.2888046623,127.1072173071,-38.379805,-19.184629,1,4,2,NONE,,
START_B,,0,37.2889469877,127.1076381694,-1.106100,-3.340966,1,1,2,NONE,,
START_B,,1,37.2889476876,127.1076361944,-1.281016,-3.263053,1,1,2,NONE,,
START_B,,2,37.2889481943,127.1076344488,-1.435615,-3.206647,1,1,2,NONE,,
START_B,,3,37.2889486544,127.1076326694,-1.593208,-3.155429,1,1,2,NONE,,
START_B,,4,37.2889492078,127.1076304385,-1.790788,-3.093824,1,1,2,NONE,,
START_B,,5,37.2889498084,127.1076286457,-1.949567,-3.026966,1,1,2,NONE,,
START_B,,6,37.2889502963,127.1076273955,-2.060292,-2.972653,1,1,2,NONE,,
START_B,,7,37.2889509720,127.1076254847,-2.229522,-2.897434,1,1,2,NONE,,
START_B,,8,37.2889514036,127.1076239042,-2.369499,-2.849388,1,1,2,NONE,,
START_B,,9,37.2889519877,127.1076220028,-2.537896,-2.784366,1,1,2,NONE,,
START_B,,10,37.2889524546,127.1076201299,-2.703770,-2.732391,1,1,2,NONE,,
START_B,,11,37.2889529801,127.1076183371,-2.862550,-2.673892,1,1,2,NONE,,
START_B,,12,37.2889536544,127.1076161694,-3.054532,-2.598829,1,1,2,NONE,,
START_B,,13,37.2889542751,127.1076142089,-3.228164,-2.529733,1,1,2,NONE,,
START_B,,14,37.2889548211,127.1076120028,-3.423547,-2.468952,1,1,2,NONE,,
START_B,,15,37.2889551544,127.1076098361,-3.615441,-2.431849,1,1,2,NONE,,
START_B,,16,37.2889556544,127.1076076694,-3.807335,-2.376189,1,1,2,NONE,,
START_B,,17,37.2889561544,127.1076056694,-3.984465,-2.320529,1,1,2,NONE,,
START_B,,18,37.2889568211,127.1076033361,-4.191114,-2.246312,1,1,2,NONE,,
START_B,,19,37.2889574877,127.1076013361,-4.368245,-2.172106,1,1,2,NONE,,
START_B,,20,37.2889580286,127.1075991115,-4.565266,-2.111893,1,1,2,NONE,,
START_B,,21,37.2889584877,127.1075968361,-4.766787,-2.060786,1,1,2,NONE,,
START_B,,22,37.2889589877,127.1075946694,-4.958681,-2.005126,1,1,2,NONE,,
START_B,,23,37.2889594877,127.1075926694,-5.135812,-1.949466,1,1,2,NONE,,
START_B,,24,37.2889601544,127.1075905028,-5.327697,-1.875249,1,1,2,NONE,,
START_B,,25,37.2889609188,127.1075883546,-5.517952,-1.790156,1,1,2,NONE,,
START_B,,26,37.2889616320,127.1075861844,-5.710156,-1.710762,1,1,2,NONE,,
START_B,,27,37.2889623211,127.1075836694,-5.932897,-1.634052,1,1,2,NONE,,
START_B,,28,37.2889629645,127.1075812541,-6.146809,-1.562429,1,1,2,NONE,,
START_B,,29,37.2889636544,127.1075788361,-6.360959,-1.485629,1,1,2,NONE,,
START_B,,30,37.2889643211,127.1075761694,-6.597135,-1.411412,1,1,2,NONE,,
START_B,,31,37.2889649877,127.1075735028,-6.833303,-1.337206,1,1,2,NONE,,
START_B,,32,37.2889656544,127.1075708361,-7.069480,-1.262989,1,1,2,NONE,,
START_B,,33,37.2889661544,127.1075680028,-7.320411,-1.207329,1,1,2,NONE,,
START_B,,34,37.2889668211,127.1075655028,-7.541824,-1.133112,1,1,2,NONE,,
START_B,,35,37.2889674877,127.1075626694,-7.792764,-1.058906,1,1,2,NONE,,
START_B,,36,37.2889683211,127.1075600028,-8.028932,-0.966132,1,1,2,NONE,,
START_B,,37,37.2889689877,127.1075573361,-8.265108,-0.891926,1,1,2,NONE,,
START_B,,38,37.2889694877,127.1075545028,-8.516040,-0.836266,1,1,2,NONE,,
START_B,,39,37.2889700587,127.1075517907,-8.756237,-0.772702,1,1,2,NONE,,
START_B,,40,37.2889708211,127.1075490028,-9.003148,-0.687832,1,1,2,NONE,,
START_B,,41,37.2889716544,127.1075461694,-9.254088,-0.595069,1,1,2,NONE,,
START_B,,42,37.2889723211,127.1075435028,-9.490256,-0.520852,1,1,2,NONE,,
START_B,,43,37.2889729877,127.1075408361,-9.726432,-0.446646,1,1,2,NONE,,
START_B,,44,37.2889736544,127.1075380028,-9.977364,-0.372429,1,1,2,NONE,,
START_B,,45,37.2889743211,127.1075355028,-10.198776,-0.298212,1,1,2,NONE,,
START_B,,46,37.2889751544,127.1075326694,-10.449717,-0.205449,1,1,2,NONE,,
START_B,,47,37.2889759517,127.1075299467,-10.690853,-0.116693,1,1,2,NONE,,
START_B,,48,37.2889764877,127.1075273361,-10.922061,-0.057026,1,1,2,NONE,,
START_B,,49,37.2889771544,127.1075246694,-11.158237,0.017191,1,1,2,NONE,,
START_B,,50,37.2889776544,127.1075220028,-11.394405,0.072851,1,1,2,NONE,,
START_B,,51,37.2889783211,127.1075196694,-11.601063,0.147068,1,1,2,NONE,,
START_B,,52,37.2889791544,127.1075170028,-11.837230,0.239831,1,1,2,NONE,,
START_B,,53,37.2889797428,127.1075144247,-12.065560,0.305332,1,1,2,NONE,,
START_B,,54,37.2889801544,127.1075121694,-12.265301,0.351151,1,1,2,NONE,,
START_B,,55,37.2889804877,127.1075098361,-12.471950,0.388254,1,1,2,NONE,,
START_B,,56,37.2889807000,127.1075078196,-12.650541,0.411887,1,1,2,NONE,,
START_B,,57,37.2889811544,127.1075053361,-12.870493,0.462471,1,1,2,NONE,,
START_B,,58,37.2889816544,127.1075035028,-13.032859,0.518131,1,1,2,NONE,,
START_B,,59,37.2889820700,127.1075012381,-13.233432,0.564396,1,1,2,NONE,,
START_B,,60,37.2889824454,127.1074996340,-13.375500,0.606185,1,1,2,NONE,,
START_B,,61,37.2889827832,127.1074983130,-13.492494,0.643789,1,1,2,NONE,,
START_B,,62,37.2889829877,127.1074975028,-13.564249,0.666554,1,1,2,NONE,,
START_B,,63,37.2889829877,127.1074975028,-13.564249,0.666554,1,1,2,NONE,,
START_B,,64,37.2889833275,127.1074960012,-13.697239,0.704381,1,1,2,NONE,,
START_B,,65,37.2889838211,127.1074938361,-13.888991,0.759328,1,1,2,NONE,,
START_B,,66,37.2889841544,127.1074920028,-14.051357,0.796431,1,1,2,NONE,,
START_B,,67,37.2889845849,127.1074901510,-14.215362,0.844354,1,1,2,NONE,,
START_B,,68,37.2889851544,127.1074881694,-14.390863,0.907751,1,1,2,NONE,,
START_B,,69,37.2889858048,127.1074860935,-14.574715,0.980154,1,1,2,NONE,,
START_B,,70,37.2889864877,127.1074836694,-14.789406,1.056174,1,1,2,NONE,,
START_B,,71,37.2889869877,127.1074811694,-15.010818,1.111834,1,1,2,NONE,,
START_B,,72,37.2889876544,127.1074786694,-15.232231,1.186051,1,1,2,NONE,,
START_B,,73,37.2889883211,127.1074760028,-15.468399,1.260268,1,1,2,NONE,,
START_B,,74,37.2889893211,127.1074731694,-15.719339,1.371588,1,1,2,NONE,,
START_B,,75,37.2889902715,127.1074705244,-15.953594,1.477387,1,1,2,NONE,,
START_B,,76,37.2889909877,127.1074676694,-16.206447,1.557114,1,1,2,NONE,,
START_B,,77,37.2889916544,127.1074648361,-16.457379,1.631331,1,1,2,NONE,,
START_B,,78,37.2889923211,127.1074621694,-16.693555,1.705548,1,1,2,NONE,,
START_B,,79,37.2889931544,127.1074593361,-16.944486,1.798311,1,1,2,NONE,,
START_B,,80,37.2889939877,127.1074566694,-17.180663,1.891074,1,1,2,NONE,,
START_B,,81,37.2889946544,127.1074540028,-17.416831,1.965291,1,1,2,NONE,,
START_B,,82,37.2889951544,127.1074511694,-17.667771,2.020951,1,1,2,NONE,,
START_B,,83,37.2889958211,127.1074486694,-17.889184,2.095168,1,1,2,NONE,,
START_B,,84,37.2889964877,127.1074460028,-18.125351,2.169374,1,1,2,NONE,,
START_B,,85,37.2889973211,127.1074433361,-18.361528,2.262148,1,1,2,NONE,,
START_B,,86,37.2889979877,127.1074408361,-18.582941,2.336354,1,1,2,NONE,,
START_B,,87,37.2889986544,127.1074381694,-18.819117,2.410571,1,1,2,NONE,,
START_B,,88,37.2889991544,127.1074353361,-19.070049,2.466231,1,1,2,NONE,,
START_B,,89,37.2889998211,127.1074328361,-19.291461,2.540448,1,1,2,NONE,,
START_B,,90,37.2890008211,127.1074301694,-19.527638,2.651768,1,1,2,NONE,,
START_B,,91,37.2890017385,127.1074275677,-19.758058,2.753893,1,1,2,NONE,,
START_B,,92,37.2890024877,127.1074245028,-20.029501,2.837294,1,1,2,NONE,,
START_B,,93,37.2890031544,127.1074218361,-20.265677,2.911511,1,1,2,NONE,,
START_B,,94,37.2890039877,127.1074191694,-20.501854,3.004274,1,1,2,NONE,,
START_B,,95,37.2890049877,127.1074163361,-20.752785,3.115594,1,1,2,NONE,,
START_B,,96,37.2890059877,127.1074135028,-21.003717,3.226914,1,1,2,NONE,,
START_B,,97,37.2890068211,127.1074106694,-21.254657,3.319688,1,1,2,NONE,,
START_B,,98,37.2890071544,127.1074090028,-21.402259,3.356791,1,1,2,NONE,,
START_B,,99,37.2890079877,127.1074061694,-21.653200,3.449554,1,1,2,NONE,,
START_B,,100,37.2890088211,127.1074033361,-21.904131,3.542328,1,1,2,NONE,,
START_B,,101,37.2890096544,127.1074005028,-22.155063,3.635091,1,1,2,NONE,,
START_B,,102,37.2890108211,127.1073978362,-22.391230,3.764968,1,2,2,NONE,,
START_B,,103,37.2890116544,127.1073950028,-22.642171,3.857731,1,2,2,NONE,,
START_B,,104,37.2890123211,127.1073923362,-22.878338,3.931948,1,2,2,NONE,,
START_B,,105,37.2890131544,127.1073896694,-23.114524,4.024711,1,2,2,NONE,,
START_B,,106,37.2890141544,127.1073868362,-23.365446,4.136031,1,2,2,NONE,,
START_B,,107,37.2890151544,127.1073841695,-23.601623,4.247351,1,2,2,NONE,,
START_B,,108,37.2890159877,127.1073813362,-23.852554,4.340114,1,2,2,NONE,,
START_B,,109,37.2890168211,127.1073788362,-24.073967,4.432888,1,2,2,NONE,,
START_B,,110,37.2890176544,127.1073761694,-24.310152,4.525651,1,2,2,NONE,,
START_B,,111,37.2890184877,127.1073735029,-24.546311,4.618414,1,2,2,NONE,,
START_B,,112,37.2890194877,127.1073706694,-24.797260,4.729734,1,2,2,NONE,,
START_B,,113,37.2890203211,127.1073680029,-25.033419,4.822508,1,2,2,NONE,,
START_B,,114,37.2890209877,127.1073651694,-25.284368,4.896714,1,2,2,NONE,,
START_B,,115,37.2890216544,127.1073625029,-25.520527,4.970931,1,2,2,NONE,,
START_B,,116,37.2890223211,127.1073598362,-25.756704,5.045148,1,2,2,NONE,,
START_B,,117,37.2890231544,127.1073571695,-25.992880,5.137911,1,2,2,NONE,,
START_B,,118,37.2890239877,127.1073545029,-26.229048,5.230674,1,2,2,NONE,,
START_B,,119,37.2890246544,127.1073516695,-26.479988,5.304891,1,2,2,NONE,,
START_B,,120,37.2890251544,127.1073490029,-26.716156,5.360551,1,2,2,NONE,,
START_B,,121,37.2890258211,127.1073463362,-26.952332,5.434768,1,2,2,NONE,,
START_B,,122,37.2890266544,127.1073440029,-27.158981,5.527531,1,2,2,NONE,,
START_B,,123,37.2890274877,127.1073413362,-27.395158,5.620294,1,2,2,NONE,,
START_B,,124,37.2890288211,127.1073375029,-27.734654,5.768728,1,2,2,NONE,,
START_B,,125,37.2890294877,127.1073350029,-27.956067,5.842934,1,2,2,NONE,,
START_B,,126,37.2890301153,127.1073324542,-28.181793,5.912798,1,2,2,NONE,,
START_B,,127,37.2890307722,127.1073300245,-28.396979,5.985925,1,2,2,NONE,,
START_B,,128,37.2890316544,127.1073276695,-28.605550,6.084131,1,2,2,NONE,,
START_B,,129,37.2890324877,127.1073253362,-28.812199,6.176894,1,2,2,NONE,,
START_B,,130,37.2890333211,127.1073228362,-29.033612,6.269668,1,2,2,NONE,,
START_B,,131,37.2890339877,127.1073205029,-29.240261,6.343874,1,2,2,NONE,,
START_B,,132,37.2890346544,127.1073181695,-29.446918,6.418091,1,2,2,NONE,,
START_B,,133,37.2890351544,127.1073158362,-29.653567,6.473751,1,2,2,NONE,,
START_B,,134,37.2890359877,127.1073131695,-29.889744,6.566514,1,2,2,NONE,,
START_B,,135,37.2890366544,127.1073106695,-30.111156,6.640731,1,2,2,NONE,,
START_B,,136,37.2890371544,127.1073081695,-30.332569,6.696391,1,2,2,NONE,,
START_B,,137,37.2890374877,127.1073056695,-30.553982,6.733494,1,2,2,NONE,,
START_B,,138,37.2890379877,127.1073033362,-30.760631,6.789154,1,2,2,NONE,,
START_B,,139,37.2890386544,127.1073006695,-30.996807,6.863371,1,2,2,NONE,,
START_B,,140,37.2890393865,127.1072981549,-31.219513,6.944868,1,2,2,NONE,,
START_B,,141,37.2890399877,127.1072958362,-31.424869,7.011794,1,2,2,NONE,,
START_B,,142,37.2890406544,127.1072933362,-31.646282,7.086011,1,2,2,NONE,,
START_B,,143,37.2890411544,127.1072908362,-31.867694,7.141671,1,2,2,NONE,,
START_B,,144,37.2890418211,127.1072885029,-32.074343,7.215888,1,2,2,NONE,,
START_B,,145,37.2890424877,127.1072860029,-32.295756,7.290094,1,2,2,NONE,,
START_B,,146,37.2890432151,127.1072837416,-32.496028,7.371068,1,2,2,NONE,,
START_B,,147,37.2890437594,127.1072811939,-32.721665,7.431660,1,2,2,NONE,,
START_B,,148,37.2890441544,127.1072790029,-32.915712,7.475631,1,2,2,NONE,,
START_B,,149,37.2890444877,127.1072770029,-33.092842,7.512734,1,2,2,NONE,,
START_B,,150,37.2890448479,127.1072752022,-33.252321,7.552832,1,2,2,NONE,,
START_B,,151,37.2890452608,127.1072732914,-33.421551,7.598796,1,2,2,NONE,,
START_B,,152,37.2890456544,127.1072713362,-33.594714,7.642611,1,2,2,NONE,,
START_B,,153,37.2890460491,127.1072696822,-33.741200,7.686549,1,2,2,NONE,,
START_B,,154,37.2890464807,127.1072681725,-33.874907,7.734595,1,2,2,NONE,,
START_B,,155,37.2890470250,127.1072664032,-34.031605,7.795186,1,2,2,NONE,,
START_B,,156,37.2890474471,127.1072650992,-34.147094,7.842174,1,2,2,NONE,,
START_B,,157,37.2890479487,127.1072636513,-34.275327,7.898013,1,2,2,NONE,,
START_B,,158,37.2890484132,127.1072620866,-34.413905,7.949721,1,2,2,NONE,,
START_B,,159,37.2890487477,127.1072610123,-34.509051,7.986957,1,2,2,NONE,,
START_B,,160,37.2890488963,127.1072604752,-34.556619,8.003499,1,2,2,NONE,,
START_B,,161,37.2890493794,127.1072588404,-34.701405,8.057278,1,2,2,NONE,,
START_B,,162,37.2890499182,127.1072571122,-34.854463,8.117257,1,2,2,NONE,,
START_B,,163,37.2890503455,127.1072554074,-35.005449,8.164824,1,2,2,NONE,,
START_B,,164,37.2890509587,127.1072532355,-35.197804,8.233086,1,2,2,NONE,,
START_B,,165,37.2890514877,127.1072508362,-35.410298,8.291974,1,2,2,NONE,,
START_B,,166,37.2890519877,127.1072486695,-35.602192,8.347634,1,2,2,NONE,,
START_B,,167,37.2890524877,127.1072470029,-35.749794,8.403294,1,2,2,NONE,,
START_B,,168,37.2890529839,127.1072452018,-35.909309,8.458531,1,2,2,NONE,,
START_B,,169,37.2890536544,127.1072433362,-36.074536,8.533171,1,2,2,NONE,,
START_B,,170,37.2890541544,127.1072416695,-36.222147,8.588831,1,2,2,NONE,,
START_B,,171,37.2890546544,127.1072396695,-36.399277,8.644491,1,2,2,NONE,,
START_B,,172,37.2890550834,127.1072376819,-36.575309,8.692247,1,2,2,NONE,,
START_B,,173,37.2890556037,127.1072358136,-36.740776,8.750167,1,2,2,NONE,,
START_B,,174,37.2890561982,127.1072340154,-36.900033,8.816347,1,2,2,NONE,,
START_B,,175,37.2890569229,127.1072321938,-37.061363,8.897021,1,2,2,NONE,,
START_B,,176,37.2890575360,127.1072304189,-37.218558,8.965271,1,2,2,NONE,,
START_B,,177,37.2890580005,127.1072287141,-37.369543,9.016979,1,2,2,NONE,,
START_B,,178,37.2890585393,127.1072267290,-37.545354,9.076958,1,2,2,NONE,,
START_B,,179,37.2890589852,127.1072246739,-37.727364,9.126596,1,2,2,NONE,,
START_B,,180,37.2890594877,127.1072228362,-37.890120,9.182534,1,2,2,NONE,,
START_B,,181,37.2890601544,127.1072208362,-38.067250,9.256751,1,2,2,NONE,,
START_B,,182,37.2890608211,127.1072188362,-38.244380,9.330968,1,2,2,NONE,,
START_B,,183,37.2890613821,127.1072169671,-38.409917,9.393419,1,2,2,NONE,,
START_B,,184,37.2890618466,127.1072150989,-38.575375,9.445127,1,2,2,NONE,,
START_B,,185,37.2890623211,127.1072131695,-38.746252,9.497948,1,2,2,NONE,,
START_B,,186,37.2890628211,127.1072111695,-38.923382,9.553608,1,2,2,NONE,,
START_B,,187,37.2890633211,127.1072091695,-39.100513,9.609268,1,2,2,NONE,,
START_B,,188,37.2890639877,127.1072070029,-39.292398,9.683474,1,2,2,NONE,,
START_B,,189,37.2890646544,127.1072050029,-39.469528,9.757691,1,2,2,NONE,,
START_B,,190,37.2890651544,127.1072030029,-39.646658,9.813351,1,2,2,NONE,,
START_B,,191,37.2890656544,127.1072006695,-39.853316,9.869011,1,2,2,NONE,,
START_B,,192,37.2890661544,127.1071985029,-40.045201,9.924671,1,2,2,NONE,,
START_B,,193,37.2890668211,127.1071963362,-40.237095,9.998888,1,2,2,NONE,,
START_B,,194,37.2890676544,127.1071941695,-40.428989,10.091651,1,2,2,NONE,,
START_B,,195,37.2890683211,127.1071920029,-40.620874,10.165868,1,2,2,NONE,,
START_B,,196,37.2890688211,127.1071898362,-40.812768,10.221528,1,2,2,NONE,,
START_B,,197,37.2890693211,127.1071875029,-41.019417,10.277188,1,2,2,NONE,,
START_B,,198,37.2890699103,127.1071852528,-41.218697,10.342778,1,2,2,NONE,,
START_B,,199,37.2890705792,127.1071831042,-41.408988,10.417240,1,2,2,NONE,,
START_B,,200,37.2890713211,127.1071806695,-41.624617,10.499828,1,2,2,NONE,,
START_B,,201,37.2890719877,127.1071785029,-41.816503,10.574034,1,2,2,NONE,,
START_B,,202,37.2890724877,127.1071763362,-42.008397,10.629694,1,2,2,NONE,,
START_B,,203,37.2890729877,127.1071740029,-42.215045,10.685354,1,2,2,NONE,,
START_B,,204,37.2890734877,127.1071716695,-42.421703,10.741014,1,2,2,NONE,,
START_B,,205,37.2890741544,127.1071693362,-42.628352,10.815231,1,2,2,NONE,,
START_B,,206,37.2890748211,127.1071670029,-42.835001,10.889448,1,2,2,NONE,,
START_B,,207,37.2890753211,127.1071648362,-43.026895,10.945108,1,2,2,NONE,,
START_B,,208,37.2890759877,127.1071623362,-43.248308,11.019314,1,2,2,NONE,,
START_B,,209,37.2890764877,127.1071600029,-43.454957,11.074974,1,2,2,NONE,,
START_B,,210,37.2890769893,127.1071578588,-43.644849,11.130812,1,2,2,NONE,,
START_B,,211,37.2890778211,127.1071553362,-43.868263,11.223408,1,2,2,NONE,,
START_B,,212,37.2890786544,127.1071530029,-44.074912,11.316171,1,2,2,NONE,,
START_B,,213,37.2890792820,127.1071507009,-44.278789,11.386036,1,2,2,NONE,,
START_B,,214,37.2890798211,127.1071483362,-44.488219,11.446048,1,2,2,NONE,,
START_B,,215,37.2890804877,127.1071461695,-44.680113,11.520254,1,2,2,NONE,,
START_B,,216,37.2890813211,127.1071436695,-44.901526,11.613028,1,2,2,NONE,,
START_B,,217,37.2890821544,127.1071413362,-45.108174,11.705791,1,2,2,NONE,,
START_B,,218,37.2890828211,127.1071390029,-45.314823,11.780008,1,2,2,NONE,,
START_B,,219,37.2890836544,127.1071366695,-45.521481,11.872771,1,2,2,NONE,,
START_B,,220,37.2890843211,127.1071343362,-45.728130,11.946988,1,2,2,NONE,,
START_B,,221,37.2890849877,127.1071321695,-45.920024,12.021194,1,2,2,NONE,,
START_B,,222,37.2890858211,127.1071298362,-46.126673,12.113968,1,2,2,NONE,,
START_B,,223,37.2890864877,127.1071278362,-46.303803,12.188174,1,2,2,NONE,,
START_B,,224,37.2890869574,127.1071259623,-46.469765,12.240461,1,2,2,NONE,,
START_B,,225,37.2890873211,127.1071241695,-46.628545,12.280948,1,2,2,NONE,,
START_B,,226,37.2890877099,127.1071222000,-46.802974,12.324229,1,2,2,NONE,,
START_B,,227,37.2890881113,127.1071200351,-46.994708,12.368913,1,2,2,NONE,,
START_B,,228,37.2890884457,127.1071183747,-47.141762,12.406139,1,2,2,NONE,,
START_B,,229,37.2890887133,127.1071168824,-47.273927,12.435928,1,2,2,NONE,,
START_B,,230,37.2890889474,127.1071154321,-47.402373,12.461988,1,2,2,NONE,,
START_B,,231,37.2890891982,127.1071142130,-47.510343,12.489907,1,2,2,NONE,,
START_B,,232,37.2890895661,127.1071124895,-47.662985,12.530862,1,2,2,NONE,,
START_B,,233,37.2890900176,127.1071106399,-47.826795,12.581123,1,2,2,NONE,,
START_B,,234,37.2890904858,127.1071084330,-48.022249,12.633243,1,2,2,NONE,,
START_B,,235,37.2890909707,127.1071066885,-48.176751,12.687222,1,2,2,NONE,,
START_B,,236,37.2890914877,127.1071051695,-48.311281,12.744774,1,2,2,NONE,,
START_B,,237,37.2890920242,127.1071034726,-48.461567,12.804497,1,2,2,NONE,,
START_B,,238,37.2890924924,127.1071019173,-48.599313,12.856617,1,2,2,NONE,,
START_B,,239,37.2890929877,127.1071001695,-48.754107,12.911754,1,2,2,NONE,,
START_B,,240,37.2890935459,127.1070982601,-48.923213,12.973893,1,2,2,NONE,,
START_B,,241,37.2890941312,127.1070960532,-49.118667,13.039048,1,2,2,NONE,,
START_B,,242,37.2890946496,127.1070938462,-49.314130,13.096757,1,3,2,NONE,,
START_B,,243,37.2890951544,127.1070916695,-49.506910,13.152951,1,3,2,NONE,,
START_B,,244,37.2890956544,127.1070895029,-49.698795,13.208611,1,3,2,NONE,,
START_B,,245,37.2890963211,127.1070873362,-49.890689,13.282828,1,3,2,NONE,,
START_B,,246,37.2890969877,127.1070851695,-50.082583,13.357034,1,3,2,NONE,,
START_B,,247,37.2890974877,127.1070828362,-50.289232,13.412694,1,3,2,NONE,,
START_B,,248,37.2890979763,127.1070806115,-50.486263,13.467085,1,3,2,NONE,,
START_B,,249,37.2890985452,127.1070786732,-50.657928,13.530415,1,3,2,NONE,,
START_B,,250,37.2890992189,127.1070767348,-50.829603,13.605411,1,3,2,NONE,,
START_B,,251,37.2890997579,127.1070748530,-50.996265,13.665413,1,3,2,NONE,,
START_B,,252,37.2891003418,127.1070731217,-51.149597,13.730412,1,3,2,NONE,,
START_B,,253,37.2891008059,127.1070717479,-51.271268,13.782076,1,3,2,NONE,,
START_B,,254,37.2891011653,127.1070707129,-51.362933,13.822084,1,3,2,NONE,,
START_B,,255,37.2891015845,127.1070694709,-51.472931,13.868750,1,3,2,NONE,,
START_B,,256,37.2891020486,127.1070681159,-51.592937,13.920413,1,3,2,NONE,,
START_B,,257,37.2891025726,127.1070664787,-51.737935,13.978745,1,3,2,NONE,,
START_B,,258,37.2891031544,127.1070645029,-51.912922,14.043511,1,3,2,NONE,,
START_B,,259,37.2891039877,127.1070621695,-52.119580,14.136274,1,3,2,NONE,,
START_B,,260,37.2891044795,127.1070604999,-52.267448,14.191021,1,3,2,NONE,,
START_B,,261,37.2891049877,127.1070585029,-52.444313,14.247594,1,3,2,NONE,,
START_B,,262,37.2891054877,127.1070561695,-52.650970,14.303254,1,3,2,NONE,,
START_B,,263,37.2891061544,127.1070540029,-52.842856,14.377471,1,3,2,NONE,,
START_B,,264,37.2891069877,127.1070516695,-53.049513,14.470234,1,3,2,NONE,,
START_B,,265,37.2891078211,127.1070493362,-53.256162,14.563008,1,3,2,NONE,,
START_B,,266,37.2891084877,127.1070470029,-53.462811,14.637214,1,3,2,NONE,,
START_B,,267,37.2891091544,127.1070443362,-53.698988,14.711431,1,3,2,NONE,,
START_B,,268,37.2891098211,127.1070418362,-53.920400,14.785648,1,3,2,NONE,,
START_B,,269,37.2891106544,127.1070395029,-54.127049,14.878411,1,3,2,NONE,,
START_B,,270,37.2891115716,127.1070369494,-54.353200,14.980514,1,3,2,NONE,,
START_B,,271,37.2891123211,127.1070345029,-54.569875,15.063948,1,3,2,NONE,,
START_B,,272,37.2891129877,127.1070320029,-54.791287,15.138154,1,3,2,NONE,,
START_B,,273,37.2891134877,127.1070291695,-55.042228,15.193814,1,3,2,NONE,,
START_B,,274,37.2891141544,127.1070266695,-55.263640,15.268031,1,3,2,NONE,,
START_B,,275,37.2891148211,127.1070236695,-55.529336,15.342248,1,3,2,NONE,,
START_B,,276,37.2891153211,127.1070210029,-55.765503,15.397908,1,3,2,NONE,,
START_B,,277,37.2891158211,127.1070185029,-55.986916,15.453568,1,3,2,NONE,,
START_B,,278,37.2891163211,127.1070156695,-56.237856,15.509228,1,3,2,NONE,,
START_B,,279,37.2891169877,127.1070131695,-56.459269,15.583434,1,3,2,NONE,,
START_B,,280,37.2891176544,127.1070103362,-56.710201,15.657651,1,3,2,NONE,,
START_B,,281,37.2891183211,127.1070075029,-56.961132,15.731868,1,3,2,NONE,,
START_B,,282,37.2891186544,127.1070048362,-57.197309,15.768971,1,3,2,NONE,,
START_B,,283,37.2891189877,127.1070020029,-57.448240,15.806074,1,3,2,NONE,,
START_B,,284,37.2891193211,127.1069991695,-57.699180,15.843188,1,3,2,NONE,,
START_B,,285,37.2891196544,127.1069965029,-57.935348,15.880291,1,3,2,NONE,,
START_B,,286,37.2891201544,127.1069935029,-58.201043,15.935951,1,3,2,NONE,,
START_B,,287,37.2891203211,127.1069905029,-58.466738,15.954508,1,3,2,NONE,,
START_B,,288,37.2891204101,127.1069875687,-58.726606,15.964416,1,3,2,NONE,,
START_B,,289,37.2891203731,127.1069846414,-58.985863,15.960297,1,3,2,NONE,,
START_B,,290,37.2891204877,127.1069818362,-59.234305,15.973054,1,3,2,NONE,,
START_B,,291,37.2891204877,127.1069788362,-59.500001,15.973054,1,3,2,NONE,,
START_B,,292,37.2891204877,127.1069758362,-59.765696,15.973054,1,3,2,NONE,,
START_B,,293,37.2891203211,127.1069728362,-60.031391,15.954508,1,3,2,NONE,,
START_B,,294,37.2891198211,127.1069698362,-60.297086,15.898848,1,3,2,NONE,,
START_B,,295,37.2891194877,127.1069668362,-60.562782,15.861734,1,3,2,NONE,,
START_B,,296,37.2891191544,127.1069640029,-60.813713,15.824631,1,3,2,NONE,,
START_B,,297,37.2891186544,127.1069610029,-61.079408,15.768971,1,3,2,NONE,,
START_B,,298,37.2891180257,127.1069581328,-61.333599,15.698984,1,3,2,NONE,,
START_B,,299,37.2891173211,127.1069555029,-61.566516,15.620548,1,3,2,NONE,,
START_B,,300,37.2891164877,127.1069528362,-61.802693,15.527774,1,3,2,NONE,,
START_B,,301,37.2891158211,127.1069501695,-62.038869,15.453568,1,3,2,NONE,,
START_B,,302,37.2891151544,127.1069473362,-62.289801,15.379351,1,3,2,NONE,,
START_B,,303,37.2891144213,127.1069447507,-62.518786,15.297742,1,3,2,NONE,,
START_B,,304,37.2891134877,127.1069420029,-62.762145,15.193814,1,3,2,NONE,,
START_B,,305,37.2891124621,127.1069394537,-62.987915,15.079644,1,3,2,NONE,,
START_B,,306,37.2891114877,127.1069368362,-63.219734,14.971174,1,3,2,NONE,,
START_B,,307,37.2891104877,127.1069341695,-63.455911,14.859854,1,3,2,NONE,,
START_B,,308,37.2891094877,127.1069316695,-63.677323,14.748534,1,3,2,NONE,,
START_B,,309,37.2891083211,127.1069293362,-63.883972,14.618668,1,3,2,NONE,,
START_B,,310,37.2891068211,127.1069270029,-64.090621,14.451688,1,3,2,NONE,,
START_B,,311,37.2891054877,127.1069248362,-64.282515,14.303254,1,3,2,NONE,,
START_B,,312,37.2891041544,127.1069226695,-64.474409,14.154831,1,3,2,NONE,,
START_B,,313,37.2891033211,127.1069213362,-64.592493,14.062068,1,3,2,NONE,,
START_B,,314,37.2891019078,127.1069193341,-64.769809,13.904740,1,3,2,NONE,,
START_B,,315,37.2891003211,127.1069171695,-64.961517,13.728108,1,3,2,NONE,,
START_B,,316,37.2890984877,127.1069151695,-65.138647,13.524014,1,3,2,NONE,,
START_B,,317,37.2890966544,127.1069133362,-65.301014,13.319931,1,3,2,NONE,,
START_B,,318,37.2890952537,127.1069116905,-65.446765,13.164005,1,3,2,NONE,,
START_B,,319,37.2890934877,127.1069100029,-65.596228,12.967414,1,3,2,NONE,,
START_B,,320,37.2890916544,127.1069083362,-65.743839,12.763331,1,3,2,NONE,,
START_B,,321,37.2890898211,127.1069068362,-65.876687,12.559248,1,3,2,NONE,,
START_B,,322,37.2890878211,127.1069053362,-66.009534,12.336608,1,3,2,NONE,,
START_B,,323,37.2890859877,127.1069036695,-66.157146,12.132514,1,3,2,NONE,,
START_B,,324,37.2890841544,127.1069018363,-66.319503,11.928431,1,3,2,NONE,,
START_B,,325,37.2890821544,127.1069001695,-66.467124,11.705791,1,3,2,NONE,,
START_B,,326,37.2890801544,127.1068986696,-66.599962,11.483151,1,3,2,NONE,,
START_B,,327,37.2890781544,127.1068973363,-66.718046,11.260511,1,3,2,NONE,,
START_B,,328,37.2890761544,127.1068960029,-66.836139,11.037871,1,3,2,NONE,,
START_B,,329,37.2890739877,127.1068946695,-66.954232,10.796674,1,3,2,NONE,,
START_B,,330,37.2890719877,127.1068931696,-67.087070,10.574034,1,3,2,NONE,,
START_B,,331,37.2890699877,127.1068920030,-67.190390,10.351394,1,3,2,NONE,,
START_B,,332,37.2890679877,127.1068910029,-67.278964,10.128754,1,3,2,NONE,,
START_B,,333,37.2890656544,127.1068900029,-67.367529,9.869011,1,3,2,NONE,,
START_B,,334,37.2890634877,127.1068888363,-67.470849,9.627814,1,3,2,NONE,,
START_B,,335,37.2890614877,127.1068876696,-67.574178,9.405174,1,3,2,NONE,,
START_B,,336,37.2890593211,127.1068865030,-67.677498,9.163988,1,3,2,NONE,,
START_B,,337,37.2890573211,127.1068856695,-67.751317,8.941348,1,3,2,NONE,,
START_B,,338,37.2890553211,127.1068846695,-67.839882,8.718708,1,3,2,NONE,,
START_B,,339,37.2890533510,127.1068837182,-67.924134,8.499397,1,3,2,NONE,,
START_B,,340,37.2890513211,127.1068826695,-68.017013,8.273428,1,3,2,NONE,,
START_B,,341,37.2890491544,127.1068816695,-68.105578,8.032231,1,3,2,NONE,,
START_B,,342,37.2890471544,127.1068803362,-68.223662,7.809591,1,3,2,NONE,,
START_B,,343,37.2890449877,127.1068793362,-68.312227,7.568394,1,3,2,NONE,,
START_B,,344,37.2890428211,127.1068783363,-68.400783,7.327208,1,3,2,NONE,,
START_B,,345,37.2890402722,127.1068772923,-68.493244,7.043462,1,3,2,NONE,,
START_B,,346,37.2890383108,127.1068761716,-68.592493,6.825113,1,3,2,NONE,,
START_B,,347,37.2890360954,127.1068751257,-68.685128,6.578496,1,3,2,NONE,,
START_B,,348,37.2890340954,127.1068739591,-68.788448,6.355856,1,3,2,NONE,,
START_B,,349,37.2890319287,127.1068729590,-68.877022,6.114659,1,3,2,NONE,,
START_B,,350,37.2890297620,127.1068719590,-68.965587,5.873462,1,3,2,NONE,,
START_B,,351,37.2890275954,127.1068711257,-69.039389,5.632276,1,3,2,NONE,,
START_B,,352,37.2890254287,127.1068701257,-69.127954,5.391079,1,3,2,NONE,,
START_B,,353,37.2890232620,127.1068692924,-69.201755,5.149882,1,3,2,NONE,,
START_B,,354,37.2890212620,127.1068686256,-69.260810,4.927242,1,3,2,NONE,,
START_B,,355,37.2890189287,127.1068679591,-69.319839,4.667499,1,3,2,NONE,,
START_B,,356,37.2890167620,127.1068674590,-69.364130,4.426302,1,3,2,NONE,,
START_B,,357,37.2890145954,127.1068667924,-69.423168,4.185116,1,3,2,NONE,,
START_B,,358,37.2890124287,127.1068661257,-69.482214,3.943919,1,3,2,NONE,,
START_B,,359,37.2890100954,127.1068656257,-69.526497,3.684176,1,3,2,NONE,,
START_B,,360,37.2890079287,127.1068652923,-69.556024,3.442979,1,3,2,NONE,,
START_B,,361,37.2890057504,127.1068651002,-69.573038,3.200491,1,3,2,NONE,,
START_B,,362,37.2890034287,127.1068649591,-69.585534,2.942039,1,3,2,NONE,,
START_B,,363,37.2890010954,127.1068646257,-69.615062,2.682296,1,3,2,NONE,,
START_B,,364,37.2889989287,127.1068642924,-69.644581,2.441099,1,3,2,NONE,,
START_B,,365,37.2889965954,127.1068641257,-69.659344,2.181356,1,3,2,NONE,,
START_B,,366,37.2889944287,127.1068641257,-69.659344,1.940159,1,3,2,NONE,,
START_B,,367,37.2889921076,127.1068641500,-69.657192,1.681774,1,3,2,NONE,,
START_B,,368,37.2889899287,127.1068641257,-69.659344,1.439219,1,3,2,NONE,,
START_B,,369,37.2889875954,127.1068641257,-69.659344,1.179476,1,3,2,NONE,,
START_B,,370,37.2889854287,127.1068641257,-69.659344,0.938279,1,3,2,NONE,,
START_B,,371,37.2889832620,127.1068642924,-69.644581,0.697082,1,3,2,NONE,,
START_B,,372,37.2889810617,127.1068646518,-69.612750,0.452145,1,3,2,NONE,,
START_B,,373,37.2889789287,127.1068649591,-69.585534,0.214699,1,3,2,NONE,,
START_B,,374,37.2889767620,127.1068652923,-69.556024,-0.026498,1,3,2,NONE,,
START_B,,375,37.2889745954,127.1068656257,-69.526497,-0.267684,1,3,2,NONE,,
START_B,,376,37.2889724287,127.1068661257,-69.482214,-0.508881,1,3,2,NONE,,
START_B,,377,37.2889704287,127.1068667924,-69.423168,-0.731521,1,3,2,NONE,,
START_B,,378,37.2889682620,127.1068677924,-69.334603,-0.972718,1,3,2,NONE,,
START_B,,379,37.2889662620,127.1068686256,-69.260810,-1.195358,1,3,2,NONE,,
START_B,,380,37.2889640954,127.1068694591,-69.186991,-1.436544,1,3,2,NONE,,
START_B,,381,37.2889619287,127.1068704591,-69.098426,-1.677741,1,3,2,NONE,,
START_B,,382,37.2889599181,127.1068715101,-69.005344,-1.901561,1,3,2,NONE,,
START_B,,383,37.2889580954,127.1068727924,-68.891777,-2.104464,1,3,2,NONE,,
START_B,,384,37.2889560954,127.1068741256,-68.773702,-2.327104,1,3,2,NONE,,
START_B,,385,37.2889542620,127.1068751257,-68.685128,-2.531198,1,3,2,NONE,,
START_B,,386,37.2889520954,127.1068764590,-68.567045,-2.772384,1,3,2,NONE,,
START_B,,387,37.2889502547,127.1068777332,-68.454195,-2.977286,1,3,2,NONE,,
START_B,,388,37.2889489877,127.1068786696,-68.371264,-3.118326,1,3,2,NONE,,
START_B,,389,37.2889471544,127.1068803362,-68.223662,-3.322409,1,3,2,NONE,,
START_B,,390,37.2889453211,127.1068818363,-68.090805,-3.526492,1,3,2,NONE,,
START_B,,391,37.2889434877,127.1068833363,-67.957957,-3.730586,1,3,2,NONE,,
START_B,,392,37.2889414877,127.1068848362,-67.825119,-3.953226,1,3,2,NONE,,
START_B,,393,37.2889396544,127.1068865030,-67.677498,-4.157309,1,3,2,NONE,,
START_B,,394,37.2889379877,127.1068881695,-67.529905,-4.342846,1,3,2,NONE,,
START_B,,395,37.2889364877,127.1068900029,-67.367529,-4.509826,1,3,2,NONE,,
START_B,,396,37.2889346544,127.1068918363,-67.205154,-4.713909,1,3,2,NONE,,
START_B,,397,37.2889329877,127.1068936695,-67.042797,-4.899446,1,3,2,NONE,,
START_B,,398,37.2889313211,127.1068955029,-66.880421,-5.084972,1,3,2,NONE,,
START_B,,399,37.2889298211,127.1068973363,-66.718046,-5.251952,1,3,2,NONE,,
START_B,,400,37.2889284877,127.1068993362,-66.540925,-5.400386,1,3,2,NONE,,
START_B,,401,37.2889271544,127.1069011695,-66.378559,-5.548809,1,3,2,NONE,,
START_B,,402,37.2889259407,127.1069029515,-66.220736,-5.683918,1,3,2,NONE,,
START_B,,403,37.2889244877,127.1069048362,-66.053817,-5.845666,1,3,2,NONE,,
START_B,,404,37.2889230361,127.1069068845,-65.872409,-6.007258,1,3,2,NONE,,
START_B,,405,37.2889219877,127.1069086695,-65.714320,-6.123966,1,3,2,NONE,,
START_B,,406,37.2889208211,127.1069108362,-65.522426,-6.253832,1,3,2,NONE,,
START_B,,407,37.2889198211,127.1069130029,-65.330532,-6.365152,1,3,2,NONE,,
START_B,,408,37.2889187244,127.1069152103,-65.135034,-6.487236,1,3,2,NONE,,
START_B,,409,37.2889174877,127.1069173362,-64.946753,-6.624906,1,3,2,NONE,,
START_B,,410,37.2889162711,127.1069194766,-64.757189,-6.760338,1,3,2,NONE,,
START_B,,411,37.2889153211,127.1069216695,-64.562974,-6.866092,1,3,2,NONE,,
START_B,,412,37.2889143211,127.1069241695,-64.341562,-6.977412,1,3,2,NONE,,
START_B,,413,37.2889133211,127.1069265029,-64.134904,-7.088732,1,3,2,NONE,,
START_B,,414,37.2889124877,127.1069288362,-63.928255,-7.181506,1,3,2,NONE,,
START_B,,415,37.2889113211,127.1069313362,-63.706842,-7.311372,1,3,2,NONE,,
START_B,,416,37.2889103211,127.1069335029,-63.514948,-7.422692,1,3,2,NONE,,
START_B,,417,37.2889093211,127.1069360029,-63.293536,-7.534012,1,3,2,NONE,,
START_B,,418,37.2889084877,127.1069386695,-63.057368,-7.626786,1,3,2,NONE,,
START_B,,419,37.2889074877,127.1069410029,-62.850710,-7.738106,1,3,2,NONE,,
START_B,,420,37.2889064877,127.1069433362,-62.644061,-7.849426,1,3,2,NONE,,
START_B,,421,37.2889056544,127.1069460029,-62.407885,-7.942189,1,3,2,NONE,,
START_B,,422,37.2889048211,127.1069481695,-62.216000,-8.034952,1,3,2,NONE,,
START_B,,423,37.2889039877,127.1069506695,-61.994587,-8.127726,1,3,2,NONE,,
START_B,,424,37.2889033211,127.1069531695,-61.773174,-8.201932,1,3,2,NONE,,
START_B,,425,37.2889026544,127.1069555029,-61.566516,-8.276149,1,3,2,NONE,,
START_B,,426,37.2889018211,127.1069581695,-61.330349,-8.368912,1,3,2,NONE,,
START_B,,427,37.2889010808,127.1069605564,-61.118953,-8.451322,1,3,2,NONE,,
START_B,,428,37.2889004877,127.1069631695,-60.887523,-8.517346,1,3,2,NONE,,
START_B,,429,37.2889001544,127.1069658362,-60.651347,-8.554449,1,3,2,NONE,,
START_B,,430,37.2888997702,127.1069681810,-60.443679,-8.597218,1,3,2,NONE,,
START_B,,431,37.2888991544,127.1069710029,-60.193758,-8.665769,1,3,2,NONE,,
START_B,,432,37.2888984877,127.1069735029,-59.972345,-8.739986,1,3,2,NONE,,
START_B,,433,37.2888978211,127.1069760029,-59.750932,-8.814192,1,3,2,NONE,,
START_B,,434,37.2888973211,127.1069786695,-59.514765,-8.869852,1,3,2,NONE,,
START_B,,435,37.2888968968,127.1069813603,-59.276454,-8.917085,1,3,2,NONE,,
START_B,,436,37.2888963927,127.1069839793,-59.044502,-8.973201,1,3,2,NONE,,
START_B,,437,37.2888959877,127.1069866695,-58.806244,-9.018286,1,3,2,NONE,,
START_B,,438,37.2888955861,127.1069893862,-58.565639,-9.062992,1,3,2,NONE,,
START_B,,439,37.2888953211,127.1069920029,-58.333891,-9.092492,1,3,2,NONE,,
START_B,,440,37.2888953211,127.1069948362,-58.082959,-9.092492,1,3,2,NONE,,
START_B,,441,37.2888954877,127.1069975029,-57.846783,-9.073946,1,3,2,NONE,,
START_B,,442,37.2888954877,127.1070000029,-57.625370,-9.073946,1,3,2,NONE,,
START_B,,443,37.2888956544,127.1070028362,-57.374439,-9.055389,1,3,2,NONE,,
START_B,,444,37.2888959877,127.1070056695,-57.123507,-9.018286,1,3,2,NONE,,
START_B,,445,37.2888964877,127.1070081695,-56.902095,-8.962626,1,3,2,NONE,,
START_B,,446,37.2888971544,127.1070106695,-56.680682,-8.888409,1,3,2,NONE,,
START_B,,447,37.2888979877,127.1070131695,-56.459269,-8.795646,1,3,2,NONE,,
START_B,,448,37.2888986544,127.1070155029,-56.252611,-8.721429,1,3,2,NONE,,
START_B,,449,37.2888997030,127.1070181315,-56.019809,-8.604699,1,3,2,NONE,,
START_B,,450,37.2889008624,127.1070203914,-55.819661,-8.475634,1,3,2,NONE,,
START_B,,451,37.2889022403,127.1070224823,-55.634480,-8.322247,1,3,2,NONE,,
START_B,,452,37.2889036544,127.1070241695,-55.485053,-8.164829,1,3,2,NONE,,
START_B,,453,37.2889053211,127.1070260029,-55.322678,-7.979292,1,3,2,NONE,,
START_B,,454,37.2889071544,127.1070278362,-55.160312,-7.775209,1,3,2,NONE,,
START_B,,455,37.2889088440,127.1070296422,-55.000363,-7.587123,1,3,2,NONE,,
START_B,,456,37.2889106544,127.1070311695,-54.865098,-7.385589,1,3,2,NONE,,
START_B,,457,37.2889124877,127.1070325029,-54.747005,-7.181506,1,3,2,NONE,,
START_B,,458,37.2889143892,127.1070338241,-54.629993,-6.969831,1,3,2,NONE,,
START_B,,459,37.2889161544,127.1070353362,-54.496073,-6.773329,1,3,2,NONE,,
START_B,,460,37.2889181544,127.1070370029,-54.348462,-6.550689,1,3,2,NONE,,
START_B,,461,37.2889199877,127.1070383362,-54.230378,-6.346606,1,3,2,NONE,,
START_B,,462,37.2889218211,127.1070395029,-54.127049,-6.142512,1,3,2,NONE,,
START_B,,463,37.2889249753,127.1070414910,-53.950973,-5.791386,1,3,2,NONE,,
START_B,,464,37.2889266544,127.1070426695,-53.846599,-5.604469,1,3,2,NONE,,
START_B,,465,37.2889284877,127.1070441695,-53.713751,-5.400386,1,3,2,NONE,,
START_B,,466,37.2889305373,127.1070455884,-53.588086,-5.172224,1,3,2,NONE,,
START_B,,467,37.2889324696,127.1070467500,-53.485209,-4.957121,1,3,2,NONE,,
START_B,,468,37.2889344877,127.1070478362,-53.389010,-4.732466,1,3,2,NONE,,
START_B,,469,37.2889364877,127.1070488362,-53.300445,-4.509826,1,3,2,NONE,,
START_B,,470,37.2889383211,127.1070500029,-53.197116,-4.305732,1,3,2,NONE,,
START_B,,471,37.2889403211,127.1070513362,-53.079032,-4.083092,1,3,2,NONE,,
START_B,,472,37.2889423211,127.1070523362,-52.990467,-3.860452,1,3,2,NONE,,
START_B,,473,37.2889442825,127.1070532341,-52.910944,-3.642109,1,3,2,NONE,,
START_B,,474,37.2889463157,127.1070540789,-52.836125,-3.415773,1,3,2,NONE,,
START_B,,475,37.2889481544,127.1070550029,-52.754291,-3.211089,1,3,2,NONE,,
START_B,,476,37.2889501544,127.1070560029,-52.665725,-2.988449,1,3,2,NONE,,
START_B,,477,37.2889521544,127.1070570029,-52.577160,-2.765809,1,3,2,NONE,,
START_B,,478,37.2889539877,127.1070578362,-52.503359,-2.561726,1,3,2,NONE,,
START_B,,479,37.2889561544,127.1070585029,-52.444313,-2.320529,1,3,2,NONE,,
START_B,,480,37.2889580613,127.1070590423,-52.396541,-2.108253,1,3,2,NONE,,
START_B,,481,37.2889599877,127.1070598362,-52.326229,-1.893806,1,3,2,NONE,,
START_B,,482,37.2889619877,127.1070608362,-52.237664,-1.671166,1,3,2,NONE,,
START_B,,483,37.2889638211,127.1070620029,-52.134335,-1.467072,1,3,2,NONE,,
START_B,,484,37.2889656544,127.1070628362,-52.060534,-1.262989,1,3,2,NONE,,
START_B,,485,37.2889678211,127.1070638362,-51.971969,-1.021792,1,3,2,NONE,,
START_B,,486,37.2889696544,127.1070650029,-51.868640,-0.817709,1,3,2,NONE,,
START_B,,487,37.2889713211,127.1070663362,-51.750556,-0.632172,1,3,2,NONE,,
START_B,,488,37.2889731544,127.1070676695,-51.632472,-0.428089,1,3,2,NONE,,
START_B,,489,37.2889749877,127.1070688362,-51.529143,-0.224006,1,3,2,NONE,,
START_B,,490,37.2889769877,127.1070701695,-51.411059,-0.001366,1,3,2,NONE,,
START_B,,491,37.2889787127,127.1070714612,-51.296660,0.190661,1,3,2,NONE,,
START_B,,492,37.2889803211,127.1070730029,-51.160119,0.369708,1,3,2,NONE,,
START_B,,493,37.2889819877,127.1070750029,-50.982989,0.555234,1,3,2,NONE,,
START_B,,494,37.2889834877,127.1070771695,-50.791104,0.722214,1,3,2,NONE,,
START_B,,495,37.2889848211,127.1070790029,-50.628728,0.870648,1,3,2,NONE,,
START_B,,496,37.2889861544,127.1070811695,-50.436843,1.019071,1,3,2,NONE,,
START_B,,497,37.2889872320,127.1070833944,-50.239795,1.139030,1,3,2,NONE,,
START_B,,498,37.2889881544,127.1070855029,-50.053055,1.241711,1,3,2,NONE,,
START_B,,499,37.2889891544,127.1070880029,-49.831643,1.353031,1,3,2,NONE,,
START_B,,500,37.2889899877,127.1070901695,-49.639758,1.445794,1,3,2,NONE,,
START_B,,501,37.2889907775,127.1070926876,-49.416742,1.533715,1,3,2,NONE,,
START_B,,502,37.2889913152,127.1070950953,-49.203504,1.593571,1,3,2,NONE,,
START_B,,503,37.2889916544,127.1070975029,-48.990274,1.631331,1,3,2,NONE,,
START_B,,504,37.2889918530,127.1071002910,-48.743346,1.653439,1,3,2,NONE,,
START_B,,505,37.2889919877,127.1071028362,-48.517930,1.668434,1,3,2,NONE,,
START_B,,506,37.2889921544,127.1071055029,-48.281754,1.686991,1,3,2,NONE,,
START_B,,507,37.2889923211,127.1071083362,-48.030822,1.705548,1,3,2,NONE,,
START_B,,508,37.2889922226,127.1071109781,-47.796842,1.694583,1,3,2,NONE,,
START_B,,509,37.2889919877,127.1071135029,-47.573233,1.668434,1,3,2,NONE,,
START_B,,510,37.2889916544,127.1071161695,-47.337065,1.631331,1,3,2,NONE,,
START_B,,511,37.2889914877,127.1071188362,-47.100889,1.612774,1,3,2,NONE,,
START_B,,512,37.2889911544,127.1071216695,-46.849957,1.575671,1,3,2,NONE,,
START_B,,513,37.2889909877,127.1071243362,-46.613781,1.557114,1,3,2,NONE,,
START_B,,514,37.2889905759,127.1071269876,-46.378959,1.511272,1,3,2,NONE,,
START_B,,515,37.2889899877,127.1071295029,-46.156192,1.445794,1,3,2,NONE,,
START_B,,516,37.2889894877,127.1071323362,-45.905260,1.390134,1,3,2,NONE,,
START_B,,517,37.2889891544,127.1071350029,-45.669084,1.353031,1,3,2,NONE,,
START_B,,518,37.2889886544,127.1071376695,-45.432916,1.297371,1,3,2,NONE,,
START_B,,519,37.2889881544,127.1071401695,-45.211503,1.241711,1,3,2,NONE,,
START_B,,520,37.2889873211,127.1071428362,-44.975327,1.148948,1,3,2,NONE,,
START_B,,521,37.2889866544,127.1071453362,-44.753914,1.074731,1,3,2,NONE,,
START_B,,522,37.2889859877,127.1071480029,-44.517738,1.000514,1,3,2,NONE,,
START_B,,523,37.2889854877,127.1071508362,-44.266806,0.944854,1,3,2,NONE,,
START_B,,524,37.2889848211,127.1071535029,-44.030630,0.870648,1,3,2,NONE,,
START_B,,525,37.2889839877,127.1071561695,-43.794462,0.777874,1,3,2,NONE,,
START_B,,526,37.2889831544,127.1071586695,-43.573049,0.685111,1,3,2,NONE,,
START_B,,527,37.2889824877,127.1071615029,-43.322109,0.610894,1,3,2,NONE,,
START_B,,528,37.2889817037,127.1071642234,-43.081168,0.523619,1,3,2,NONE,,
START_B,,529,37.2889811544,127.1071668362,-42.849765,0.462471,1,3,2,NONE,,
START_B,,530,37.2889804877,127.1071693362,-42.628352,0.388254,1,3,2,NONE,,
START_B,,531,37.2889796544,127.1071720029,-42.392176,0.295491,1,3,2,NONE,,
START_B,,532,37.2889788211,127.1071746695,-42.156008,0.202728,1,3,2,NONE,,
START_B,,533,37.2889778725,127.1071772760,-41.925163,0.097130,1,3,2,NONE,,
START_B,,534,37.2889771544,127.1071798362,-41.698419,0.017191,1,3,2,NONE,,
START_B,,535,37.2889763211,127.1071823362,-41.477006,-0.075572,1,3,2,NONE,,
START_B,,536,37.2889753211,127.1071848362,-41.255593,-0.186892,1,3,2,NONE,,
START_B,,537,37.2889741544,127.1071871695,-41.048944,-0.316769,1,3,2,NONE,,
START_B,,538,37.2889729877,127.1071896695,-40.827532,-0.446646,1,3,2,NONE,,
START_B,,539,37.2889721544,127.1071921695,-40.606119,-0.539409,1,3,2,NONE,,
START_B,,540,37.2889713211,127.1071948362,-40.369942,-0.632172,1,3,2,NONE,,
START_B,,541,37.2889698211,127.1071986695,-40.030446,-0.799152,1,3,2,NONE,,
START_B,,542,37.2889688211,127.1072013362,-39.794269,-0.910472,1,3,2,NONE,,
START_B,,543,37.2889679877,127.1072040029,-39.558093,-1.003246,1,3,2,NONE,,
START_B,,544,37.2889669877,127.1072066695,-39.321925,-1.114566,1,3,2,NONE,,
START_B,,545,37.2889660765,127.1072092738,-39.091275,-1.216001,1,3,2,NONE,,
START_B,,546,37.2889649877,127.1072118362,-38.864336,-1.337206,1,3,2,NONE,,
START_B,,547,37.2889636544,127.1072143362,-38.642923,-1.485629,1,3,2,NONE,,
START_B,,548,37.2889626544,127.1072168362,-38.421511,-1.596949,1,3,2,NONE,,
START_B,,549,37.2889618211,127.1072195029,-38.185334,-1.689712,1,3,2,NONE,,
START_B,,550,37.2889608211,127.1072221695,-37.949166,-1.801032,1,3,2,NONE,,
START_B,,551,37.2889599264,127.1072246497,-37.729507,-1.900630,1,3,2,NONE,,
START_B,,552,37.2889588211,127.1072270029,-37.521096,-2.023672,1,3,2,NONE,,
START_B,,553,37.2889574877,127.1072293362,-37.314447,-2.172106,1,3,2,NONE,,
START_B,,554,37.2889563211,127.1072316695,-37.107798,-2.301972,1,3,2,NONE,,
START_B,,555,37.2889549877,127.1072340029,-36.901140,-2.450406,1,3,2,NONE,,
START_B,,556,37.2889536588,127.1072364351,-36.685732,-2.598339,1,3,2,NONE,,
START_B,,557,37.2889524877,127.1072383362,-36.517361,-2.728706,1,3,2,NONE,,
START_B,,558,37.2889511544,127.1072403362,-36.340231,-2.877129,1,3,2,NONE,,
START_B,,559,37.2889496544,127.1072423362,-36.163101,-3.044109,1,3,2,NONE,,
START_B,,560,37.2889481544,127.1072443362,-35.985971,-3.211089,1,3,2,NONE,,
START_B,,561,37.2889468211,127.1072463362,-35.808841,-3.359512,1,3,2,NONE,,
START_B,,562,37.2889452739,127.1072481993,-35.643835,-3.531746,1,3,2,NONE,,
START_B,,563,37.2889436544,127.1072498362,-35.498863,-3.712029,1,3,2,NONE,,
START_B,,564,37.2889419877,127.1072513362,-35.366015,-3.897566,1,3,2,NONE,,
START_B,,565,37.2889401544,127.1072526695,-35.247931,-4.101649,1,3,2,NONE,,
START_B,,566,37.2889384877,127.1072541695,-35.115084,-4.287186,1,3,2,NONE,,
START_B,,567,37.2889366873,127.1072558450,-34.966693,-4.487606,1,3,2,NONE,,
START_B,,568,37.2889349877,127.1072571695,-34.849388,-4.676806,1,3,2,NONE,,
START_B,,569,37.2889331544,127.1072583362,-34.746060,-4.880889,1,3,2,NONE,,
START_B,,570,37.2889311544,127.1072595029,-34.642731,-5.103529,1,3,2,NONE,,
START_B,,571,37.2889291544,127.1072606695,-34.539411,-5.326169,1,3,2,NONE,,
START_B,,572,37.2889273211,127.1072618362,-34.436082,-5.530252,1,3,2,NONE,,
START_B,,573,37.2889253450,127.1072630683,-34.326961,-5.750231,1,3,2,NONE,,
START_B,,574,37.2889233211,127.1072640029,-34.244188,-5.975532,1,3,2,NONE,,
START_B,,575,37.2889213211,127.1072646695,-34.185150,-6.198172,1,3,2,NONE,,
START_B,,576,37.2889191544,127.1072653362,-34.126104,-6.439369,1,3,2,NONE,,
START_B,,577,37.2889171544,127.1072660029,-34.067058,-6.662009,1,3,2,NONE,,
START_B,,578,37.2889151544,127.1072665029,-34.022775,-6.884649,1,3,2,NONE,,
START_B,,579,37.2889129877,127.1072668362,-33.993256,-7.125846,1,3,2,NONE,,
START_B,,580,37.2889109613,127.1072668911,-33.988394,-7.351425,1,3,2,NONE,,
START_B,,581,37.2889089877,127.1072668362,-33.993256,-7.571126,1,4,2,NONE,,
START_B,,582,37.2889068211,127.1072668362,-33.993256,-7.812312,1,4,2,NONE,,
START_B,,583,37.2889048211,127.1072666695,-34.008020,-8.034952,1,4,2,NONE,,
START_B,,584,37.2889026544,127.1072665029,-34.022775,-8.276149,1,4,2,NONE,,
START_B,,585,37.2889006944,127.1072662364,-34.046378,-8.494336,1,4,2,NONE,,
START_B,,586,37.2888984877,127.1072656695,-34.096585,-8.739986,1,4,2,NONE,,
START_B,,587,37.2888963211,127.1072650029,-34.155623,-8.981172,1,4,2,NONE,,
START_B,,588,37.2888943211,127.1072645029,-34.199905,-9.203812,1,4,2,NONE,,
START_B,,589,37.2888923211,127.1072638362,-34.258952,-9.426452,1,4,2,NONE,,
START_B,,590,37.2888903211,127.1072633362,-34.303234,-9.649092,1,4,2,NONE,,
START_B,,591,37.2888883211,127.1072625029,-34.377035,-9.871732,1,4,2,NONE,,
START_B,,592,37.2888863211,127.1072616695,-34.450846,-10.094372,1,4,2,NONE,,
START_B,,593,37.2888843211,127.1072608362,-34.524647,-10.317012,1,4,2,NONE,,
START_B,,594,37.2888823211,127.1072600029,-34.598448,-10.539652,1,4,2,NONE,,
START_B,,595,37.2888803211,127.1072591695,-34.672258,-10.762292,1,4,2,NONE,,
START_B,,596,37.2888783481,127.1072584443,-34.736486,-10.981926,1,4,2,NONE,,
START_B,,597,37.2888764877,127.1072575029,-34.819861,-11.189026,1,4,2,NONE,,
START_B,,598,37.2888744877,127.1072565029,-34.908426,-11.411666,1,4,2,NONE,,
START_B,,599,37.2888726544,127.1072555029,-34.996991,-11.615749,1,4,2,NONE,,
START_B,,600,37.2888708211,127.1072545029,-35.085556,-11.819832,1,4,2,NONE,,
START_B,,601,37.2888689877,127.1072535029,-35.174121,-12.023926,1,4,2,NONE,,
START_B,,602,37.2888669695,127.1072525917,-35.254822,-12.248592,1,4,2,NONE,,
START_B,,603,37.2888653211,127.1072516695,-35.336496,-12.432092,1,4,2,NONE,,
START_B,,604,37.2888633211,127.1072506695,-35.425062,-12.654732,1,4,2,NONE,,
START_B,,605,37.2888614877,127.1072496695,-35.513627,-12.858826,1,4,2,NONE,,
START_B,,606,37.2888596544,127.1072488362,-35.587428,-13.062909,1,4,2,NONE,,
START_B,,607,37.2888576544,127.1072481695,-35.646474,-13.285549,1,4,2,NONE,,
START_B,,608,37.2888558211,127.1072473362,-35.720276,-13.489632,1,4,2,NONE,,
START_B,,609,37.2888539877,127.1072463362,-35.808841,-13.693726,1,4,2,NONE,,
START_B,,610,37.2888521544,127.1072451695,-35.912170,-13.897809,1,4,2,NONE,,
START_B,,611,37.2888504877,127.1072441695,-36.000735,-14.083346,1,4,2,NONE,,
START_B,,612,37.2888484877,127.1072431695,-36.089300,-14.305986,1,4,2,NONE,,
START_B,,613,37.2888466544,127.1072423362,-36.163101,-14.510069,1,4,2,NONE,,
START_B,,614,37.2888448211,127.1072413362,-36.251666,-14.714152,1,4,2,NONE,,
START_B,,615,37.2888429877,127.1072403362,-36.340231,-14.918246,1,4,2,NONE,,
START_B,,616,37.2888411544,127.1072393362,-36.428796,-15.122329,1,4,2,NONE,,
START_B,,617,37.2888393211,127.1072383362,-36.517361,-15.326412,1,4,2,NONE,,
START_B,,618,37.2888373211,127.1072375029,-36.591163,-15.549052,1,4,2,NONE,,
START_B,,619,37.2888353211,127.1072366695,-36.664973,-15.771692,1,4,2,NONE,,
START_B,,620,37.2888334877,127.1072356695,-36.753538,-15.975786,1,4,2,NONE,,
START_B,,621,37.2888316544,127.1072345029,-36.856858,-16.179869,1,4,2,NONE,,
START_B,,622,37.2888296544,127.1072333362,-36.960187,-16.402509,1,4,2,NONE,,
START_B,,623,37.2888278211,127.1072321695,-37.063516,-16.606592,1,4,2,NONE,,
START_B,,624,37.2888258211,127.1072311695,-37.152081,-16.829232,1,4,2,NONE,,
START_B,,625,37.2888238211,127.1072300029,-37.255401,-17.051872,1,4,2,NONE,,
START_B,,626,37.2888219877,127.1072288362,-37.358730,-17.255966,1,4,2,NONE,,
START_B,,627,37.2888191402,127.1072271723,-37.506093,-17.572950,1,4,2,NONE,,
START_B,,628,37.2888180173,127.1072263255,-37.581090,-17.697951,1,4,2,NONE,,
START_B,,629,37.2888170292,127.1072256292,-37.642758,-17.807946,1,4,2,NONE,,
START_B,,630,37.2888113945,127.1072207440,-38.075416,-18.435201,1,4,2,NONE,,
START_B,,631,37.2888103218,127.1072200965,-38.132762,-18.554614,1,4,2,NONE,,
START_B,,632,37.2888074346,127.1072187396,-38.252936,-18.876017,1,4,2,NONE,,
START_B,,633,37.2888063722,127.1072181349,-38.306491,-18.994283,1,4,2,NONE,,
START_B,,634,37.2888046236,127.1072173557,-38.375501,-19.188938,1,4,2,NONE,,
COMMON_1,,0,37.2887990993,127.1072242497,-37.764928,-19.803900,1,4,2,NONE,,
COMMON_1,,1,37.2887981573,127.1072237710,-37.807324,-19.908774,1,4,2,NONE,,
COMMON_1,,2,37.2887967541,127.1072230151,-37.874271,-20.064968,1,4,2,NONE,,
COMMON_1,,3,37.2887959523,127.1072226120,-37.909971,-20.154224,1,4,2,NONE,,
COMMON_1,,4,37.2887949301,127.1072220325,-37.961295,-20.268026,1,4,2,NONE,,
COMMON_1,,5,37.2887934869,127.1072213019,-38.026000,-20.428683,1,4,2,NONE,,
COMMON_1,,6,37.2887924244,127.1072207224,-38.077324,-20.546950,1,4,2,NONE,,
COMMON_1,,7,37.2887912818,127.1072200421,-38.137575,-20.674144,1,4,2,NONE,,
COMMON_1,,8,37.2887897627,127.1072190762,-38.223120,-20.843261,1,4,2,NONE,,
COMMON_1,,9,37.2887880999,127.1072178819,-38.328893,-21.028364,1,4,2,NONE,,
COMMON_1,,10,37.2887861995,127.1072167730,-38.427103,-21.239906,1,4,2,NONE,,
COMMON_1,,11,37.2887845706,127.1072157066,-38.521549,-21.421235,1,4,2,NONE,,
COMMON_1,,12,37.2887828061,127.1072145123,-38.627322,-21.617670,1,4,2,NONE,,
COMMON_1,,13,37.2887816863,127.1072136166,-38.706650,-21.742326,1,4,2,NONE,,
COMMON_1,,14,37.2887802949,127.1072124223,-38.812423,-21.897206,1,4,2,NONE,,
COMMON_1,,15,37.2887790054,127.1072112707,-38.914414,-22.040753,1,4,2,NONE,,
COMMON_1,,16,37.2887774357,127.1072101138,-39.016875,-22.215492,1,4,2,NONE,,
COMMON_1,,17,37.2887757690,127.1072087805,-39.134959,-22.401029,1,4,2,NONE,,
COMMON_1,,18,37.2887744357,127.1072077805,-39.223524,-22.549452,1,4,2,NONE,,
COMMON_1,,19,37.2887725727,127.1072066780,-39.321167,-22.756852,1,4,2,NONE,,
COMMON_1,,20,37.2887711037,127.1072059963,-39.381542,-22.920381,1,4,2,NONE,,
COMMON_1,,21,37.2887697930,127.1072054850,-39.426825,-23.066288,1,4,2,NONE,,
COMMON_1,,22,37.2887678494,127.1072045192,-39.512362,-23.282639,1,4,2,NONE,,
COMMON_1,,23,37.2887664357,127.1072036138,-39.592548,-23.440012,1,4,2,NONE,,
COMMON_1,,24,37.2887651023,127.1072027805,-39.666350,-23.588446,1,4,2,NONE,,
COMMON_1,,25,37.2887630358,127.1072018208,-39.751346,-23.818489,1,4,2,NONE,,
COMMON_1,,26,37.2887616023,127.1072012805,-39.799197,-23.978066,1,4,2,NONE,,
COMMON_1,,27,37.2887597817,127.1072003721,-39.879650,-24.180746,1,4,2,NONE,,
COMMON_1,,28,37.2887582690,127.1071994471,-39.961573,-24.349129,1,4,2,NONE,,
COMMON_1,,29,37.2887569357,127.1071984471,-40.050138,-24.497552,1,4,2,NONE,,
COMMON_1,,30,37.2887556023,127.1071974471,-40.138703,-24.645986,1,4,2,NONE,,
COMMON_1,,31,37.2887542690,127.1071966138,-40.212504,-24.794409,1,4,2,NONE,,
COMMON_1,,32,37.2887526023,127.1071957805,-40.286305,-24.979946,1,4,2,NONE,,
COMMON_1,,33,37.2887510811,127.1071948899,-40.365181,-25.149297,1,4,2,NONE,,
COMMON_1,,34,37.2887496023,127.1071937805,-40.463435,-25.313906,1,4,2,NONE,,
COMMON_1,,35,37.2887481023,127.1071926138,-40.566764,-25.480886,1,4,2,NONE,,
COMMON_1,,36,37.2887464357,127.1071914471,-40.670093,-25.666412,1,4,2,NONE,,
COMMON_1,,37,37.2887448212,127.1071904587,-40.757631,-25.846138,1,4,2,NONE,,
COMMON_1,,38,37.2887431023,127.1071896138,-40.832460,-26.037486,1,4,2,NONE,,
COMMON_1,,39,37.2887414357,127.1071889471,-40.891506,-26.223012,1,4,2,NONE,,
COMMON_1,,40,37.2887397690,127.1071881138,-40.965307,-26.408549,1,4,2,NONE,,
COMMON_1,,41,37.2887381023,127.1071872805,-41.039108,-26.594086,1,4,2,NONE,,
COMMON_1,,42,37.2887362690,127.1071864471,-41.112919,-26.798169,1,4,2,NONE,,
COMMON_1,,43,37.2887346023,127.1071859471,-41.157201,-26.983706,1,4,2,NONE,,
COMMON_1,,44,37.2887326023,127.1071854471,-41.201484,-27.206346,1,4,2,NONE,,
COMMON_1,,45,37.2887307690,127.1071847805,-41.260521,-27.410429,1,4,2,NONE,,
COMMON_1,,46,37.2887289357,127.1071841138,-41.319568,-27.614512,1,4,2,NONE,,
COMMON_1,,47,37.2887271023,127.1071832805,-41.393369,-27.818606,1,4,2,NONE,,
COMMON_1,,48,37.2887252690,127.1071824471,-41.467179,-28.022689,1,4,2,NONE,,
COMMON_1,,49,37.2887234357,127.1071816138,-41.540980,-28.226772,1,4,2,NONE,,
COMMON_1,,50,37.2887214079,127.1071807853,-41.614356,-28.452507,1,4,2,NONE,,
COMMON_1,,51,37.2887197690,127.1071801138,-41.673828,-28.634949,1,4,2,NONE,,
COMMON_1,,52,37.2887177690,127.1071789471,-41.777157,-28.857589,1,4,2,NONE,,
COMMON_1,,53,37.2887161023,127.1071777805,-41.880477,-29.043126,1,4,2,NONE,,
COMMON_1,,54,37.2887142690,127.1071766138,-41.983806,-29.247209,1,4,2,NONE,,
COMMON_1,,55,37.2887122690,127.1071756138,-42.072371,-29.469849,1,4,2,NONE,,
COMMON_1,,56,37.2887104357,127.1071747805,-42.146172,-29.673932,1,4,2,NONE,,
COMMON_1,,57,37.2887084357,127.1071739471,-42.219982,-29.896572,1,4,2,NONE,,
COMMON_1,,58,37.2887064357,127.1071727805,-42.323302,-30.119212,1,4,2,NONE,,
COMMON_1,,59,37.2887044357,127.1071717805,-42.411867,-30.341852,1,4,2,NONE,,
COMMON_1,,60,37.2887026023,127.1071709471,-42.485677,-30.545946,1,4,2,NONE,,
COMMON_1,,61,37.2887006023,127.1071701138,-42.559479,-30.768586,1,4,2,NONE,,
COMMON_1,,62,37.2886986023,127.1071692805,-42.633280,-30.991226,1,4,2,NONE,,
COMMON_1,,63,37.2886966023,127.1071681138,-42.736609,-31.213866,1,4,2,NONE,,
COMMON_1,,64,37.2886946023,127.1071669471,-42.839938,-31.436506,1,4,2,NONE,,
COMMON_1,,65,37.2886927690,127.1071659471,-42.928503,-31.640589,1,4,2,NONE,,
COMMON_1,,66,37.2886907690,127.1071651138,-43.002304,-31.863229,1,4,2,NONE,,
COMMON_1,,67,37.2886887690,127.1071642805,-43.076105,-32.085869,1,4,2,NONE,,
COMMON_1,,68,37.2886869357,127.1071634471,-43.149916,-32.289952,1,4,2,NONE,,
COMMON_1,,69,37.2886850028,127.1071623725,-43.245088,-32.505133,1,4,2,NONE,,
COMMON_1,,70,37.2886831023,127.1071614471,-43.327046,-32.716686,1,4,2,NONE,,
COMMON_1,,71,37.2886812690,127.1071606138,-43.400847,-32.920769,1,4,2,NONE,,
COMMON_1,,72,37.2886793942,127.1071597910,-43.473718,-33.129472,1,4,2,NONE,,
COMMON_1,,73,37.2886772614,127.1071591457,-43.530869,-33.366895,1,4,2,NONE,,
COMMON_1,,74,37.2886756023,127.1071584471,-43.592741,-33.551586,1,4,2,NONE,,
COMMON_1,,75,37.2886737690,127.1071574471,-43.681306,-33.755669,1,4,2,NONE,,
COMMON_1,,76,37.2886719357,127.1071564471,-43.769871,-33.959752,1,4,2,NONE,,
COMMON_1,,77,37.2886701023,127.1071556138,-43.843672,-34.163846,1,4,2,NONE,,
COMMON_1,,78,37.2886682690,127.1071547805,-43.917474,-34.367929,1,4,2,NONE,,
COMMON_1,,79,37.2886666023,127.1071541138,-43.976520,-34.553466,1,4,2,NONE,,
COMMON_1,,80,37.2886647806,127.1071532132,-44.056282,-34.756258,1,4,2,NONE,,
COMMON_1,,81,37.2886631023,127.1071521138,-44.153650,-34.943086,1,4,2,NONE,,
COMMON_1,,82,37.2886612690,127.1071509471,-44.256979,-35.147169,1,4,2,NONE,,
COMMON_1,,83,37.2886596023,127.1071501138,-44.330780,-35.332706,1,4,2,NONE,,
COMMON_1,,84,37.2886577690,127.1071492805,-44.404582,-35.536789,1,4,2,NONE,,
COMMON_1,,85,37.2886559357,127.1071484471,-44.478392,-35.740872,1,4,2,NONE,,
COMMON_1,,86,37.2886541023,127.1071474471,-44.566957,-35.944966,1,4,2,NONE,,
COMMON_1,,87,37.2886524357,127.1071462805,-44.670277,-36.130492,1,4,2,NONE,,
COMMON_1,,88,37.2886507690,127.1071452805,-44.758842,-36.316029,1,4,2,NONE,,
COMMON_1,,89,37.2886490612,127.1071444758,-44.830110,-36.506152,1,4,2,NONE,,
COMMON_1,,90,37.2886472690,127.1071436138,-44.906453,-36.705649,1,4,2,NONE,,
COMMON_1,,91,37.2886456023,127.1071426138,-44.995019,-36.891186,1,4,2,NONE,,
COMMON_1,,92,37.2886439357,127.1071416138,-45.083584,-37.076712,1,4,2,NONE,,
COMMON_1,,93,37.2886422690,127.1071406138,-45.172149,-37.262249,1,4,2,NONE,,
COMMON_1,,94,37.2886403325,127.1071394866,-45.271979,-37.477831,1,4,2,NONE,,
COMMON_1,,95,37.2886386023,127.1071386138,-45.349279,-37.670426,1,4,2,NONE,,
COMMON_1,,96,37.2886367690,127.1071377805,-45.423080,-37.874509,1,4,2,NONE,,
COMMON_1,,97,37.2886349357,127.1071367805,-45.511645,-38.078592,1,4,2,NONE,,
COMMON_1,,98,37.2886331023,127.1071356138,-45.614974,-38.282686,1,4,2,NONE,,
COMMON_1,,99,37.2886312690,127.1071346138,-45.703539,-38.486769,1,4,2,NONE,,
COMMON_1,,100,37.2886294357,127.1071336138,-45.792104,-38.690852,1,4,2,NONE,,
COMMON_1,,101,37.2886276023,127.1071327805,-45.865906,-38.894946,1,4,2,NONE,,
COMMON_1,,102,37.2886257690,127.1071319471,-45.939716,-39.099029,1,4,2,NONE,,
COMMON_1,,103,37.2886237690,127.1071307805,-46.043036,-39.321669,1,4,2,NONE,,
COMMON_1,,104,37.2886219357,127.1071296138,-46.146365,-39.525752,1,4,2,NONE,,
COMMON_1,,105,37.2886201023,127.1071286138,-46.234930,-39.729846,1,4,2,NONE,,
COMMON_1,,106,37.2886182690,127.1071277805,-46.308731,-39.933929,1,4,2,NONE,,
COMMON_1,,107,37.2886162690,127.1071271138,-46.367777,-40.156569,1,4,2,NONE,,
COMMON_1,,108,37.2886144357,127.1071262805,-46.441579,-40.360652,1,4,2,NONE,,
COMMON_1,,109,37.2886124357,127.1071252805,-46.530144,-40.583292,1,4,2,NONE,,
COMMON_1,,110,37.2886106023,127.1071242805,-46.618709,-40.787386,1,4,2,NONE,,
COMMON_1,,111,37.2886087552,127.1071233523,-46.700915,-40.993016,1,4,2,NONE,,
COMMON_1,,112,37.2886069357,127.1071226138,-46.766320,-41.195552,1,4,2,NONE,,
COMMON_1,,113,37.2886051023,127.1071217805,-46.840122,-41.399646,1,4,2,NONE,,
COMMON_1,,114,37.2886034357,127.1071209471,-46.913932,-41.585172,1,4,2,NONE,,
COMMON_1,,115,37.2886016023,127.1071199471,-47.002497,-41.789266,1,4,2,NONE,,
COMMON_1,,116,37.2885997690,127.1071189471,-47.091062,-41.993349,1,4,2,NONE,,
COMMON_1,,117,37.2885979357,127.1071181138,-47.164863,-42.197432,1,4,2,NONE,,
COMMON_1,,118,37.2885961023,127.1071174471,-47.223909,-42.401526,1,4,2,NONE,,
COMMON_1,,119,37.2885942690,127.1071166138,-47.297711,-42.605609,1,4,2,NONE,,
COMMON_1,,120,37.2885924357,127.1071157805,-47.371512,-42.809692,1,4,2,NONE,,
COMMON_1,,121,37.2885906023,127.1071147805,-47.460077,-43.013786,1,4,2,NONE,,
COMMON_1,,122,37.2885887690,127.1071137805,-47.548642,-43.217869,1,4,2,NONE,,
COMMON_1,,123,37.2885869357,127.1071129471,-47.622452,-43.421952,1,4,2,NONE,,
COMMON_1,,124,37.2885851023,127.1071121138,-47.696254,-43.626046,1,4,2,NONE,,
COMMON_1,,125,37.2885832690,127.1071112805,-47.770055,-43.830129,1,4,2,NONE,,
COMMON_1,,126,37.2885812690,127.1071101138,-47.873384,-44.052769,1,4,2,NONE,,
COMMON_1,,127,37.2885794357,127.1071089471,-47.976713,-44.256852,1,4,2,NONE,,
COMMON_1,,128,37.2885776023,127.1071079471,-48.065278,-44.460946,1,4,2,NONE,,
COMMON_1,,129,37.2885757690,127.1071071138,-48.139079,-44.665029,1,4,2,NONE,,
COMMON_1,,130,37.2885737548,127.1071062196,-48.218274,-44.889250,1,4,2,NONE,,
COMMON_1,,131,37.2885719357,127.1071051138,-48.316209,-45.091752,1,4,2,NONE,,
COMMON_1,,132,37.2885701023,127.1071039471,-48.419538,-45.295846,1,4,2,NONE,,
COMMON_1,,133,37.2885682690,127.1071027805,-48.522858,-45.499929,1,4,2,NONE,,
COMMON_1,,134,37.2885666023,127.1071017805,-48.611423,-45.685466,1,4,2,NONE,,
COMMON_1,,135,37.2885646023,127.1071007805,-48.699988,-45.908106,1,4,2,NONE,,
COMMON_1,,136,37.2885627690,127.1070999471,-48.773798,-46.112189,1,4,2,NONE,,
COMMON_1,,137,37.2885611023,127.1070989471,-48.862364,-46.297726,1,4,2,NONE,,
COMMON_1,,138,37.2885592690,127.1070976138,-48.980447,-46.501809,1,4,2,NONE,,
COMMON_1,,139,37.2885576023,127.1070966138,-49.069012,-46.687346,1,4,2,NONE,,
COMMON_1,,140,37.2885560473,127.1070957943,-49.141592,-46.860449,1,4,2,NONE,,
COMMON_1,,141,37.2885544357,127.1070949471,-49.216624,-47.039852,1,4,2,NONE,,
COMMON_1,,142,37.2885529357,127.1070941138,-49.290425,-47.206832,1,4,2,NONE,,
COMMON_1,,143,37.2885514357,127.1070931138,-49.378990,-47.373812,1,4,2,NONE,,
COMMON_1,,144,37.2885499357,127.1070919471,-49.482319,-47.540792,1,4,2,NONE,,
COMMON_1,,145,37.2885484357,127.1070909471,-49.570884,-47.707772,1,4,2,NONE,,
COMMON_1,,146,37.2885468096,127.1070901129,-49.644765,-47.888800,1,4,2,NONE,,
COMMON_1,,147,37.2885449357,127.1070892805,-49.718487,-48.097392,1,4,2,NONE,,
COMMON_1,,148,37.2885432109,127.1070883477,-49.801100,-48.289397,1,4,2,NONE,,
COMMON_1,,149,37.2885416023,127.1070872805,-49.895617,-48.468466,1,4,2,NONE,,
COMMON_1,,150,37.2885399357,127.1070862805,-49.984182,-48.653992,1,4,2,NONE,,
COMMON_1,,151,37.2885383179,127.1070853691,-50.064900,-48.834096,1,4,2,NONE,,
COMMON_1,,152,37.2885367690,127.1070844471,-50.146557,-49.006509,1,4,2,NONE,,
COMMON_1,,153,37.2885354357,127.1070837805,-50.205595,-49.154932,1,4,2,NONE,,
COMMON_1,,154,37.2885341023,127.1070829471,-50.279405,-49.303366,1,4,2,NONE,,
COMMON_1,,155,37.2885324357,127.1070816138,-50.397489,-49.488892,1,4,2,NONE,,
COMMON_1,,156,37.2885313386,127.1070809095,-50.459865,-49.611021,1,4,2,NONE,,
COMMON_1,,157,37.2885300752,127.1070800459,-50.536350,-49.751663,1,5,2,NONE,,
COMMON_1,,158,37.2885292773,127.1070794051,-50.593102,-49.840485,1,5,2,NONE,,
COMMON_1,,159,37.2885282799,127.1070784858,-50.674520,-49.951516,1,5,2,NONE,,
COMMON_1,,160,37.2885270167,127.1070773157,-50.778150,-50.092146,1,5,2,NONE,,
COMMON_1,,161,37.2885254873,127.1070757556,-50.916321,-50.262388,1,5,2,NONE,,
COMMON_1,,162,37.2885241023,127.1070746138,-51.017444,-50.416566,1,5,2,NONE,,
COMMON_1,,163,37.2885226023,127.1070731138,-51.150292,-50.583546,1,5,2,NONE,,
COMMON_1,,164,37.2885214357,127.1070717805,-51.268376,-50.713412,1,5,2,NONE,,
COMMON_1,,165,37.2885201680,127.1070700725,-51.419645,-50.854543,1,5,2,NONE,,
COMMON_1,,166,37.2885189357,127.1070681138,-51.593117,-50.991712,1,5,2,NONE,,
COMMON_1,,167,37.2885177690,127.1070662805,-51.755484,-51.121589,1,5,2,NONE,,
COMMON_1,,168,37.2885166023,127.1070644471,-51.917859,-51.251466,1,5,2,NONE,,
COMMON_1,,169,37.2885153583,127.1070624671,-52.093218,-51.389948,1,5,2,NONE,,
COMMON_1,,170,37.2885144357,127.1070607805,-52.242592,-51.492652,1,5,2,NONE,,
COMMON_1,,171,37.2885134523,127.1070584554,-52.448514,-51.602135,1,5,2,NONE,,
COMMON_1,,172,37.2885127690,127.1070564471,-52.626380,-51.678189,1,5,2,NONE,,
COMMON_1,,173,37.2885121023,127.1070542805,-52.818265,-51.752406,1,5,2,NONE,,
COMMON_1,,174,37.2885114357,127.1070522805,-52.995395,-51.826612,1,5,2,NONE,,
COMMON_1,,175,37.2885107690,127.1070499471,-53.202053,-51.900829,1,5,2,NONE,,
COMMON_1,,176,37.2885102690,127.1070477805,-53.393938,-51.956489,1,5,2,NONE,,
COMMON_1,,177,37.2885099060,127.1070453062,-53.613074,-51.996909,1,5,2,NONE,,
COMMON_1,,178,37.2885096023,127.1070429471,-53.822008,-52.030706,1,5,2,NONE,,
COMMON_1,,179,37.2885094357,127.1070407805,-54.013893,-52.049252,1,5,2,NONE,,
COMMON_1,,180,37.2885092690,127.1070386138,-54.205787,-52.067809,1,5,2,NONE,,
COMMON_1,,181,37.2885091023,127.1070361138,-54.427200,-52.086366,1,5,2,NONE,,
COMMON_1,,182,37.2885091023,127.1070339471,-54.619094,-52.086366,1,5,2,NONE,,
COMMON_1,,183,37.2885092690,127.1070316138,-54.825743,-52.067809,1,5,2,NONE,,
COMMON_1,,184,37.2885094357,127.1070294471,-55.017637,-52.049252,1,5,2,NONE,,
COMMON_1,,185,37.2885097690,127.1070271138,-55.224286,-52.012149,1,5,2,NONE,,
COMMON_1,,186,37.2885099357,127.1070249471,-55.416180,-51.993592,1,5,2,NONE,,
COMMON_1,,187,37.2885100833,127.1070226293,-55.621456,-51.977172,1,5,2,NONE,,
COMMON_1,,188,37.2885103271,127.1070206792,-55.794167,-51.950032,1,5,2,NONE,,
COMMON_1,,189,37.2885107690,127.1070184471,-55.991853,-51.900829,1,5,2,NONE,,
COMMON_1,,190,37.2885112690,127.1070161138,-56.198502,-51.845169,1,5,2,NONE,,
COMMON_1,,191,37.2885117690,127.1070141138,-56.375632,-51.789509,1,5,2,NONE,,
COMMON_1,,192,37.2885122690,127.1070117805,-56.582281,-51.733849,1,5,2,NONE,,
COMMON_1,,193,37.2885127690,127.1070094471,-56.788939,-51.678189,1,5,2,NONE,,
COMMON_1,,194,37.2885134357,127.1070072805,-56.980824,-51.603972,1,5,2,NONE,,
COMMON_1,,195,37.2885142690,127.1070051138,-57.172718,-51.511209,1,5,2,NONE,,
COMMON_1,,196,37.2885152690,127.1070027805,-57.379367,-51.399889,1,5,2,NONE,,
COMMON_1,,197,37.2885161023,127.1070007805,-57.556497,-51.307126,1,5,2,NONE,,
COMMON_1,,198,37.2885171023,127.1069986138,-57.748391,-51.195806,1,5,2,NONE,,
COMMON_1,,199,37.2885179958,127.1069964979,-57.935786,-51.096342,1,5,2,NONE,,
COMMON_1,,200,37.2885190154,127.1069944364,-58.118362,-50.982840,1,5,2,NONE,,
COMMON_1,,201,37.2885202690,127.1069924471,-58.294545,-50.843289,1,5,2,NONE,,
COMMON_1,,202,37.2885216023,127.1069906138,-58.456911,-50.694866,1,5,2,NONE,,
COMMON_1,,203,37.2885227690,127.1069887805,-58.619278,-50.564989,1,5,2,NONE,,
COMMON_1,,204,37.2885241023,127.1069871138,-58.766889,-50.416566,1,5,2,NONE,,
COMMON_1,,205,37.2885254357,127.1069854471,-58.914501,-50.268132,1,5,2,NONE,,
COMMON_1,,206,37.2885268172,127.1069840451,-59.038669,-50.114354,1,5,2,NONE,,
COMMON_1,,207,37.2885282690,127.1069826138,-59.165432,-49.952729,1,5,2,NONE,,
COMMON_1,,208,37.2885299357,127.1069812805,-59.283516,-49.767192,1,5,2,NONE,,
COMMON_1,,209,37.2885312690,127.1069801138,-59.386845,-49.618769,1,5,2,NONE,,
COMMON_1,,210,37.2885329357,127.1069787805,-59.504929,-49.433232,1,5,2,NONE,,
COMMON_1,,211,37.2885344357,127.1069776138,-59.608257,-49.266252,1,5,2,NONE,,
COMMON_1,,212,37.2885361023,127.1069766138,-59.696823,-49.080726,1,5,2,NONE,,
COMMON_1,,213,37.2885377690,127.1069756138,-59.785388,-48.895189,1,5,2,NONE,,
COMMON_1,,214,37.2885396023,127.1069747805,-59.859189,-48.691106,1,5,2,NONE,,
COMMON_1,,215,37.2885412690,127.1069737805,-59.947754,-48.505569,1,5,2,NONE,,
COMMON_1,,216,37.2885430634,127.1069729574,-60.020652,-48.305827,1,5,2,NONE,,
COMMON_1,,217,37.2885449357,127.1069722805,-60.080602,-48.097392,1,5,2,NONE,,
COMMON_1,,218,37.2885469357,127.1069717805,-60.124884,-47.874752,1,5,2,NONE,,
COMMON_1,,219,37.2885489357,127.1069714471,-60.154412,-47.652112,1,5,2,NONE,,
COMMON_1,,220,37.2885507690,127.1069711138,-60.183931,-47.448029,1,5,2,NONE,,
COMMON_1,,221,37.2885527690,127.1069706138,-60.228213,-47.225389,1,5,2,NONE,,
COMMON_1,,222,37.2885546023,127.1069702805,-60.257732,-47.021306,1,5,2,NONE,,
COMMON_1,,223,37.2885566023,127.1069701138,-60.272496,-46.798666,1,5,2,NONE,,
COMMON_1,,224,37.2885587690,127.1069701138,-60.272496,-46.557469,1,5,2,NONE,,
COMMON_1,,225,37.2885607464,127.1069701816,-60.266491,-46.337345,1,5,2,NONE,,
COMMON_1,,226,37.2885627690,127.1069701138,-60.272496,-46.112189,1,5,2,NONE,,
COMMON_1,,227,37.2885647690,127.1069701138,-60.272496,-45.889549,1,5,2,NONE,,
COMMON_1,,228,37.2885669357,127.1069702805,-60.257732,-45.648352,1,5,2,NONE,,
COMMON_1,,229,37.2885689357,127.1069706138,-60.228213,-45.425712,1,5,2,NONE,,
COMMON_1,,230,37.2885709357,127.1069709471,-60.198694,-45.203072,1,5,2,NONE,,
COMMON_1,,231,37.2885730374,127.1069711665,-60.179263,-44.969111,1,5,2,NONE,,
COMMON_1,,232,37.2885749357,127.1069712805,-60.169167,-44.757792,1,5,2,NONE,,
COMMON_1,,233,37.2885769329,127.1069711947,-60.176766,-44.535464,1,5,2,NONE,,
COMMON_1,,234,37.2885787690,127.1069712805,-60.169167,-44.331069,1,5,2,NONE,,
COMMON_1,,235,37.2885807690,127.1069712805,-60.169167,-44.108429,1,5,2,NONE,,
COMMON_1,,236,37.2885827690,127.1069714471,-60.154412,-43.885789,1,5,2,NONE,,
COMMON_1,,237,37.2885846023,127.1069716138,-60.139648,-43.681706,1,5,2,NONE,,
COMMON_1,,238,37.2885864357,127.1069716138,-60.139648,-43.477612,1,5,2,NONE,,
COMMON_1,,239,37.2885884851,127.1069715605,-60.144369,-43.249473,1,5,2,NONE,,
COMMON_1,,240,37.2885904357,127.1069716138,-60.139648,-43.032332,1,5,2,NONE,,
COMMON_1,,241,37.2885924357,127.1069719471,-60.110129,-42.809692,1,5,2,NONE,,
COMMON_1,,242,37.2885944357,127.1069722805,-60.080602,-42.587052,1,5,2,NONE,,
COMMON_1,,243,37.2885964357,127.1069724471,-60.065847,-42.364412,1,5,2,NONE,,
COMMON_1,,244,37.2885984357,127.1069726138,-60.051083,-42.141772,1,5,2,NONE,,
COMMON_1,,245,37.2886003955,127.1069727987,-60.034707,-41.923618,1,5,2,NONE,,
COMMON_1,,246,37.2886024357,127.1069729471,-60.021564,-41.696492,1,5,2,NONE,,
COMMON_1,,247,37.2886046023,127.1069734471,-59.977282,-41.455306,1,5,2,NONE,,
COMMON_1,,248,37.2886064849,127.1069736429,-59.959941,-41.245735,1,5,2,NONE,,
COMMON_1,,249,37.2886086023,127.1069737805,-59.947754,-41.010026,1,5,2,NONE,,
COMMON_1,,250,37.2886104357,127.1069737805,-59.947754,-40.805932,1,5,2,NONE,,
COMMON_1,,251,37.2886126023,127.1069736138,-59.962518,-40.564746,1,5,2,NONE,,
COMMON_1,,252,37.2886144357,127.1069736138,-59.962518,-40.360652,1,5,2,NONE,,
COMMON_1,,253,37.2886164357,127.1069737805,-59.947754,-40.138012,1,5,2,NONE,,
COMMON_1,,254,37.2886182690,127.1069739471,-59.932999,-39.933929,1,5,2,NONE,,
COMMON_1,,255,37.2886202690,127.1069739471,-59.932999,-39.711289,1,5,2,NONE,,
COMMON_1,,256,37.2886221023,127.1069737805,-59.947754,-39.507206,1,5,2,NONE,,
COMMON_1,,257,37.2886239028,127.1069735866,-59.964927,-39.306785,1,5,2,NONE,,
COMMON_1,,258,37.2886257690,127.1069734471,-59.977282,-39.099029,1,5,2,NONE,,
COMMON_1,,259,37.2886277690,127.1069732805,-59.992037,-38.876389,1,5,2,NONE,,
COMMON_1,,260,37.2886296023,127.1069729471,-60.021564,-38.672306,1,5,2,NONE,,
COMMON_1,,261,37.2886314357,127.1069724471,-60.065847,-38.468212,1,5,2,NONE,,
COMMON_1,,262,37.2886334357,127.1069717805,-60.124884,-38.245572,1,5,2,NONE,,
COMMON_1,,263,37.2886352690,127.1069712805,-60.169167,-38.041489,1,5,2,NONE,,
COMMON_1,,264,37.2886372690,127.1069706138,-60.228213,-37.818849,1,5,2,NONE,,
COMMON_1,,265,37.2886392690,127.1069697805,-60.302014,-37.596209,1,5,2,NONE,,
COMMON_1,,266,37.2886410594,127.1069687871,-60.389995,-37.396902,1,5,2,NONE,,
COMMON_1,,267,37.2886427690,127.1069677805,-60.479145,-37.206589,1,5,2,NONE,,
COMMON_1,,268,37.2886446023,127.1069666138,-60.582473,-37.002506,1,5,2,NONE,,
COMMON_1,,269,37.2886464357,127.1069657805,-60.656275,-36.798412,1,5,2,NONE,,
COMMON_1,,270,37.2886482690,127.1069647805,-60.744840,-36.594329,1,5,2,NONE,,
COMMON_1,,271,37.2886501023,127.1069637805,-60.833405,-36.390246,1,5,2,NONE,,
COMMON_1,,272,37.2886517690,127.1069627805,-60.921970,-36.204709,1,5,2,NONE,,
COMMON_1,,273,37.2886536023,127.1069614471,-61.040063,-36.000626,1,5,2,NONE,,
COMMON_1,,274,37.2886551637,127.1069601888,-61.151504,-35.826811,1,5,2,NONE,,
COMMON_1,,275,37.2886568304,127.1069590945,-61.248421,-35.641274,1,5,2,NONE,,
COMMON_1,,276,37.2886586023,127.1069577805,-61.364795,-35.444026,1,5,2,NONE,,
COMMON_1,,277,37.2886602690,127.1069564471,-61.482888,-35.258489,1,5,2,NONE,,
COMMON_1,,278,37.2886617690,127.1069549471,-61.615736,-35.091509,1,5,2,NONE,,
COMMON_1,,279,37.2886632690,127.1069531138,-61.778102,-34.924529,1,5,2,NONE,,
COMMON_1,,280,37.2886646023,127.1069516138,-61.910950,-34.776106,1,5,2,NONE,,
COMMON_1,,281,37.2886659357,127.1069499471,-62.058561,-34.627672,1,5,2,NONE,,
COMMON_1,,282,37.2886676023,127.1069482805,-62.206164,-34.442146,1,5,2,NONE,,
COMMON_1,,283,37.2886689357,127.1069466138,-62.353775,-34.293712,1,5,2,NONE,,
COMMON_1,,284,37.2886701023,127.1069447805,-62.516141,-34.163846,1,5,2,NONE,,
COMMON_1,,285,37.2886712690,127.1069427805,-62.693272,-34.033969,1,5,2,NONE,,
COMMON_1,,286,37.2886724357,127.1069409471,-62.855647,-33.904092,1,5,2,NONE,,
COMMON_1,,287,37.2886736023,127.1069389471,-63.032777,-33.774226,1,5,2,NONE,,
COMMON_1,,288,37.2886747690,127.1069369471,-63.209907,-33.644349,1,5,2,NONE,,
COMMON_1,,289,37.2886757690,127.1069351138,-63.372274,-33.533029,1,5,2,NONE,,
COMMON_1,,290,37.2886767805,127.1069328930,-63.568959,-33.420429,1,5,2,NONE,,
COMMON_1,,291,37.2886776373,127.1069309128,-63.744335,-33.325050,1,5,2,NONE,,
COMMON_1,,292,37.2886784357,127.1069289471,-63.918428,-33.236172,1,5,2,NONE,,
COMMON_1,,293,37.2886793510,127.1069269176,-64.098171,-33.134281,1,5,2,NONE,,
COMMON_1,,294,37.2886802355,127.1069248331,-64.282785,-33.035829,1,5,2,NONE,,
COMMON_1,,295,37.2886809357,127.1069226138,-64.479337,-32.957872,1,5,2,NONE,,
COMMON_1,,296,37.2886816023,127.1069202805,-64.685986,-32.883666,1,5,2,NONE,,
COMMON_1,,297,37.2886821703,127.1069178155,-64.904299,-32.820447,1,5,2,NONE,,
COMMON_1,,298,37.2886827690,127.1069156138,-65.099293,-32.753789,1,5,2,NONE,,
COMMON_1,,299,37.2886834357,127.1069132805,-65.305942,-32.679572,1,5,2,NONE,,
COMMON_1,,300,37.2886839357,127.1069107806,-65.527345,-32.623912,1,5,2,NONE,,
COMMON_1,,301,37.2886842690,127.1069084472,-65.734003,-32.586809,1,5,2,NONE,,
COMMON_1,,302,37.2886846023,127.1069059471,-65.955425,-32.549706,1,5,2,NONE,,
COMMON_1,,303,37.2886847690,127.1069036138,-66.162074,-32.531149,1,5,2,NONE,,
COMMON_1,,304,37.2886851023,127.1069012805,-66.368723,-32.494046,1,5,2,NONE,,
COMMON_1,,305,37.2886854357,127.1068987805,-66.590135,-32.456932,1,5,2,NONE,,
COMMON_1,,306,37.2886857690,127.1068962806,-66.811539,-32.419829,1,5,2,NONE,,
COMMON_1,,307,37.2886859357,127.1068939472,-67.018197,-32.401272,1,5,2,NONE,,
COMMON_1,,308,37.2886859357,127.1068911139,-67.269128,-32.401272,1,5,2,NONE,,
COMMON_1,,309,37.2886861023,127.1068886139,-67.490541,-32.382726,1,5,2,NONE,,
COMMON_1,,310,37.2886862690,127.1068859471,-67.726727,-32.364169,1,5,2,NONE,,
COMMON_1,,311,37.2886864544,127.1068832832,-67.962655,-32.343541,1,5,2,NONE,,
COMMON_1,,312,37.2886866478,127.1068808513,-68.178036,-32.322001,1,5,2,NONE,,
COMMON_1,,313,37.2886866755,127.1068781068,-68.421103,-32.318928,1,5,2,NONE,,
COMMON_1,,314,37.2886864357,127.1068754472,-68.656651,-32.345612,1,5,2,NONE,,
COMMON_1,,315,37.2886864357,127.1068729472,-68.878064,-32.345612,1,5,2,NONE,,
COMMON_1,,316,37.2886864357,127.1068702806,-69.114231,-32.345612,1,5,2,NONE,,
COMMON_1,,317,37.2886864820,127.1068675109,-69.359530,-32.340458,1,5,2,NONE,,
COMMON_1,,318,37.2886864357,127.1068651139,-69.571821,-32.345612,1,5,2,NONE,,
COMMON_1,,319,37.2886862690,127.1068624472,-69.807997,-32.364169,1,5,2,NONE,,
COMMON_1,,320,37.2886860121,127.1068596595,-70.054890,-32.392767,1,5,2,NONE,,
COMMON_1,,321,37.2886859357,127.1068571139,-70.280341,-32.401272,1,5,2,NONE,,
COMMON_1,,322,37.2886859357,127.1068544472,-70.516518,-32.401272,1,5,2,NONE,,
COMMON_1,,323,37.2886859357,127.1068517806,-70.752685,-32.401272,1,5,2,NONE,,
COMMON_1,,324,37.2886859357,127.1068489472,-71.003626,-32.401272,1,5,2,NONE,,
COMMON_1,,325,37.2886857690,127.1068461139,-71.254557,-32.419829,1,5,2,NONE,,
COMMON_1,,326,37.2886857690,127.1068434472,-71.490734,-32.419829,1,5,2,NONE,,
COMMON_1,,327,37.2886859357,127.1068407806,-71.726901,-32.401272,1,5,2,NONE,,
COMMON_1,,328,37.2886860950,127.1068379118,-71.980977,-32.383539,1,5,2,NONE,,
COMMON_1,,329,37.2886862690,127.1068352806,-72.214009,-32.364169,1,5,2,NONE,,
COMMON_1,,330,37.2886864357,127.1068326139,-72.450186,-32.345612,1,5,2,NONE,,
COMMON_1,,331,37.2886864357,127.1068299472,-72.686362,-32.345612,1,5,2,NONE,,
COMMON_1,,332,37.2886866023,127.1068274472,-72.907775,-32.327066,1,5,2,NONE,,
COMMON_1,,333,37.2886867690,127.1068247806,-73.143943,-32.308509,1,5,2,NONE,,
COMMON_1,,334,37.2886871023,127.1068221139,-73.380119,-32.271406,1,5,2,NONE,,
COMMON_1,,335,37.2886872690,127.1068196139,-73.601532,-32.252849,1,5,2,NONE,,
COMMON_1,,336,37.2886874357,127.1068169472,-73.837708,-32.234292,1,5,2,NONE,,
COMMON_1,,337,37.2886877690,127.1068144472,-74.059121,-32.197189,1,5,2,NONE,,
COMMON_1,,338,37.2886881023,127.1068121139,-74.265770,-32.160086,1,5,2,NONE,,
COMMON_1,,339,37.2886886023,127.1068097806,-74.472419,-32.104426,1,5,2,NONE,,
COMMON_1,,340,37.2886891023,127.1068074472,-74.679077,-32.048766,1,5,2,NONE,,
COMMON_1,,341,37.2886894357,127.1068051139,-74.885726,-32.011652,1,5,2,NONE,,
COMMON_1,,342,37.2886897690,127.1068027806,-75.092375,-31.974549,1,5,2,NONE,,
COMMON_1,,343,37.2886902690,127.1068004472,-75.299032,-31.918889,1,5,2,NONE,,
COMMON_1,,344,37.2886909357,127.1067982806,-75.490917,-31.844672,1,5,2,NONE,,
COMMON_1,,345,37.2886917690,127.1067959472,-75.697575,-31.751909,1,5,2,NONE,,
COMMON_1,,346,37.2886926023,127.1067937806,-75.889460,-31.659146,1,5,2,NONE,,
COMMON_1,,347,37.2886932690,127.1067917806,-76.066591,-31.584929,1,5,2,NONE,,
COMMON_1,,348,37.2886941658,127.1067896569,-76.254676,-31.485108,1,5,2,NONE,,
COMMON_1,,349,37.2886951607,127.1067875029,-76.445445,-31.374345,1,5,2,NONE,,
COMMON_1,,350,37.2886962690,127.1067856139,-76.612745,-31.250969,1,5,2,NONE,,
COMMON_1,,351,37.2886976023,127.1067836139,-76.789875,-31.102546,1,5,2,NONE,,
COMMON_1,,352,37.2886987690,127.1067817806,-76.952241,-30.972669,1,5,2,NONE,,
COMMON_1,,353,37.2886999357,127.1067796139,-77.144135,-30.842792,1,5,2,NONE,,
COMMON_1,,354,37.2887011023,127.1067776139,-77.321266,-30.712926,1,5,2,NONE,,
COMMON_1,,355,37.2887024357,127.1067757806,-77.483632,-30.564492,1,5,2,NONE,,
COMMON_1,,356,37.2887037690,127.1067739472,-77.646007,-30.416069,1,5,2,NONE,,
COMMON_1,,357,37.2887051023,127.1067721139,-77.808373,-30.267646,1,5,2,NONE,,
COMMON_1,,358,37.2887064357,127.1067701139,-77.985504,-30.119212,1,5,2,NONE,,
COMMON_1,,359,37.2887077644,127.1067678744,-78.183845,-29.971312,1,5,2,NONE,,
COMMON_1,,360,37.2887089357,127.1067661139,-78.339764,-29.840912,1,5,2,NONE,,
COMMON_1,,361,37.2887105282,127.1067642266,-78.506913,-29.663635,1,5,2,NONE,,
COMMON_1,,362,37.2887122690,127.1067626139,-78.649742,-29.469849,1,5,2,NONE,,
COMMON_1,,363,37.2887137690,127.1067611139,-78.782589,-29.302869,1,5,2,NONE,,
COMMON_1,,364,37.2887152690,127.1067592806,-78.944956,-29.135889,1,5,2,NONE,,
COMMON_1,,365,37.2887169764,127.1067576730,-79.087333,-28.945832,1,5,2,NONE,,
COMMON_1,,366,37.2887186023,127.1067564472,-79.195896,-28.764826,1,5,2,NONE,,
COMMON_1,,367,37.2887206023,127.1067552806,-79.299216,-28.542186,1,5,2,NONE,,
COMMON_1,,368,37.2887226023,127.1067542806,-79.387781,-28.319546,1,5,2,NONE,,
COMMON_1,,369,37.2887246023,127.1067531139,-79.491110,-28.096906,1,5,2,NONE,,
COMMON_1,,370,37.2887265734,127.1067518957,-79.599000,-27.877494,1,5,2,NONE,,
COMMON_1,,371,37.2887286023,127.1067509472,-79.683004,-27.651626,1,5,2,NONE,,
COMMON_1,,372,37.2887306023,127.1067501139,-79.756805,-27.428986,1,5,2,NONE,,
COMMON_1,,373,37.2887327690,127.1067492806,-79.830607,-27.187789,1,5,2,NONE,,
COMMON_1,,374,37.2887347690,127.1067486139,-79.889653,-26.965149,1,5,2,NONE,,
COMMON_1,,375,37.2887367690,127.1067477806,-79.963454,-26.742509,1,5,2,NONE,,
COMMON_1,,376,37.2887389357,127.1067469472,-80.037264,-26.501312,1,5,2,NONE,,
COMMON_1,,377,37.2887409357,127.1067464472,-80.081547,-26.278672,1,5,2,NONE,,
COMMON_1,,378,37.2887431023,127.1067459472,-80.125829,-26.037486,1,5,2,NONE,,
COMMON_1,,379,37.2887451084,127.1067454974,-80.165666,-25.814167,1,5,2,NONE,,
COMMON_1,,380,37.2887471023,127.1067449472,-80.214395,-25.592206,1,5,2,NONE,,
COMMON_1,,381,37.2887492690,127.1067442806,-80.273432,-25.351009,1,5,2,NONE,,
COMMON_1,,382,37.2887512169,127.1067438790,-80.309000,-25.134169,1,5,2,NONE,,
COMMON_1,,383,37.2887532690,127.1067436139,-80.332478,-24.905729,1,5,2,NONE,,
COMMON_1,,384,37.2887554357,127.1067436139,-80.332478,-24.664532,1,5,2,NONE,,
COMMON_1,,385,37.2887574357,127.1067437806,-80.317715,-24.441892,1,5,2,NONE,,
COMMON_1,,386,37.2887594357,127.1067437806,-80.317715,-24.219252,1,5,2,NONE,,
COMMON_1,,387,37.2887615176,127.1067439166,-80.305670,-23.987495,1,5,2,NONE,,
COMMON_1,,388,37.2887636023,127.1067441139,-80.288196,-23.755426,1,5,2,NONE,,
COMMON_1,,389,37.2887657690,127.1067446139,-80.243913,-23.514229,1,5,2,NONE,,
COMMON_1,,390,37.2887679357,127.1067451139,-80.199631,-23.273032,1,5,2,NONE,,
COMMON_1,,391,37.2887699357,127.1067454472,-80.170112,-23.050392,1,5,2,NONE,,
COMMON_1,,392,37.2887721023,127.1067457806,-80.140584,-22.809206,1,5,2,NONE,,
COMMON_1,,393,37.2887741023,127.1067461139,-80.111066,-22.586566,1,5,2,NONE,,
COMMON_1,,394,37.2887762690,127.1067467806,-80.052019,-22.345369,1,5,2,NONE,,
COMMON_1,,395,37.2887784357,127.1067474472,-79.992982,-22.104172,1,5,2,NONE,,
COMMON_1,,396,37.2887806023,127.1067481139,-79.933936,-21.862986,1,5,2,NONE,,
COMMON_1,,397,37.2887826023,127.1067486139,-79.889653,-21.640346,1,5,2,NONE,,
COMMON_1,,398,37.2887847690,127.1067491139,-79.845370,-21.399149,1,5,2,NONE,,
COMMON_1,,399,37.2887869357,127.1067499472,-79.771569,-21.157952,1,5,2,NONE,,
COMMON_1,,400,37.2887889357,127.1067507806,-79.697759,-20.935312,1,5,2,NONE,,
COMMON_1,,401,37.2887911023,127.1067517806,-79.609194,-20.694126,1,5,2,NONE,,
COMMON_1,,402,37.2887932690,127.1067526139,-79.535393,-20.452929,1,5,2,NONE,,
COMMON_1,,403,37.2887952690,127.1067532806,-79.476346,-20.230289,1,5,2,NONE,,
COMMON_1,,404,37.2887974357,127.1067541139,-79.402545,-19.989092,1,5,2,NONE,,
COMMON_1,,405,37.2887992690,127.1067551139,-79.313980,-19.785009,1,5,2,NONE,,
COMMON_1,,406,37.2888009357,127.1067561139,-79.225415,-19.599472,1,5,2,NONE,,
COMMON_1,,407,37.2888022938,127.1067570455,-79.142908,-19.448299,1,5,2,NONE,,
COMMON_1,,408,37.2888037364,127.1067582436,-79.036798,-19.287698,1,5,2,NONE,,
COMMON_1,,409,37.2888062354,127.1067608340,-78.807379,-19.009520,1,5,2,NONE,,
COMMON_1,,410,37.2888086054,127.1067645578,-78.477580,-18.745681,1,6,2,NONE,,
COMMON_1,,411,37.2888097690,127.1067672806,-78.236435,-18.616149,1,6,2,NONE,,
COMMON_1,,412,37.2888105891,127.1067691235,-78.073219,-18.524866,1,6,2,NONE,,
COMMON_1,,413,37.2888113362,127.1067710016,-77.906884,-18.441699,1,6,2,NONE,,
COMMON_1,,414,37.2888119545,127.1067729120,-77.737690,-18.372870,1,6,2,NONE,,
COMMON_1,,415,37.2888126023,127.1067751139,-77.542678,-18.300746,1,6,2,NONE,,
COMMON_1,,416,37.2888131023,127.1067774472,-77.336029,-18.245086,1,6,2,NONE,,
COMMON_1,,417,37.2888136023,127.1067797806,-77.129372,-18.189426,1,6,2,NONE,,
COMMON_1,,418,37.2888141023,127.1067821139,-76.922723,-18.133766,1,6,2,NONE,,
COMMON_1,,419,37.2888146851,127.1067846662,-76.696678,-18.068889,1,6,2,NONE,,
COMMON_1,,420,37.2888151023,127.1067871139,-76.479897,-18.022446,1,6,2,NONE,,
COMMON_1,,421,37.2888154357,127.1067896139,-76.258485,-17.985332,1,6,2,NONE,,
COMMON_1,,422,37.2888159357,127.1067921139,-76.037072,-17.929672,1,6,2,NONE,,
COMMON_1,,423,37.2888162690,127.1067946139,-75.815659,-17.892569,1,6,2,NONE,,
COMMON_1,,424,37.2888164885,127.1067973270,-75.575373,-17.868145,1,6,2,NONE,,
COMMON_1,,425,37.2888166946,127.1067997556,-75.360284,-17.845202,1,6,2,NONE,,
COMMON_1,,426,37.2888169265,127.1068022489,-75.139465,-17.819387,1,6,2,NONE,,
COMMON_1,,427,37.2888169357,127.1068049472,-74.900489,-17.818352,1,6,2,NONE,,
COMMON_1,,428,37.2888169357,127.1068074472,-74.679077,-17.818352,1,6,2,NONE,,
COMMON_1,,429,37.2888169357,127.1068099472,-74.457664,-17.818352,1,6,2,NONE,,
COMMON_1,,430,37.2888169780,127.1068125783,-74.224640,-17.813654,1,6,2,NONE,,
COMMON_1,,431,37.2888167977,127.1068151040,-74.000952,-17.833725,1,6,2,NONE,,
COMMON_1,,432,37.2888166023,127.1068176139,-73.778662,-17.855466,1,6,2,NONE,,
COMMON_1,,433,37.2888162690,127.1068201139,-73.557249,-17.892569,1,6,2,NONE,,
COMMON_1,,434,37.2888159357,127.1068227806,-73.321073,-17.929672,1,6,2,NONE,,
COMMON_1,,435,37.2888157690,127.1068252806,-73.099660,-17.948229,1,6,2,NONE,,
COMMON_1,,436,37.2888156023,127.1068277806,-72.878247,-17.966786,1,6,2,NONE,,
COMMON_1,,437,37.2888152690,127.1068301139,-72.671599,-18.003889,1,6,2,NONE,,
COMMON_1,,438,37.2888149357,127.1068327806,-72.435422,-18.040992,1,6,2,NONE,,
COMMON_1,,439,37.2888146023,127.1068352806,-72.214009,-18.078106,1,6,2,NONE,,
COMMON_1,,440,37.2888142690,127.1068379472,-71.977842,-18.115209,1,6,2,NONE,,
COMMON_1,,441,37.2888141023,127.1068406139,-71.741665,-18.133766,1,6,2,NONE,,
COMMON_1,,442,37.2888137835,127.1068432104,-71.511706,-18.169255,1,6,2,NONE,,
COMMON_1,,443,37.2888134357,127.1068457806,-71.284076,-18.207972,1,6,2,NONE,,
COMMON_1,,444,37.2888129357,127.1068484472,-71.047908,-18.263632,1,6,2,NONE,,
COMMON_1,,445,37.2888123667,127.1068512408,-70.800493,-18.326984,1,6,2,NONE,,
COMMON_1,,446,37.2888119357,127.1068537806,-70.575555,-18.374952,1,6,2,NONE,,
COMMON_1,,447,37.2888114908,127.1068568427,-70.304360,-18.424489,1,6,2,NONE,,
COMMON_1,,448,37.2888111023,127.1068592806,-70.088447,-18.467726,1,6,2,NONE,,
COMMON_1,,449,37.2888104357,127.1068621139,-69.837516,-18.541932,1,6,2,NONE,,
COMMON_1,,450,37.2888096023,127.1068646139,-69.616103,-18.634706,1,6,2,NONE,,
COMMON_1,,451,37.2888089357,127.1068671139,-69.394690,-18.708912,1,6,2,NONE,,
COMMON_1,,452,37.2888084357,127.1068697806,-69.158514,-18.764572,1,6,2,NONE,,
COMMON_1,,453,37.2888079357,127.1068722806,-68.937101,-18.820232,1,6,2,NONE,,
COMMON_1,,454,37.2888072690,127.1068747805,-68.715697,-18.894449,1,6,2,NONE,,
COMMON_1,,455,37.2888064357,127.1068772806,-68.494276,-18.987212,1,6,2,NONE,,
COMMON_1,,456,37.2888055912,127.1068800272,-68.251023,-19.081222,1,6,2,NONE,,
COMMON_1,,457,37.2888048957,127.1068824234,-68.038803,-19.158645,1,6,2,NONE,,
COMMON_1,,458,37.2888042690,127.1068849471,-67.815292,-19.228409,1,6,2,NONE,,
COMMON_1,,459,37.2888036023,127.1068874472,-67.593870,-19.302626,1,6,2,NONE,,
COMMON_1,,460,37.2888029357,127.1068899472,-67.372457,-19.376832,1,6,2,NONE,,
COMMON_1,,461,37.2888021023,127.1068926138,-67.136290,-19.469606,1,6,2,NONE,,
COMMON_1,,462,37.2888014437,127.1068952785,-66.900290,-19.542932,1,6,2,NONE,,
COMMON_1,,463,37.2888007690,127.1068979471,-66.663945,-19.618029,1,6,2,NONE,,
COMMON_1,,464,37.2888002690,127.1069007806,-66.412996,-19.673689,1,6,2,NONE,,
COMMON_1,,465,37.2887996023,127.1069032805,-66.191592,-19.747906,1,6,2,NONE,,
COMMON_1,,466,37.2887987690,127.1069059471,-65.955425,-19.840669,1,6,2,NONE,,
COMMON_1,,467,37.2887979357,127.1069084472,-65.734003,-19.933432,1,6,2,NONE,,
COMMON_1,,468,37.2887972690,127.1069111138,-65.497836,-20.007649,1,6,2,NONE,,
COMMON_1,,469,37.2887967690,127.1069137805,-65.261659,-20.063309,1,6,2,NONE,,
COMMON_1,,470,37.2887961023,127.1069164471,-65.025491,-20.137526,1,6,2,NONE,,
COMMON_1,,471,37.2887952690,127.1069191138,-64.789315,-20.230289,1,6,2,NONE,,
COMMON_1,,472,37.2887946023,127.1069217805,-64.553138,-20.304506,1,6,2,NONE,,
COMMON_1,,473,37.2887937690,127.1069244471,-64.316971,-20.397269,1,6,2,NONE,,
COMMON_1,,474,37.2887931742,127.1069270439,-64.086985,-20.463493,1,6,2,NONE,,
COMMON_1,,475,37.2887927362,127.1069297639,-63.846088,-20.512251,1,6,2,NONE,,
COMMON_1,,476,37.2887921023,127.1069324471,-63.608450,-20.582806,1,6,2,NONE,,
COMMON_1,,477,37.2887912690,127.1069351138,-63.372274,-20.675569,1,6,2,NONE,,
COMMON_1,,478,37.2887904357,127.1069376138,-63.150861,-20.768332,1,6,2,NONE,,
COMMON_1,,479,37.2887897220,127.1069400933,-62.931264,-20.847781,1,6,2,NONE,,
COMMON_1,,480,37.2887890265,127.1069428781,-62.684628,-20.925215,1,6,2,NONE,,
COMMON_1,,481,37.2887882690,127.1069456138,-62.442340,-21.009529,1,6,2,NONE,,
COMMON_1,,482,37.2887874357,127.1069481138,-62.220927,-21.102292,1,6,2,NONE,,
COMMON_1,,483,37.2887866023,127.1069507805,-61.984751,-21.195066,1,6,2,NONE,,
COMMON_1,,484,37.2887857690,127.1069534471,-61.748583,-21.287829,1,6,2,NONE,,
COMMON_1,,485,37.2887851023,127.1069562805,-61.497643,-21.362046,1,6,2,NONE,,
COMMON_1,,486,37.2887844357,127.1069589471,-61.261475,-21.436252,1,6,2,NONE,,
COMMON_1,,487,37.2887836023,127.1069616138,-61.025299,-21.529026,1,6,2,NONE,,
COMMON_1,,488,37.2887827690,127.1069644471,-60.774367,-21.621789,1,6,2,NONE,,
COMMON_1,,489,37.2887817690,127.1069671138,-60.538191,-21.733109,1,6,2,NONE,,
COMMON_1,,490,37.2887811023,127.1069697805,-60.302014,-21.807326,1,6,2,NONE,,
COMMON_1,,491,37.2887804357,127.1069726138,-60.051083,-21.881532,1,6,2,NONE,,
COMMON_1,,492,37.2887797690,127.1069751138,-59.829670,-21.955749,1,6,2,NONE,,
COMMON_1,,493,37.2887787690,127.1069779471,-59.578739,-22.067069,1,6,2,NONE,,
COMMON_1,,494,37.2887779357,127.1069804471,-59.357326,-22.159832,1,6,2,NONE,,
COMMON_1,,495,37.2887772690,127.1069831138,-59.121150,-22.234049,1,6,2,NONE,,
COMMON_1,,496,37.2887764357,127.1069857805,-58.884973,-22.326812,1,6,2,NONE,,
COMMON_1,,497,37.2887756023,127.1069884471,-58.648805,-22.419586,1,6,2,NONE,,
COMMON_1,,498,37.2887746023,127.1069911138,-58.412629,-22.530906,1,6,2,NONE,,
COMMON_1,,499,37.2887736023,127.1069937805,-58.176452,-22.642226,1,6,2,NONE,,
COMMON_1,,500,37.2887726023,127.1069962805,-57.955040,-22.753546,1,6,2,NONE,,
COMMON_1,,501,37.2887717690,127.1069989471,-57.718872,-22.846309,1,6,2,NONE,,
COMMON_1,,502,37.2887711023,127.1070016138,-57.482695,-22.920526,1,6,2,NONE,,
COMMON_1,,503,37.2887702690,127.1070039471,-57.276047,-23.013289,1,6,2,NONE,,
COMMON_1,,504,37.2887692690,127.1070066138,-57.039870,-23.124609,1,6,2,NONE,,
COMMON_1,,505,37.2887684357,127.1070092805,-56.803694,-23.217372,1,6,2,NONE,,
COMMON_1,,506,37.2887674357,127.1070117805,-56.582281,-23.328692,1,6,2,NONE,,
COMMON_1,,507,37.2887666023,127.1070144471,-56.346113,-23.421466,1,6,2,NONE,,
COMMON_1,,508,37.2887657690,127.1070171138,-56.109937,-23.514229,1,6,2,NONE,,
COMMON_1,,509,37.2887647690,127.1070196138,-55.888524,-23.625549,1,6,2,NONE,,
COMMON_1,,510,37.2887637690,127.1070221138,-55.667111,-23.736869,1,6,2,NONE,,
COMMON_1,,511,37.2887627690,127.1070247805,-55.430935,-23.848189,1,6,2,NONE,,
COMMON_1,,512,37.2887619357,127.1070272805,-55.209522,-23.940952,1,6,2,NONE,,
COMMON_1,,513,37.2887610950,127.1070297482,-54.990970,-24.034539,1,6,2,NONE,,
COMMON_1,,514,37.2887602690,127.1070324471,-54.751942,-24.126489,1,6,2,NONE,,
COMMON_1,,515,37.2887592690,127.1070349471,-54.530529,-24.237809,1,6,2,NONE,,
COMMON_1,,516,37.2887582690,127.1070374471,-54.309116,-24.349129,1,6,2,NONE,,
COMMON_1,,517,37.2887574357,127.1070397805,-54.102458,-24.441892,1,6,2,NONE,,
COMMON_1,,518,37.2887566023,127.1070422805,-53.881046,-24.534666,1,6,2,NONE,,
COMMON_1,,519,37.2887557690,127.1070447805,-53.659633,-24.627429,1,6,2,NONE,,
COMMON_1,,520,37.2887547690,127.1070471138,-53.452984,-24.738749,1,6,2,NONE,,
COMMON_1,,521,37.2887537690,127.1070494471,-53.246335,-24.850069,1,6,2,NONE,,
COMMON_1,,522,37.2887527690,127.1070519471,-53.024922,-24.961389,1,6,2,NONE,,
COMMON_1,,523,37.2887519357,127.1070542805,-52.818265,-25.054152,1,6,2,NONE,,
COMMON_1,,524,37.2887512690,127.1070567805,-52.596852,-25.128369,1,6,2,NONE,,
COMMON_1,,525,37.2887505041,127.1070589987,-52.400397,-25.213518,1,6,2,NONE,,
COMMON_1,,526,37.2887496023,127.1070612805,-52.198309,-25.313906,1,6,2,NONE,,
COMMON_1,,527,37.2887489357,127.1070634471,-52.006424,-25.388112,1,6,2,NONE,,
COMMON_1,,528,37.2887482690,127.1070654471,-51.829294,-25.462329,1,6,2,NONE,,
COMMON_1,,529,37.2887476990,127.1070673457,-51.661144,-25.525792,1,6,2,NONE,,
COMMON_1,,530,37.2887471551,127.1070690367,-51.511381,-25.586339,1,6,2,NONE,,
COMMON_1,,531,37.2887465539,127.1070707277,-51.361617,-25.653254,1,6,2,NONE,,
COMMON_1,,532,37.2887458956,127.1070722388,-51.227786,-25.726536,1,6,2,NONE,,
COMMON_1,,533,37.2887452086,127.1070737499,-51.093956,-25.803013,1,6,2,NONE,,
COMMON_1,,534,37.2887445217,127.1070752250,-50.963313,-25.879489,1,6,2,NONE,,
COMMON_1,,535,37.2887434357,127.1070776138,-50.751749,-26.000372,1,6,2,NONE,,
COMMON_1,,536,37.2887426038,127.1070793985,-50.593687,-26.092979,1,6,2,NONE,,
COMMON_1,,537,37.2887416592,127.1070812694,-50.427991,-26.198132,1,6,2,NONE,,
COMMON_1,,538,37.2887406023,127.1070829471,-50.279405,-26.315786,1,6,2,NONE,,
COMMON_1,,539,37.2887396023,127.1070846138,-50.131793,-26.427106,1,6,2,NONE,,
COMMON_1,,540,37.2887386824,127.1070864143,-49.972332,-26.529520,1,6,2,NONE,,
COMMON_1,,541,37.2887377690,127.1070879471,-49.836579,-26.631189,1,6,2,NONE,,
COMMON_1,,542,37.2887369357,127.1070894471,-49.703732,-26.723952,1,6,2,NONE,,
COMMON_1,,543,37.2887361635,127.1070908397,-49.580396,-26.809924,1,6,2,NONE,,
COMMON_1,,544,37.2887354840,127.1070922770,-49.453101,-26.885566,1,6,2,NONE,,
COMMON_1,,545,37.2887345555,127.1070944762,-49.258329,-26.988916,1,6,2,NONE,,
COMMON_1,,546,37.2887339842,127.1070960471,-49.119202,-27.052513,1,6,2,NONE,,
COMMON_1,,547,37.2887333058,127.1070979321,-48.952257,-27.128043,1,6,2,NONE,,
COMMON_1,,548,37.2887328773,127.1070993234,-48.829036,-27.175744,1,6,2,NONE,,
COMMON_1,,549,37.2887322703,127.1071014329,-48.642208,-27.243315,1,6,2,NONE,,
COMMON_1,,550,37.2887318774,127.1071030486,-48.499114,-27.287042,1,6,2,NONE,,
COMMON_1,,551,37.2887313061,127.1071048887,-48.336145,-27.350639,1,6,2,NONE,,
COMMON_1,,552,37.2887308419,127.1071063698,-48.204971,-27.402314,1,6,2,NONE,,
COMMON_1,,553,37.2887303778,127.1071078509,-48.073798,-27.453988,1,6,2,NONE,,
COMMON_1,,554,37.2887298422,127.1071093320,-47.942624,-27.513611,1,6,2,NONE,,
COMMON_1,,555,37.2887292708,127.1071110375,-47.791576,-27.577209,1,6,2,NONE,,
COMMON_1,,556,37.2887286023,127.1071129471,-47.622452,-27.651626,1,6,2,NONE,,
COMMON_1,,557,37.2887281023,127.1071146138,-47.474841,-27.707286,1,6,2,NONE,,
COMMON_1,,558,37.2887274357,127.1071164471,-47.312475,-27.781492,1,6,2,NONE,,
COMMON_1,,559,37.2887266023,127.1071184471,-47.135344,-27.874266,1,6,2,NONE,,
COMMON_1,,560,37.2887257690,127.1071206138,-46.943450,-27.967029,1,6,2,NONE,,
COMMON_1,,561,37.2887249900,127.1071226719,-46.761175,-28.053758,1,6,2,NONE,,
COMMON_1,,562,37.2887242758,127.1071251154,-46.544766,-28.133263,1,6,2,NONE,,
COMMON_1,,563,37.2887236409,127.1071276088,-46.323938,-28.203929,1,6,2,NONE,,
COMMON_1,,564,37.2887229268,127.1071298529,-46.125189,-28.283423,1,6,2,NONE,,
COMMON_1,,565,37.2887221023,127.1071322805,-45.910188,-28.375206,1,6,2,NONE,,
COMMON_1,,566,37.2887214357,127.1071344471,-45.718303,-28.449412,1,6,2,NONE,,
COMMON_1,,567,37.2887207690,127.1071367805,-45.511645,-28.523629,1,6,2,NONE,,
COMMON_1,,568,37.2887202289,127.1071393778,-45.281615,-28.583753,1,6,2,NONE,,
COMMON_1,,569,37.2887196023,127.1071414471,-45.098347,-28.653506,1,6,2,NONE,,
COMMON_1,,570,37.2887189357,127.1071437805,-44.891690,-28.727712,1,6,2,NONE,,
COMMON_1,,571,37.2887183643,127.1071460103,-44.694207,-28.791331,1,6,2,NONE,,
COMMON_1,,572,37.2887176023,127.1071484471,-44.478392,-28.876146,1,6,2,NONE,,
COMMON_1,,573,37.2887171023,127.1071507805,-44.271734,-28.931806,1,6,2,NONE,,
COMMON_1,,574,37.2887166023,127.1071531138,-44.065085,-28.987466,1,6,2,NONE,,
COMMON_1,,575,37.2887159357,127.1071552805,-43.873191,-29.061672,1,6,2,NONE,,
COMMON_1,,576,37.2887151023,127.1071576138,-43.666542,-29.154446,1,6,2,NONE,,
COMMON_1,,577,37.2887142690,127.1071599471,-43.459893,-29.247209,1,6,2,NONE,,
COMMON_1,,578,37.2887136023,127.1071621138,-43.267999,-29.321426,1,6,2,NONE,,
COMMON_1,,579,37.2887131023,127.1071644471,-43.061350,-29.377086,1,6,2,NONE,,
COMMON_1,,580,37.2887124129,127.1071668055,-42.852479,-29.453830,1,6,2,NONE,,
COMMON_1,,581,37.2887117690,127.1071692805,-42.633280,-29.525509,1,6,2,NONE,,
COMMON_1,,582,37.2887111023,127.1071716138,-42.426631,-29.599726,1,6,2,NONE,,
COMMON_1,,583,37.2887103895,127.1071739865,-42.216493,-29.679075,1,6,2,NONE,,
COMMON_1,,584,37.2887097690,127.1071761138,-42.028088,-29.748149,1,6,2,NONE,,
COMMON_1,,585,37.2887091597,127.1071784747,-41.818995,-29.815987,1,6,2,NONE,,
COMMON_1,,586,37.2887083265,127.1071808185,-41.611416,-29.908739,1,6,2,NONE,,
COMMON_1,,587,37.2887075329,127.1071829130,-41.425916,-29.997072,1,6,2,NONE,,
COMMON_1,,588,37.2887067690,127.1071852805,-41.216239,-30.082109,1,6,2,NONE,,
COMMON_1,,589,37.2887059357,127.1071876138,-41.009590,-30.174872,1,6,2,NONE,,
COMMON_1,,590,37.2887051023,127.1071899471,-40.802941,-30.267646,1,6,2,NONE,,
COMMON_1,,591,37.2887043590,127.1071921387,-40.608842,-30.350401,1,6,2,NONE,,
COMMON_1,,592,37.2887034357,127.1071944471,-40.404398,-30.453172,1,6,2,NONE,,
COMMON_1,,593,37.2887024357,127.1071967805,-40.197740,-30.564492,1,6,2,NONE,,
COMMON_1,,594,37.2887014357,127.1071991138,-39.991091,-30.675812,1,6,2,NONE,,
COMMON_1,,595,37.2887006023,127.1072012805,-39.799197,-30.768586,1,6,2,NONE,,
COMMON_1,,596,37.2886996023,127.1072039471,-39.563030,-30.879906,1,6,2,NONE,,
COMMON_1,,597,37.2886987690,127.1072062805,-39.356372,-30.972669,1,6,2,NONE,,
COMMON_1,,598,37.2886977690,127.1072086138,-39.149723,-31.083989,1,6,2,NONE,,
COMMON_1,,599,37.2886967690,127.1072109471,-38.943074,-31.195309,1,6,2,NONE,,
COMMON_1,,600,37.2886957690,127.1072132805,-38.736416,-31.306629,1,6,2,NONE,,
COMMON_1,,601,37.2886949357,127.1072157805,-38.515004,-31.399392,1,6,2,NONE,,
COMMON_1,,602,37.2886941023,127.1072182805,-38.293591,-31.492166,1,6,2,NONE,,
COMMON_1,,603,37.2886931023,127.1072206138,-38.086942,-31.603486,1,6,2,NONE,,
COMMON_1,,604,37.2886921023,127.1072227805,-37.895048,-31.714806,1,6,2,NONE,,
COMMON_1,,605,37.2886911023,127.1072249471,-37.703163,-31.826126,1,6,2,NONE,,
COMMON_1,,606,37.2886902690,127.1072271138,-37.511269,-31.918889,1,6,2,NONE,,
COMMON_1,,607,37.2886894357,127.1072296138,-37.289856,-32.011652,1,6,2,NONE,,
COMMON_1,,608,37.2886886023,127.1072317805,-37.097962,-32.104426,1,6,2,NONE,,
COMMON_1,,609,37.2886876023,127.1072339471,-36.906077,-32.215746,1,6,2,NONE,,
COMMON_1,,610,37.2886866023,127.1072361138,-36.714183,-32.327066,1,6,2,NONE,,
COMMON_1,,611,37.2886857690,127.1072382805,-36.522289,-32.419829,1,6,2,NONE,,
COMMON_1,,612,37.2886849346,127.1072406587,-36.311664,-32.512725,1,6,2,NONE,,
COMMON_1,,613,37.2886842690,127.1072429471,-36.108991,-32.586809,1,6,2,NONE,,
COMMON_1,,614,37.2886834357,127.1072451138,-35.917097,-32.679572,1,6,2,NONE,,
COMMON_1,,615,37.2886826023,127.1072472805,-35.725203,-32.772346,1,6,2,NONE,,
COMMON_1,,616,37.2886817690,127.1072494471,-35.533318,-32.865109,1,6,2,NONE,,
COMMON_1,,617,37.2886809357,127.1072516138,-35.341424,-32.957872,1,6,2,NONE,,
COMMON_1,,618,37.2886802585,127.1072537666,-35.150761,-33.033258,1,6,2,NONE,,
COMMON_1,,619,37.2886794175,127.1072557963,-34.971001,-33.126878,1,6,2,NONE,,
COMMON_1,,620,37.2886784357,127.1072579471,-34.780515,-33.236172,1,6,2,NONE,,
COMMON_1,,621,37.2886774327,127.1072597709,-34.618990,-33.347826,1,6,2,NONE,,
COMMON_1,,622,37.2886762690,127.1072621138,-34.411491,-33.477369,1,6,2,NONE,,
COMMON_1,,623,37.2886754357,127.1072639471,-34.249125,-33.570132,1,6,2,NONE,,
COMMON_1,,624,37.2886743043,127.1072660289,-34.064750,-33.696090,1,6,2,NONE,,
COMMON_1,,625,37.2886732278,127.1072678471,-33.903721,-33.815926,1,6,2,NONE,,
COMMON_1,,626,37.2886722522,127.1072693270,-33.772653,-33.924530,1,6,2,NONE,,
COMMON_1,,627,37.2886707690,127.1072712805,-33.599641,-34.089629,1,6,2,NONE,,
COMMON_1,,628,37.2886696023,127.1072727805,-33.466794,-34.219506,1,6,2,NONE,,
COMMON_1,,629,37.2886681023,127.1072744471,-33.319191,-34.386486,1,6,2,NONE,,
COMMON_1,,630,37.2886667015,127.1072758387,-33.195944,-34.542434,1,6,2,NONE,,
COMMON_1,,631,37.2886653222,127.1072769803,-33.094838,-34.695967,1,6,2,NONE,,
COMMON_1,,632,37.2886637075,127.1072780797,-32.997470,-34.875726,1,6,2,NONE,,
COMMON_1,,633,37.2886619357,127.1072791138,-32.905885,-35.072952,1,6,2,NONE,,
COMMON_1,,634,37.2886604357,127.1072799471,-32.832083,-35.239932,1,6,2,NONE,,
COMMON_1,,635,37.2886586023,127.1072811138,-32.728754,-35.444026,1,6,2,NONE,,
COMMON_1,,636,37.2886569357,127.1072819471,-32.654953,-35.629552,1,6,2,NONE,,
COMMON_1,,637,37.2886552690,127.1072826138,-32.595907,-35.815089,1,6,2,NONE,,
COMMON_1,,638,37.2886534357,127.1072831138,-32.551624,-36.019172,1,6,2,NONE,,
COMMON_1,,639,37.2886516023,127.1072836138,-32.507342,-36.223266,1,6,2,NONE,,
COMMON_1,,640,37.2886496117,127.1072842515,-32.450864,-36.444860,1,6,2,NONE,,
COMMON_1,,641,37.2886483020,127.1072846405,-32.416412,-36.590666,1,6,2,NONE,,
COMMON_1,,642,37.2886464283,127.1072850330,-32.381650,-36.799236,1,6,2,NONE,,
COMMON_1,,643,37.2886447629,127.1072852946,-32.358481,-36.984628,1,6,2,NONE,,
COMMON_1,,644,37.2886431023,127.1072854471,-32.344975,-37.169486,1,6,2,NONE,,
COMMON_1,,645,37.2886412690,127.1072854471,-32.344975,-37.373569,1,6,2,NONE,,
COMMON_1,,646,37.2886393764,127.1072853273,-32.355585,-37.584264,1,6,2,NONE,,
COMMON_1,,647,37.2886378672,127.1072852619,-32.361378,-37.752268,1,6,2,NONE,,
COMMON_1,,648,37.2886360455,127.1072850657,-32.378754,-37.955049,1,6,2,NONE,,
COMMON_1,,649,37.2886341720,127.1072848040,-32.401931,-38.163618,1,6,2,NONE,,
COMMON_1,,650,37.2886324357,127.1072844471,-32.433540,-38.356892,1,6,2,NONE,,
COMMON_1,,651,37.2886306591,127.1072840518,-32.468550,-38.554674,1,6,2,NONE,,
COMMON_1,,652,37.2886291023,127.1072836138,-32.507342,-38.727966,1,6,2,NONE,,
COMMON_1,,653,37.2886274843,127.1072832668,-32.538074,-38.908082,1,6,2,NONE,,
COMMON_1,,654,37.2886259357,127.1072827805,-32.581143,-39.080472,1,6,2,NONE,,
COMMON_1,,655,37.2886244357,127.1072821138,-32.640189,-39.247452,1,6,2,NONE,,
COMMON_1,,656,37.2886231023,127.1072814471,-32.699236,-39.395886,1,6,2,NONE,,
COMMON_1,,657,37.2886214357,127.1072807805,-32.758273,-39.581412,1,6,2,NONE,,
COMMON_1,,658,37.2886200160,127.1072801595,-32.813272,-39.739453,1,6,2,NONE,,
COMMON_1,,659,37.2886178870,127.1072793529,-32.884709,-39.976464,1,6,2,NONE,,
T_foword,mission_T_forward,0,37.2886165780,127.1072789195,-32.923093,-40.122182,1,7,2,NONE,AAA_T_JUNCTION,AAA_T_JUNCTION
T_foword,mission_T_forward,1,37.2886149744,127.1072779012,-33.013280,-40.300686,1,7,2,NONE,AAA_T_JUNCTION,AAA_T_JUNCTION
T_foword,mission_T_forward,2,37.2886133764,127.1072768699,-33.104621,-40.478579,1,7,2,NONE,AAA_T_JUNCTION,AAA_T_JUNCTION
T_foword,mission_T_forward,3,37.2886118179,127.1072757469,-33.204074,-40.652066,1,7,2,NONE,AAA_T_JUNCTION,AAA_T_JUNCTION
T_foword,mission_T_forward,4,37.2886102459,127.1072746558,-33.300711,-40.827070,1,7,2,NONE,AAA_T_JUNCTION,AAA_T_JUNCTION
T_foword,mission_T_forward,5,37.2886086684,127.1072735775,-33.396215,-41.002674,1,7,2,NONE,AAA_T_JUNCTION,AAA_T_JUNCTION
T_foword,mission_T_forward,6,37.2886070576,127.1072725789,-33.484656,-41.181986,1,7,2,NONE,AAA_T_JUNCTION,AAA_T_JUNCTION
T_foword,mission_T_forward,7,37.2886054625,127.1072715414,-33.576538,-41.359555,1,7,2,NONE,AAA_T_JUNCTION,AAA_T_JUNCTION
T_foword,mission_T_forward,8,37.2886038693,127.1072704996,-33.668806,-41.536914,1,7,2,NONE,AAA_T_JUNCTION,AAA_T_JUNCTION
T_foword,mission_T_forward,9,37.2886022475,127.1072695297,-33.754707,-41.717448,1,7,2,NONE,AAA_T_JUNCTION,AAA_T_JUNCTION
T_foword,mission_T_forward,10,37.2886006170,127.1072685818,-33.838651,-41.898959,1,7,2,NONE,AAA_T_JUNCTION,AAA_T_JUNCTION
T_foword,mission_T_forward,11,37.2885989702,127.1072676815,-33.918387,-42.082275,1,7,2,NONE,AAA_T_JUNCTION,AAA_T_JUNCTION
T_foword,mission_T_forward,12,37.2885972931,127.1072668734,-33.989956,-42.268977,1,7,2,NONE,AAA_T_JUNCTION,AAA_T_JUNCTION
T_foword,mission_T_forward,13,37.2885955846,127.1072661750,-34.051810,-42.459159,1,7,2,NONE,AAA_T_JUNCTION,AAA_T_JUNCTION
T_foword,mission_T_forward,14,37.2885939071,127.1072653714,-34.122985,-42.645901,1,7,2,NONE,AAA_T_JUNCTION,AAA_T_JUNCTION
T_foword,mission_T_forward,15,37.2885922854,127.1072644030,-34.208755,-42.826428,1,7,2,NONE,AAA_T_JUNCTION,AAA_T_JUNCTION
T_foword,mission_T_forward,16,37.2885906805,127.1072633959,-34.297942,-43.005089,1,7,2,NONE,AAA_T_JUNCTION,AAA_T_JUNCTION
T_foword,mission_T_forward,17,37.2885890457,127.1072624601,-34.380828,-43.187069,1,7,2,NONE,AAA_T_JUNCTION,AAA_T_JUNCTION
T_foword,mission_T_forward,18,37.2885874012,127.1072615537,-34.461099,-43.370138,1,7,2,NONE,AAA_T_JUNCTION,AAA_T_JUNCTION
T_foword,mission_T_forward,19,37.2885856998,127.1072608327,-34.524958,-43.559533,1,7,2,NONE,AAA_T_JUNCTION,AAA_T_JUNCTION
T_foword,mission_T_forward,20,37.2885840123,127.1072600611,-34.593294,-43.747394,1,7,2,NONE,AAA_T_JUNCTION,AAA_T_JUNCTION
T_foword,mission_T_forward,21,37.2885823945,127.1072590832,-34.679902,-43.927484,1,7,2,NONE,AAA_T_JUNCTION,AAA_T_JUNCTION
T_foword,mission_T_forward,22,37.2885807983,127.1072580470,-34.771673,-44.105175,1,7,2,NONE,AAA_T_JUNCTION,AAA_T_JUNCTION
T_foword,mission_T_forward,23,37.2885791787,127.1072570721,-34.858016,-44.285463,1,7,2,NONE,AAA_T_JUNCTION,AAA_T_JUNCTION
T_foword,mission_T_forward,24,37.2885775367,127.1072561558,-34.939167,-44.468258,1,7,2,NONE,AAA_T_JUNCTION,AAA_T_JUNCTION
T_foword,mission_T_forward,25,37.2885758777,127.1072552918,-35.015687,-44.652929,1,7,2,NONE,AAA_T_JUNCTION,AAA_T_JUNCTION
T_foword,mission_T_forward,26,37.2885742005,127.1072544854,-35.087108,-44.839637,1,7,2,NONE,AAA_T_JUNCTION,AAA_T_JUNCTION
T_foword,mission_T_forward,27,37.2885725572,127.1072535824,-35.167081,-45.022576,1,7,2,NONE,AAA_T_JUNCTION,AAA_T_JUNCTION
T_foword,mission_T_forward,28,37.2885709571,127.1072525629,-35.257369,-45.200695,1,7,2,NONE,AAA_T_JUNCTION,AAA_T_JUNCTION
T_foword,mission_T_forward,29,37.2885693500,127.1072515534,-35.346777,-45.379595,1,7,2,NONE,AAA_T_JUNCTION,AAA_T_JUNCTION
T_foword,mission_T_forward,30,37.2885676947,127.1072506825,-35.423909,-45.563867,1,7,2,NONE,AAA_T_JUNCTION,AAA_T_JUNCTION
T_foword,mission_T_forward,31,37.2885660304,127.1072498335,-35.499103,-45.749139,1,7,2,NONE,AAA_T_JUNCTION,AAA_T_JUNCTION
T_foword,mission_T_forward,32,37.2885643613,127.1072489998,-35.572933,-45.934940,1,7,2,NONE,AAA_T_JUNCTION,AAA_T_JUNCTION
T_foword,mission_T_forward,33,37.2885627093,127.1072481131,-35.651465,-46.118842,1,7,2,NONE,AAA_T_JUNCTION,AAA_T_JUNCTION
T_foword,mission_T_forward,34,37.2885610913,127.1072471366,-35.737950,-46.298959,1,7,2,NONE,AAA_T_JUNCTION,AAA_T_JUNCTION
T_foword,mission_T_forward,35,37.2885595028,127.1072460839,-35.831184,-46.475790,1,7,2,NONE,AAA_T_JUNCTION,AAA_T_JUNCTION
T_foword,mission_T_forward,36,37.2885578869,127.1072450984,-35.918462,-46.655668,1,7,2,NONE,AAA_T_JUNCTION,AAA_T_JUNCTION
T_foword,mission_T_forward,37,37.2885562404,127.1072441994,-35.998088,-46.838962,1,7,2,NONE,AAA_T_JUNCTION,AAA_T_JUNCTION
T_foword,mission_T_forward,38,37.2885545483,127.1072434407,-36.065277,-47.027328,1,7,2,NONE,AAA_T_JUNCTION,AAA_T_JUNCTION
T_foword,mission_T_forward,39,37.2885528492,127.1072427078,-36.130191,-47.216462,1,7,2,NONE,AAA_T_JUNCTION,AAA_T_JUNCTION
T_foword,mission_T_forward,40,37.2885511432,127.1072420037,-36.192550,-47.406380,1,7,2,NONE,AAA_T_JUNCTION,AAA_T_JUNCTION
T_foword,mission_T_forward,41,37.2885494712,127.1072411802,-36.265479,-47.592507,1,7,2,NONE,AAA_T_JUNCTION,AAA_T_JUNCTION
T_foword,mission_T_forward,42,37.2885478153,127.1072403047,-36.343022,-47.776839,1,7,2,NONE,AAA_T_JUNCTION,AAA_T_JUNCTION
T_foword,mission_T_forward,43,37.2885461439,127.1072394775,-36.416279,-47.962905,1,7,2,NONE,AAA_T_JUNCTION,AAA_T_JUNCTION
T_foword,mission_T_forward,44,37.2885444376,127.1072387762,-36.478389,-48.152845,1,7,2,NONE,AAA_T_JUNCTION,AAA_T_JUNCTION
T_foword,mission_T_forward,45,37.2885426950,127.1072382335,-36.526452,-48.346835,1,7,2,NONE,AAA_T_JUNCTION,AAA_T_JUNCTION
T_foword,mission_T_forward,46,37.2885409553,127.1072376754,-36.575883,-48.540496,1,7,2,NONE,AAA_T_JUNCTION,AAA_T_JUNCTION
T_foword,mission_T_forward,47,37.2885392502,127.1072369704,-36.638317,-48.730306,1,7,2,NONE,AAA_T_JUNCTION,AAA_T_JUNCTION
T_foword,mission_T_forward,48,37.2885375946,127.1072361013,-36.715295,-48.914607,1,7,2,NONE,AAA_T_JUNCTION,AAA_T_JUNCTION
T_foword,mission_T_forward,49,37.2885359381,127.1072352307,-36.792398,-49.099011,1,7,2,NONE,AAA_T_JUNCTION,AAA_T_JUNCTION
T_foword,mission_T_forward,50,37.2885342390,127.1072345008,-36.857041,-49.288153,1,7,2,NONE,AAA_T_JUNCTION,AAA_T_JUNCTION
T_foword,mission_T_forward,51,37.2885325162,127.1072338630,-36.913527,-49.479934,1,7,2,NONE,AAA_T_JUNCTION,AAA_T_JUNCTION
T_foword,mission_T_forward,52,37.2885307765,127.1072333120,-36.962325,-49.673603,1,7,2,NONE,AAA_T_JUNCTION,AAA_T_JUNCTION
T_foword,mission_T_forward,53,37.2885290742,127.1072325925,-37.026047,-49.863099,1,7,2,NONE,AAA_T_JUNCTION,AAA_T_JUNCTION
T_foword,mission_T_forward,54,37.2885274261,127.1072316936,-37.105666,-50.046567,1,7,2,NONE,AAA_T_JUNCTION,AAA_T_JUNCTION
T_foword,mission_T_forward,55,37.2885257493,127.1072308834,-37.177414,-50.233226,1,7,2,NONE,AAA_T_JUNCTION,AAA_T_JUNCTION
T_foword,mission_T_forward,56,37.2885240924,127.1072300116,-37.254632,-50.417669,1,7,2,NONE,AAA_T_JUNCTION,AAA_T_JUNCTION
T_foword,mission_T_forward,57,37.2885224151,127.1072292073,-37.325863,-50.604393,1,7,2,NONE,AAA_T_JUNCTION,AAA_T_JUNCTION
T_foword,mission_T_forward,58,37.2885206974,127.1072285521,-37.383886,-50.795601,1,7,2,NONE,AAA_T_JUNCTION,AAA_T_JUNCTION
T_foword,mission_T_forward,59,37.2885189699,127.1072279401,-37.438093,-50.987911,1,7,2,NONE,AAA_T_JUNCTION,AAA_T_JUNCTION
T_foword,mission_T_forward,60,37.2885172926,127.1072271359,-37.509311,-51.174624,1,7,2,NONE,AAA_T_JUNCTION,AAA_T_JUNCTION
T_foword,mission_T_forward,61,37.2885156539,127.1072262156,-37.590820,-51.357051,1,7,2,NONE,AAA_T_JUNCTION,AAA_T_JUNCTION
T_foword,mission_T_forward,62,37.2885140047,127.1072253197,-37.670171,-51.540631,1,7,2,NONE,AAA_T_JUNCTION,AAA_T_JUNCTION
T_foword,mission_T_forward,63,37.2885123432,127.1072244694,-37.745475,-51.725594,1,7,2,NONE,AAA_T_JUNCTION,AAA_T_JUNCTION
T_foword,mission_T_forward,64,37.2885106463,127.1072237320,-37.810784,-51.914493,1,7,2,NONE,AAA_T_JUNCTION,AAA_T_JUNCTION
T_foword,mission_T_forward,65,37.2885089354,127.1072230438,-37.871729,-52.104950,1,7,2,NONE,AAA_T_JUNCTION,AAA_T_JUNCTION
T_foword,mission_T_forward,66,37.2885072320,127.1072223280,-37.935130,-52.294577,1,7,2,NONE,AAA_T_JUNCTION,AAA_T_JUNCTION
T_foword,mission_T_forward,67,37.2885055565,127.1072215164,-38.007002,-52.481090,1,7,2,NONE,AAA_T_JUNCTION,AAA_T_JUNCTION
T_foword,mission_T_forward,68,37.2885039208,127.1072205827,-38.089695,-52.663179,1,7,2,NONE,AAA_T_JUNCTION,AAA_T_JUNCTION
T_foword,mission_T_forward,69,37.2885022876,127.1072196428,-38.172945,-52.844983,1,7,2,NONE,AAA_T_JUNCTION,AAA_T_JUNCTION
T_foword,mission_T_forward,70,37.2885006058,127.1072188513,-38.243038,-53.032202,1,7,2,NONE,AAA_T_JUNCTION,AAA_T_JUNCTION
T_foword,mission_T_forward,71,37.2884988991,127.1072181468,-38.305436,-53.222188,1,7,2,NONE,AAA_T_JUNCTION,AAA_T_JUNCTION
T_foword,mission_T_forward,72,37.2884971940,127.1072174386,-38.368161,-53.412004,1,7,2,NONE,AAA_T_JUNCTION,AAA_T_JUNCTION
T_foword,mission_T_forward,73,37.2884955203,127.1072166186,-38.440776,-53.598320,1,7,2,NONE,AAA_T_JUNCTION,AAA_T_JUNCTION
T_foword,mission_T_forward,74,37.2884938504,127.1072157883,-38.514315,-53.784212,1,7,2,NONE,AAA_T_JUNCTION,AAA_T_JUNCTION
T_foword,mission_T_forward,75,37.2884922205,127.1072148397,-38.598332,-53.965650,1,7,2,NONE,AAA_T_JUNCTION,AAA_T_JUNCTION
T_foword,mission_T_forward,76,37.2884905644,127.1072139668,-38.675634,-54.150015,1,7,2,NONE,AAA_T_JUNCTION,AAA_T_JUNCTION
T_foword,mission_T_forward,77,37.2884888704,127.1072132179,-38.741962,-54.338585,1,7,2,NONE,AAA_T_JUNCTION,AAA_T_JUNCTION
T_foword,mission_T_forward,78,37.2884871564,127.1072125424,-38.801787,-54.529394,1,7,2,NONE,AAA_T_JUNCTION,AAA_T_JUNCTION
T_foword,mission_T_forward,79,37.2884854609,127.1072117996,-38.867577,-54.718137,1,7,2,NONE,AAA_T_JUNCTION,AAA_T_JUNCTION
T_foword,mission_T_forward,80,37.2884837811,127.1072110040,-38.938041,-54.905129,1,7,2,NONE,AAA_T_JUNCTION,AAA_T_JUNCTION
T_foword,mission_T_forward,81,37.2884821318,127.1072101087,-39.017327,-55.088725,1,7,2,NONE,AAA_T_JUNCTION,AAA_T_JUNCTION
T_foword,mission_T_forward,82,37.2884804476,127.1072093281,-39.086462,-55.276217,1,7,2,NONE,AAA_T_JUNCTION,AAA_T_JUNCTION
T_foword,mission_T_forward,83,37.2884787353,127.1072086558,-39.146002,-55.466831,1,7,2,NONE,AAA_T_JUNCTION,AAA_T_JUNCTION
T_foword,mission_T_forward,84,37.2884770130,127.1072080274,-39.201662,-55.658547,1,7,2,NONE,AAA_T_JUNCTION,AAA_T_JUNCTION
T_foword,mission_T_forward,85,37.2884752907,127.1072073894,-39.258165,-55.850274,1,7,2,NONE,AAA_T_JUNCTION,AAA_T_JUNCTION
T_foword,mission_T_forward,86,37.2884735809,127.1072066982,-39.319383,-56.040619,1,7,2,NONE,AAA_T_JUNCTION,AAA_T_JUNCTION
T_foword,mission_T_forward,87,37.2884719009,127.1072059018,-39.389917,-56.227637,1,7,2,NONE,AAA_T_JUNCTION,AAA_T_JUNCTION
T_foword,mission_T_forward,88,37.2884702432,127.1072050313,-39.467008,-56.412166,1,7,2,NONE,AAA_T_JUNCTION,AAA_T_JUNCTION
T_foword,mission_T_forward,89,37.2884685555,127.1072042593,-39.535384,-56.600045,1,7,2,NONE,AAA_T_JUNCTION,AAA_T_JUNCTION
T_foword,mission_T_forward,90,37.2884668730,127.1072034707,-39.605228,-56.787333,1,7,2,NONE,AAA_T_JUNCTION,AAA_T_JUNCTION
T_foword,mission_T_forward,91,37.2884651923,127.1072026736,-39.675823,-56.974439,1,7,2,NONE,AAA_T_JUNCTION,AAA_T_JUNCTION
T_foword,mission_T_forward,92,37.2884635436,127.1072017841,-39.754599,-57.157961,1,7,2,NONE,AAA_T_JUNCTION,AAA_T_JUNCTION
T_foword,mission_T_forward,93,37.2884619603,127.1072007198,-39.848863,-57.334215,1,7,2,NONE,AAA_T_JUNCTION,AAA_T_JUNCTION
T_foword,mission_T_forward,94,37.2884603657,127.1071996834,-39.940652,-57.511732,1,7,2,NONE,AAA_T_JUNCTION,AAA_T_JUNCTION
T_foword,mission_T_forward,95,37.2884600922,127.1071995156,-39.955510,-57.542175,1,7,2,NONE,AAA_T_JUNCTION,AAA_T_JUNCTION
T_A,mission_T,0,37.2884592210,127.1072003619,-39.880558,-57.639162,1,7,2,NONE,AAA_T_JUNCTION,AAA_T_JUNCTION
T_A,mission_T,1,37.2884582303,127.1071996730,-39.941571,-57.749446,1,7,2,NONE,AAA_T_JUNCTION,AAA_T_JUNCTION
T_A,mission_T,2,37.2884573619,127.1071990896,-39.993240,-57.846117,1,7,2,NONE,AAA_T_JUNCTION,AAA_T_JUNCTION
T_A,mission_T,3,37.2884564486,127.1071985250,-40.043244,-57.947785,1,7,2,NONE,AAA_T_JUNCTION,AAA_T_JUNCTION
T_A,mission_T,4,37.2884548017,127.1071975841,-40.126575,-58.131118,1,7,2,NONE,AAA_T_JUNCTION,AAA_T_JUNCTION
T_A,mission_T,5,37.2884560294,127.1071982616,-40.066572,-57.994451,-1,7,1,NONE,AAA_T_JUNCTION,AAA_T_JUNCTION
T_A,mission_T,6,37.2884578410,127.1071992401,-39.979911,-57.792783,-1,7,1,NONE,AAA_T_JUNCTION,AAA_T_JUNCTION
T_A,mission_T,7,37.2884591462,127.1071999102,-39.920563,-57.647488,-1,7,1,NONE,AAA_T_JUNCTION,AAA_T_JUNCTION
T_A,mission_T,8,37.2884606689,127.1072008942,-39.833415,-57.477981,-1,7,1,NONE,AAA_T_JUNCTION,AAA_T_JUNCTION
T_A,mission_T,9,37.2884622753,127.1072019238,-39.742229,-57.299157,-1,7,1,NONE,AAA_T_JUNCTION,AAA_T_JUNCTION
T_A,mission_T,10,37.2884638356,127.1072027275,-39.671049,-57.125464,-1,7,1,NONE,AAA_T_JUNCTION,AAA_T_JUNCTION
T_A,mission_T,11,37.2884656689,127.1072033942,-39.612003,-56.921381,-1,7,1,NONE,AAA_T_JUNCTION,AAA_T_JUNCTION
T_A,mission_T,12,37.2884670023,127.1072040608,-39.552965,-56.772947,-1,7,1,NONE,AAA_T_JUNCTION,AAA_T_JUNCTION
T_A,mission_T,13,37.2884685587,127.1072047385,-39.492944,-56.599680,-1,7,1,NONE,AAA_T_JUNCTION,AAA_T_JUNCTION
T_A,mission_T,14,37.2884699782,127.1072053960,-39.434713,-56.441670,-1,7,1,NONE,AAA_T_JUNCTION,AAA_T_JUNCTION
T_A,mission_T,15,37.2884718646,127.1072061488,-39.368041,-56.231676,-1,7,1,NONE,AAA_T_JUNCTION,AAA_T_JUNCTION
T_A,mission_T,16,37.2884732271,127.1072067510,-39.314707,-56.080003,-1,7,1,NONE,AAA_T_JUNCTION,AAA_T_JUNCTION
T_A,mission_T,17,37.2884748291,127.1072073720,-39.259708,-55.901668,-1,7,1,NONE,AAA_T_JUNCTION,AAA_T_JUNCTION
T_A,mission_T,18,37.2884765508,127.1072081624,-39.189707,-55.710008,-1,7,1,NONE,AAA_T_JUNCTION,AAA_T_JUNCTION
T_A,mission_T,19,37.2884783462,127.1072090002,-39.115507,-55.510144,-1,7,1,NONE,AAA_T_JUNCTION,AAA_T_JUNCTION
T_A,mission_T,20,37.2884802040,127.1072097808,-39.046373,-55.303334,-1,7,1,NONE,AAA_T_JUNCTION,AAA_T_JUNCTION
T_A,mission_T,21,37.2884820023,127.1072103942,-38.992047,-55.103147,-1,7,1,NONE,AAA_T_JUNCTION,AAA_T_JUNCTION
T_A,mission_T,22,37.2884838421,127.1072113051,-38.911373,-54.898341,-1,7,1,NONE,AAA_T_JUNCTION,AAA_T_JUNCTION
T_A,mission_T,23,37.2884851689,127.1072118942,-38.859199,-54.750641,-1,7,1,NONE,AAA_T_JUNCTION,AAA_T_JUNCTION
T_A,mission_T,24,37.2884866689,127.1072123942,-38.814917,-54.583661,-1,7,1,NONE,AAA_T_JUNCTION,AAA_T_JUNCTION
T_A,mission_T,25,37.2884883786,127.1072129046,-38.769713,-54.393338,-1,7,1,NONE,AAA_T_JUNCTION,AAA_T_JUNCTION
T_A,mission_T,26,37.2884899506,127.1072135445,-38.713040,-54.218343,-1,7,1,NONE,AAA_T_JUNCTION,AAA_T_JUNCTION
T_A,mission_T,27,37.2884918356,127.1072145608,-38.623032,-54.008504,-1,7,1,NONE,AAA_T_JUNCTION,AAA_T_JUNCTION
T_A,mission_T,28,37.2884933330,127.1072153044,-38.557175,-53.841814,-1,7,1,NONE,AAA_T_JUNCTION,AAA_T_JUNCTION
T_A,mission_T,29,37.2884950560,127.1072161038,-38.486376,-53.650009,-1,7,1,NONE,AAA_T_JUNCTION,AAA_T_JUNCTION
T_A,mission_T,30,37.2884966431,127.1072168942,-38.416374,-53.473334,-1,7,1,NONE,AAA_T_JUNCTION,AAA_T_JUNCTION
T_A,mission_T,31,37.2884982600,127.1072178163,-38.334708,-53.293340,-1,7,1,NONE,AAA_T_JUNCTION,AAA_T_JUNCTION
T_A,mission_T,32,37.2884997123,127.1072186255,-38.263041,-53.131670,-1,7,1,NONE,AAA_T_JUNCTION,AAA_T_JUNCTION
T_A,mission_T,33,37.2885012394,127.1072195664,-38.179710,-52.961673,-1,7,1,NONE,AAA_T_JUNCTION,AAA_T_JUNCTION
T_A,mission_T,34,37.2885027965,127.1072204697,-38.099709,-52.788337,-1,7,1,NONE,AAA_T_JUNCTION,AAA_T_JUNCTION
T_A,mission_T,35,37.2885044733,127.1072214859,-38.009710,-52.601676,-1,7,1,NONE,AAA_T_JUNCTION,AAA_T_JUNCTION
T_A,mission_T,36,37.2885057459,127.1072222575,-37.941373,-52.460010,-1,7,1,NONE,AAA_T_JUNCTION,AAA_T_JUNCTION
T_A,mission_T,37,37.2885071832,127.1072232737,-37.851373,-52.300010,-1,7,1,NONE,AAA_T_JUNCTION,AAA_T_JUNCTION
T_A,mission_T,38,37.2885088152,127.1072242522,-37.764712,-52.118335,-1,7,1,NONE,AAA_T_JUNCTION,AAA_T_JUNCTION
T_A,mission_T,39,37.2885101955,127.1072251942,-37.681278,-51.964680,-1,7,1,NONE,AAA_T_JUNCTION,AAA_T_JUNCTION
T_A,mission_T,40,37.2885117076,127.1072262669,-37.586278,-51.796347,-1,7,1,NONE,AAA_T_JUNCTION,AAA_T_JUNCTION
T_A,mission_T,41,37.2885130210,127.1072271413,-37.508839,-51.650146,-1,7,1,NONE,AAA_T_JUNCTION,AAA_T_JUNCTION
T_A,mission_T,42,37.2885145943,127.1072282041,-37.414712,-51.475006,-1,7,1,NONE,AAA_T_JUNCTION,AAA_T_JUNCTION
T_A,mission_T,43,37.2885163339,127.1072291650,-37.329611,-51.281347,-1,7,1,NONE,AAA_T_JUNCTION,AAA_T_JUNCTION
T_A,mission_T,44,37.2885180469,127.1072303058,-37.228574,-51.090662,-1,7,1,NONE,AAA_T_JUNCTION,AAA_T_JUNCTION
T_A,mission_T,45,37.2885194638,127.1072314240,-37.129541,-50.932933,-1,7,1,NONE,AAA_T_JUNCTION,AAA_T_JUNCTION
T_A,mission_T,46,37.2885208970,127.1072328321,-37.004832,-50.773389,-1,7,1,NONE,AAA_T_JUNCTION,AAA_T_JUNCTION
T_A,mission_T,47,37.2885220832,127.1072342195,-36.881957,-50.641342,-1,7,1,NONE,AAA_T_JUNCTION,AAA_T_JUNCTION
T_A,mission_T,48,37.2885232694,127.1072357519,-36.746240,-50.509294,-1,7,1,NONE,AAA_T_JUNCTION,AAA_T_JUNCTION
T_A,mission_T,49,37.2885244720,127.1072376569,-36.577524,-50.375420,-1,7,1,NONE,AAA_T_JUNCTION,AAA_T_JUNCTION
T_A,mission_T,50,37.2885252793,127.1072391893,-36.441807,-50.285552,-1,7,1,NONE,AAA_T_JUNCTION,AAA_T_JUNCTION
T_A,mission_T,51,37.2885260371,127.1072407423,-36.304265,-50.201193,-1,7,1,NONE,AAA_T_JUNCTION,AAA_T_JUNCTION
T_A,mission_T,52,37.2885268563,127.1072424309,-36.154714,-50.110000,-1,7,1,NONE,AAA_T_JUNCTION,AAA_T_JUNCTION
T_A,mission_T,53,37.2885278294,127.1072440682,-36.009706,-50.001675,-1,7,1,NONE,AAA_T_JUNCTION,AAA_T_JUNCTION
T_A,mission_T,54,37.2885287128,127.1072458936,-35.848040,-49.903335,-1,7,1,NONE,AAA_T_JUNCTION,AAA_T_JUNCTION
T_A,mission_T,55,37.2885298356,127.1072485608,-35.611819,-49.778344,-1,7,1,NONE,AAA_T_JUNCTION,AAA_T_JUNCTION
T_A,mission_T,56,37.2885307489,127.1072505982,-35.431376,-49.676676,-1,7,1,NONE,AAA_T_JUNCTION,AAA_T_JUNCTION
T_A,mission_T,57,37.2885313578,127.1072523270,-35.278265,-49.608893,-1,7,1,NONE,AAA_T_JUNCTION,AAA_T_JUNCTION
T_A,mission_T,58,37.2885318669,127.1072542465,-35.108264,-49.552220,-1,7,1,NONE,AAA_T_JUNCTION,AAA_T_JUNCTION
T_A,mission_T,59,37.2885322748,127.1072561783,-34.937174,-49.506813,-1,7,1,NONE,AAA_T_JUNCTION,AAA_T_JUNCTION
T_A,mission_T,60,37.2885325556,127.1072581984,-34.758264,-49.475554,-1,7,1,NONE,AAA_T_JUNCTION,AAA_T_JUNCTION
T_A,mission_T,61,37.2885327203,127.1072601179,-34.588263,-49.457220,-1,7,1,NONE,AAA_T_JUNCTION,AAA_T_JUNCTION
T_A,mission_T,62,37.2885327652,127.1072624138,-34.384927,-49.452221,-1,7,1,NONE,AAA_T_JUNCTION,AAA_T_JUNCTION
T_A,mission_T,63,37.2885326304,127.1072646720,-34.184929,-49.467227,-1,7,1,NONE,AAA_T_JUNCTION,AAA_T_JUNCTION
T_A,mission_T,64,37.2885323759,127.1072665727,-34.016593,-49.495558,-1,7,1,NONE,AAA_T_JUNCTION,AAA_T_JUNCTION
T_A,mission_T,65,37.2885318819,127.1072689626,-33.804932,-49.550550,-1,7,1,NONE,AAA_T_JUNCTION,AAA_T_JUNCTION
T_A,mission_T,66,37.2885314626,127.1072707316,-33.648260,-49.597227,-1,7,1,NONE,AAA_T_JUNCTION,AAA_T_JUNCTION
T_A,mission_T,67,37.2885307440,127.1072729710,-33.449927,-49.677221,-1,7,1,NONE,AAA_T_JUNCTION,AAA_T_JUNCTION
T_A,mission_T,68,37.2885298352,127.1072751199,-33.259611,-49.778384,-1,7,1,NONE,AAA_T_JUNCTION,AAA_T_JUNCTION
T_A,mission_T,69,37.2885290971,127.1072768100,-33.109926,-49.860554,-1,7,1,NONE,AAA_T_JUNCTION,AAA_T_JUNCTION
T_A,mission_T,70,37.2885285581,127.1072782778,-32.979930,-49.920556,-1,7,1,NONE,AAA_T_JUNCTION,AAA_T_JUNCTION
T_A,mission_T,71,37.2885279603,127.1072801746,-32.811940,-49.987103,-1,7,1,NONE,AAA_T_JUNCTION,AAA_T_JUNCTION
T_A,mission_T,72,37.2885273016,127.1072820941,-32.641939,-50.060429,-1,7,1,NONE,AAA_T_JUNCTION,AAA_T_JUNCTION
T_A,mission_T,73,37.2885267476,127.1072837313,-32.496941,-50.122101,-1,7,1,NONE,AAA_T_JUNCTION,AAA_T_JUNCTION
T_A,mission_T,74,37.2885262385,127.1072853686,-32.351933,-50.178774,-1,7,1,NONE,AAA_T_JUNCTION,AAA_T_JUNCTION
T_A,mission_T,75,37.2885258343,127.1072868740,-32.218607,-50.223769,-1,7,1,NONE,AAA_T_JUNCTION,AAA_T_JUNCTION
T_A,mission_T,76,37.2885253253,127.1072889441,-32.035268,-50.280431,-1,7,1,NONE,AAA_T_JUNCTION,AAA_T_JUNCTION
T_A,mission_T,77,37.2885248611,127.1072905248,-31.895274,-50.332106,-1,7,1,NONE,AAA_T_JUNCTION,AAA_T_JUNCTION
T_A,mission_T,78,37.2885244569,127.1072919362,-31.770273,-50.377101,-1,7,1,NONE,AAA_T_JUNCTION,AAA_T_JUNCTION
T_A,mission_T,79,37.2885240773,127.1072930683,-31.670008,-50.419358,-1,7,1,NONE,AAA_T_JUNCTION,AAA_T_JUNCTION
T_A,mission_T,80,37.2885246366,127.1072914093,-31.816938,-50.357097,1,7,2,NONE,AAA_T_JUNCTION,AAA_T_JUNCTION
T_A,mission_T,81,37.2885253356,127.1072895608,-31.980650,-50.279284,1,7,2,NONE,AAA_T_JUNCTION,AAA_T_JUNCTION
T_A,mission_T,82,37.2885261027,127.1072876495,-32.149925,-50.193891,1,7,2,NONE,AAA_T_JUNCTION,AAA_T_JUNCTION
T_A,mission_T,83,37.2885266567,127.1072859746,-32.298262,-50.132220,1,7,2,NONE,AAA_T_JUNCTION,AAA_T_JUNCTION
T_A,mission_T,84,37.2885273356,127.1072838942,-32.482513,-50.056644,1,7,2,NONE,AAA_T_JUNCTION,AAA_T_JUNCTION
T_A,mission_T,85,37.2885279443,127.1072821544,-32.636599,-49.988884,1,7,2,NONE,AAA_T_JUNCTION,AAA_T_JUNCTION
T_A,mission_T,86,37.2885285023,127.1072805608,-32.777736,-49.926767,1,7,2,NONE,AAA_T_JUNCTION,AAA_T_JUNCTION
T_A,mission_T,87,37.2885291689,127.1072788942,-32.925339,-49.852561,1,7,2,NONE,AAA_T_JUNCTION,AAA_T_JUNCTION
T_A,mission_T,88,37.2885299954,127.1072770546,-33.088263,-49.760555,1,7,2,NONE,AAA_T_JUNCTION,AAA_T_JUNCTION
T_A,mission_T,89,37.2885306689,127.1072755608,-33.220562,-49.685581,1,7,2,NONE,AAA_T_JUNCTION,AAA_T_JUNCTION
T_A,mission_T,90,37.2885313356,127.1072737275,-33.382928,-49.611364,1,7,2,NONE,AAA_T_JUNCTION,AAA_T_JUNCTION
T_A,mission_T,91,37.2885320765,127.1072718983,-33.544931,-49.528887,1,7,2,NONE,AAA_T_JUNCTION,AAA_T_JUNCTION
T_A,mission_T,92,37.2885328401,127.1072702423,-33.691595,-49.443883,1,7,2,NONE,AAA_T_JUNCTION,AAA_T_JUNCTION
T_A,mission_T,93,37.2885338132,127.1072685298,-33.843263,-49.335558,1,7,2,NONE,AAA_T_JUNCTION,AAA_T_JUNCTION
T_A,mission_T,94,37.2885348356,127.1072670608,-33.973365,-49.221744,1,7,2,NONE,AAA_T_JUNCTION,AAA_T_JUNCTION
T_A,mission_T,95,37.2885360023,127.1072655608,-34.106212,-49.091867,1,7,2,NONE,AAA_T_JUNCTION,AAA_T_JUNCTION
T_A,mission_T,96,37.2885370023,127.1072640608,-34.239060,-48.980547,1,7,2,NONE,AAA_T_JUNCTION,AAA_T_JUNCTION
T_A,mission_T,97,37.2885383198,127.1072623761,-34.388266,-48.833883,1,7,2,NONE,AAA_T_JUNCTION,AAA_T_JUNCTION
T_A,mission_T,98,37.2885393229,127.1072612282,-34.489929,-48.722218,1,7,2,NONE,AAA_T_JUNCTION,AAA_T_JUNCTION
T_A,mission_T,99,37.2885405206,127.1072600803,-34.591593,-48.588890,1,7,2,NONE,AAA_T_JUNCTION,AAA_T_JUNCTION
T_A,mission_T,100,37.2885421825,127.1072587630,-34.708260,-48.403888,1,7,2,NONE,AAA_T_JUNCTION,AAA_T_JUNCTION
T_A,mission_T,101,37.2885436348,127.1072578597,-34.788261,-48.242217,1,7,2,NONE,AAA_T_JUNCTION,AAA_T_JUNCTION
T_A,mission_T,102,37.2885454014,127.1072569940,-34.864932,-48.045560,1,7,2,NONE,AAA_T_JUNCTION,AAA_T_JUNCTION
T_A,mission_T,103,37.2885469136,127.1072563166,-34.924926,-47.877221,1,7,2,NONE,AAA_T_JUNCTION,AAA_T_JUNCTION
T_A,mission_T,104,37.2885485755,127.1072557144,-34.978260,-47.692219,1,7,2,NONE,AAA_T_JUNCTION,AAA_T_JUNCTION
T_A,mission_T,105,37.2885501625,127.1072553004,-35.014926,-47.515554,1,7,2,NONE,AAA_T_JUNCTION,AAA_T_JUNCTION
T_A,mission_T,106,37.2885519741,127.1072550181,-35.039928,-47.313887,1,7,2,NONE,AAA_T_JUNCTION,AAA_T_JUNCTION
T_A,mission_T,107,37.2885537557,127.1072549240,-35.048261,-47.115559,1,7,2,NONE,AAA_T_JUNCTION,AAA_T_JUNCTION
T_A,mission_T,108,37.2885555673,127.1072548487,-35.054930,-46.913892,1,7,2,NONE,AAA_T_JUNCTION,AAA_T_JUNCTION
T_A,mission_T,109,37.2885574837,127.1072548299,-35.056595,-46.700558,1,7,2,NONE,AAA_T_JUNCTION,AAA_T_JUNCTION
T_A,mission_T,110,37.2885591689,127.1072548942,-35.050901,-46.512961,1,7,2,NONE,AAA_T_JUNCTION,AAA_T_JUNCTION
T_A,mission_T,111,37.2885608224,127.1072549428,-35.046596,-46.328894,1,7,2,NONE,AAA_T_JUNCTION,AAA_T_JUNCTION
T_A,mission_T,112,37.2885626689,127.1072552275,-35.021382,-46.123341,1,7,2,NONE,AAA_T_JUNCTION,AAA_T_JUNCTION
T_A,mission_T,113,37.2885645023,127.1072557275,-34.977099,-45.919247,1,7,2,NONE,AAA_T_JUNCTION,AAA_T_JUNCTION
T_A,mission_T,114,37.2885665023,127.1072560608,-34.947581,-45.696607,1,7,2,NONE,AAA_T_JUNCTION,AAA_T_JUNCTION
T_A,mission_T,115,37.2885683356,127.1072565608,-34.903298,-45.492524,1,7,2,NONE,AAA_T_JUNCTION,AAA_T_JUNCTION
T_A,mission_T,116,37.2885701688,127.1072569910,-34.865197,-45.288453,1,7,2,NONE,AAA_T_JUNCTION,AAA_T_JUNCTION
T_A,mission_T,117,37.2885720023,127.1072575608,-34.814733,-45.084347,1,7,2,NONE,AAA_T_JUNCTION,AAA_T_JUNCTION
T_A,mission_T,118,37.2885738356,127.1072583942,-34.740923,-44.880264,1,7,2,NONE,AAA_T_JUNCTION,AAA_T_JUNCTION
T_A,mission_T,119,37.2885756689,127.1072592275,-34.667122,-44.676181,1,7,2,NONE,AAA_T_JUNCTION,AAA_T_JUNCTION
T_A,mission_T,120,37.2885775023,127.1072598942,-34.608075,-44.472087,1,7,2,NONE,AAA_T_JUNCTION,AAA_T_JUNCTION
T_A,mission_T,121,37.2885793356,127.1072605608,-34.549038,-44.268004,1,7,2,NONE,AAA_T_JUNCTION,AAA_T_JUNCTION
T_A,mission_T,122,37.2885810023,127.1072612275,-34.489991,-44.082467,1,7,2,NONE,AAA_T_JUNCTION,AAA_T_JUNCTION
T_A,mission_T,123,37.2885826689,127.1072618942,-34.430945,-43.896941,1,7,2,NONE,AAA_T_JUNCTION,AAA_T_JUNCTION
T_A,mission_T,124,37.2885845023,127.1072625608,-34.371908,-43.692847,1,7,2,NONE,AAA_T_JUNCTION,AAA_T_JUNCTION
T_A,mission_T,125,37.2885863356,127.1072633942,-34.298098,-43.488764,1,7,2,NONE,AAA_T_JUNCTION,AAA_T_JUNCTION
T_A,mission_T,126,37.2885881689,127.1072642275,-34.224296,-43.284681,1,7,2,NONE,AAA_T_JUNCTION,AAA_T_JUNCTION
T_A,mission_T,127,37.2885900023,127.1072650608,-34.150495,-43.080587,1,7,2,NONE,AAA_T_JUNCTION,AAA_T_JUNCTION
T_A,mission_T,128,37.2885917070,127.1072657636,-34.088251,-42.890820,1,7,2,NONE,AAA_T_JUNCTION,AAA_T_JUNCTION
T_A,mission_T,129,37.2885935023,127.1072663942,-34.032402,-42.690967,1,7,2,NONE,AAA_T_JUNCTION,AAA_T_JUNCTION
T_A,mission_T,130,37.2885953356,127.1072672275,-33.958601,-42.486884,1,7,2,NONE,AAA_T_JUNCTION,AAA_T_JUNCTION
T_A,mission_T,131,37.2885970023,127.1072682275,-33.870036,-42.301347,1,7,2,NONE,AAA_T_JUNCTION,AAA_T_JUNCTION
T_A,mission_T,132,37.2885986689,127.1072690608,-33.796235,-42.115821,1,7,2,NONE,AAA_T_JUNCTION,AAA_T_JUNCTION
T_A,mission_T,133,37.2886003356,127.1072697275,-33.737188,-41.930284,1,7,2,NONE,AAA_T_JUNCTION,AAA_T_JUNCTION
T_A,mission_T,134,37.2886018879,127.1072703741,-33.679922,-41.757482,1,7,2,NONE,AAA_T_JUNCTION,AAA_T_JUNCTION
T_A,mission_T,135,37.2886034599,127.1072711457,-33.611585,-41.582487,1,7,2,NONE,AAA_T_JUNCTION,AAA_T_JUNCTION
T_A,mission_T,136,37.2886050023,127.1072720608,-33.530539,-41.410787,1,7,2,NONE,AAA_T_JUNCTION,AAA_T_JUNCTION
T_A,mission_T,137,37.2886066689,127.1072730608,-33.441974,-41.225261,1,7,2,NONE,AAA_T_JUNCTION,AAA_T_JUNCTION
T_A,mission_T,138,37.2886080023,127.1072740608,-33.353409,-41.076827,1,7,2,NONE,AAA_T_JUNCTION,AAA_T_JUNCTION
T_A,mission_T,139,37.2886089846,127.1072747777,-33.289917,-40.967478,1,7,2,NONE,AAA_T_JUNCTION,AAA_T_JUNCTION
T_A,mission_T,140,37.2886097930,127.1072753799,-33.236583,-40.877487,1,7,2,NONE,AAA_T_JUNCTION,AAA_T_JUNCTION
T_A,mission_T,141,37.2886106913,127.1072760573,-33.176589,-40.777488,1,7,2,NONE,AAA_T_JUNCTION,AAA_T_JUNCTION
T_A,mission_T,142,37.2886113800,127.1072765843,-33.129915,-40.700822,1,7,2,NONE,AAA_T_JUNCTION,AAA_T_JUNCTION
T_A,mission_T,143,37.2886118741,127.1072769418,-33.098253,-40.645819,1,7,2,NONE,AAA_T_JUNCTION,AAA_T_JUNCTION
T_A,mission_T,144,37.2886126676,127.1072774687,-33.051588,-40.557486,1,7,2,NONE,AAA_T_JUNCTION,AAA_T_JUNCTION
T_A,mission_T,145,37.2886133863,127.1072779204,-33.011583,-40.477480,1,7,2,NONE,AAA_T_JUNCTION,AAA_T_JUNCTION
T_A,mission_T,146,37.2886139103,127.1072782215,-32.984916,-40.419149,1,7,2,NONE,AAA_T_JUNCTION,AAA_T_JUNCTION
T_A,mission_T,147,37.2886145648,127.1072785822,-32.952971,-40.346290,1,7,2,NONE,AAA_T_JUNCTION,AAA_T_JUNCTION
T_A,mission_T,148,37.2886155103,127.1072790543,-32.911159,-40.241037,1,7,2,NONE,AAA_T_JUNCTION,AAA_T_JUNCTION
T_A,mission_T,149,37.2886164956,127.1072795594,-32.866426,-40.131349,1,7,2,NONE,AAA_T_JUNCTION,AAA_T_JUNCTION
T_B,mission_T,0,37.2884604261,127.1071983579,-40.058043,-57.505010,1,7,2,NONE,AAA_T_JUNCTION,AAA_T_JUNCTION
T_B,mission_T,1,37.2884636900,127.1072003338,-39.883047,-57.141673,-1,7,1,NONE,AAA_T_JUNCTION,AAA_T_JUNCTION
T_B,mission_T,2,37.2884647979,127.1072008608,-39.836373,-57.018341,-1,7,1,NONE,AAA_T_JUNCTION,AAA_T_JUNCTION
T_B,mission_T,3,37.2884664598,127.1072016323,-39.768045,-56.833338,-1,7,1,NONE,AAA_T_JUNCTION,AAA_T_JUNCTION
T_B,mission_T,4,37.2884678821,127.1072024415,-39.696379,-56.675008,-1,7,1,NONE,AAA_T_JUNCTION,AAA_T_JUNCTION
T_B,mission_T,5,37.2884695023,127.1072035608,-39.597248,-56.494647,-1,7,1,NONE,AAA_T_JUNCTION,AAA_T_JUNCTION
T_B,mission_T,6,37.2884710112,127.1072044928,-39.514705,-56.326677,-1,7,1,NONE,AAA_T_JUNCTION,AAA_T_JUNCTION
T_B,mission_T,7,37.2884726689,127.1072053942,-39.434872,-56.142141,-1,7,1,NONE,AAA_T_JUNCTION,AAA_T_JUNCTION
T_B,mission_T,8,37.2884743356,127.1072062275,-39.361071,-55.956604,-1,7,1,NONE,AAA_T_JUNCTION,AAA_T_JUNCTION
T_B,mission_T,9,37.2884760244,127.1072070710,-39.286366,-55.768607,-1,7,1,NONE,AAA_T_JUNCTION,AAA_T_JUNCTION
T_B,mission_T,10,37.2884775814,127.1072078050,-39.221360,-55.595282,-1,7,1,NONE,AAA_T_JUNCTION,AAA_T_JUNCTION
T_B,mission_T,11,37.2884793147,127.1072086348,-39.147868,-55.402331,-1,7,1,NONE,AAA_T_JUNCTION,AAA_T_JUNCTION
T_B,mission_T,12,37.2884806551,127.1072091834,-39.099282,-55.253118,-1,7,1,NONE,AAA_T_JUNCTION,AAA_T_JUNCTION
T_B,mission_T,13,37.2884821357,127.1072098886,-39.036825,-55.088297,-1,7,1,NONE,AAA_T_JUNCTION,AAA_T_JUNCTION
T_B,mission_T,14,37.2884835697,127.1072107702,-38.958747,-54.928664,-1,7,1,NONE,AAA_T_JUNCTION,AAA_T_JUNCTION
T_B,mission_T,15,37.2884854117,127.1072119639,-38.853026,-54.723613,-1,7,1,NONE,AAA_T_JUNCTION,AAA_T_JUNCTION
T_B,mission_T,16,37.2884866244,127.1072127731,-38.781359,-54.588615,-1,7,1,NONE,AAA_T_JUNCTION,AAA_T_JUNCTION
T_B,mission_T,17,37.2884879337,127.1072135716,-38.710640,-54.442864,-1,7,1,NONE,AAA_T_JUNCTION,AAA_T_JUNCTION
T_B,mission_T,18,37.2884892897,127.1072144924,-38.629090,-54.291914,-1,7,1,NONE,AAA_T_JUNCTION,AAA_T_JUNCTION
T_B,mission_T,19,37.2884906164,127.1072155961,-38.531342,-54.144221,-1,7,1,NONE,AAA_T_JUNCTION,AAA_T_JUNCTION
T_B,mission_T,20,37.2884918770,127.1072168433,-38.420882,-54.003896,-1,7,1,NONE,AAA_T_JUNCTION,AAA_T_JUNCTION
T_B,mission_T,21,37.2884931083,127.1072180383,-38.315047,-53.866827,-1,7,1,NONE,AAA_T_JUNCTION,AAA_T_JUNCTION
T_B,mission_T,22,37.2884943356,127.1072192275,-38.209725,-53.730204,-1,7,1,NONE,AAA_T_JUNCTION,AAA_T_JUNCTION
T_B,mission_T,23,37.2884956956,127.1072206046,-38.087762,-53.578809,-1,7,1,NONE,AAA_T_JUNCTION,AAA_T_JUNCTION
T_B,mission_T,24,37.2884968178,127.1072216821,-37.992333,-53.453886,-1,7,1,NONE,AAA_T_JUNCTION,AAA_T_JUNCTION
T_B,mission_T,25,37.2884980023,127.1072228575,-37.888234,-53.322027,-1,7,1,NONE,AAA_T_JUNCTION,AAA_T_JUNCTION
T_B,mission_T,26,37.2884989375,127.1072237979,-37.804947,-53.217921,-1,7,1,NONE,AAA_T_JUNCTION,AAA_T_JUNCTION
T_B,mission_T,27,37.2884999661,127.1072246990,-37.725141,-53.103417,-1,7,1,NONE,AAA_T_JUNCTION,AAA_T_JUNCTION
T_B,mission_T,28,37.2885010572,127.1072256002,-37.645326,-52.981956,-1,7,1,NONE,AAA_T_JUNCTION,AAA_T_JUNCTION
T_B,mission_T,29,37.2885021482,127.1072265014,-37.565511,-52.860506,-1,7,1,NONE,AAA_T_JUNCTION,AAA_T_JUNCTION
T_B,mission_T,30,37.2885034574,127.1072274613,-37.480498,-52.714766,-1,7,1,NONE,AAA_T_JUNCTION,AAA_T_JUNCTION
T_B,mission_T,31,37.2885046327,127.1072284799,-37.390285,-52.583931,-1,7,1,NONE,AAA_T_JUNCTION,AAA_T_JUNCTION
T_B,mission_T,32,37.2885054412,127.1072291987,-37.326625,-52.493929,-1,7,1,NONE,AAA_T_JUNCTION,AAA_T_JUNCTION
T_B,mission_T,33,37.2885068412,127.1072306857,-37.194929,-52.338081,-1,7,1,NONE,AAA_T_JUNCTION,AAA_T_JUNCTION
T_B,mission_T,34,37.2885080046,127.1072321728,-37.063223,-52.208571,-1,7,1,NONE,AAA_T_JUNCTION,AAA_T_JUNCTION
T_B,mission_T,35,37.2885094243,127.1072343539,-36.870054,-52.050530,-1,7,1,NONE,AAA_T_JUNCTION,AAA_T_JUNCTION
T_B,mission_T,36,37.2885103510,127.1072361879,-36.707626,-51.947370,-1,7,1,NONE,AAA_T_JUNCTION,AAA_T_JUNCTION
T_B,mission_T,37,37.2885109728,127.1072376679,-36.576549,-51.878151,-1,7,1,NONE,AAA_T_JUNCTION,AAA_T_JUNCTION
T_B,mission_T,38,37.2885114968,127.1072391922,-36.441550,-51.819820,-1,7,1,NONE,AAA_T_JUNCTION,AAA_T_JUNCTION
T_B,mission_T,39,37.2885119160,127.1072405660,-36.319879,-51.773154,-1,7,1,NONE,AAA_T_JUNCTION,AAA_T_JUNCTION
T_B,mission_T,40,37.2885124251,127.1072425984,-36.139879,-51.716481,-1,7,1,NONE,AAA_T_JUNCTION,AAA_T_JUNCTION
T_B,mission_T,41,37.2885127844,127.1072447249,-35.951546,-51.676484,-1,7,1,NONE,AAA_T_JUNCTION,AAA_T_JUNCTION
T_B,mission_T,42,37.2885129828,127.1072474552,-35.709736,-51.654398,-1,7,1,NONE,AAA_T_JUNCTION,AAA_T_JUNCTION
T_B,mission_T,43,37.2885129477,127.1072501737,-35.468972,-51.658305,-1,7,1,NONE,AAA_T_JUNCTION,AAA_T_JUNCTION
T_B,mission_T,44,37.2885127803,127.1072530824,-35.211363,-51.676940,-1,7,1,NONE,AAA_T_JUNCTION,AAA_T_JUNCTION
T_B,mission_T,45,37.2885123146,127.1072558096,-34.969828,-51.728782,-1,7,1,NONE,AAA_T_JUNCTION,AAA_T_JUNCTION
T_B,mission_T,46,37.2885118399,127.1072577103,-34.801493,-51.781626,-1,7,1,NONE,AAA_T_JUNCTION,AAA_T_JUNCTION
T_B,mission_T,47,37.2885109959,127.1072601857,-34.582259,-51.875580,-1,7,1,NONE,AAA_T_JUNCTION,AAA_T_JUNCTION
T_B,mission_T,48,37.2885103980,127.1072615560,-34.460898,-51.942138,-1,7,1,NONE,AAA_T_JUNCTION,AAA_T_JUNCTION
T_B,mission_T,49,37.2885097987,127.1072629498,-34.337453,-52.008851,-1,7,1,NONE,AAA_T_JUNCTION,AAA_T_JUNCTION
T_B,mission_T,50,37.2885090667,127.1072645389,-34.196713,-52.090332,-1,7,1,NONE,AAA_T_JUNCTION,AAA_T_JUNCTION
T_B,mission_T,51,37.2885083514,127.1072664208,-34.030046,-52.169962,-1,7,1,NONE,AAA_T_JUNCTION,AAA_T_JUNCTION
T_B,mission_T,52,37.2885075023,127.1072683942,-33.855272,-52.264487,-1,7,1,NONE,AAA_T_JUNCTION,AAA_T_JUNCTION
T_B,mission_T,53,37.2885068356,127.1072698942,-33.722424,-52.338704,-1,7,1,NONE,AAA_T_JUNCTION,AAA_T_JUNCTION
T_B,mission_T,54,37.2885061715,127.1072714555,-33.584148,-52.412632,-1,7,1,NONE,AAA_T_JUNCTION,AAA_T_JUNCTION
T_B,mission_T,55,37.2885055321,127.1072728419,-33.461361,-52.483810,-1,7,1,NONE,AAA_T_JUNCTION,AAA_T_JUNCTION
T_B,mission_T,56,37.2885048760,127.1072745671,-33.308569,-52.556847,-1,7,1,NONE,AAA_T_JUNCTION,AAA_T_JUNCTION
T_B,mission_T,57,37.2885043192,127.1072762929,-33.155723,-52.618830,-1,7,1,NONE,AAA_T_JUNCTION,AAA_T_JUNCTION
T_B,mission_T,58,37.2885039336,127.1072777243,-33.028951,-52.661755,-1,7,1,NONE,AAA_T_JUNCTION,AAA_T_JUNCTION
T_B,mission_T,59,37.2885035180,127.1072792915,-32.890152,-52.708020,-1,7,1,NONE,AAA_T_JUNCTION,AAA_T_JUNCTION
T_B,mission_T,60,37.2885030384,127.1072814213,-32.701526,-52.761409,-1,7,1,NONE,AAA_T_JUNCTION,AAA_T_JUNCTION
T_B,mission_T,61,37.2885027445,127.1072836026,-32.508339,-52.794126,-1,7,1,NONE,AAA_T_JUNCTION,AAA_T_JUNCTION
T_B,mission_T,62,37.2885029628,127.1072819368,-32.655871,-52.769825,1,7,2,NONE,AAA_T_JUNCTION,AAA_T_JUNCTION
T_B,mission_T,63,37.2885032277,127.1072799701,-32.830046,-52.740332,1,7,2,NONE,AAA_T_JUNCTION,AAA_T_JUNCTION
T_B,mission_T,64,37.2885036436,127.1072780465,-33.000416,-52.694036,1,7,2,NONE,AAA_T_JUNCTION,AAA_T_JUNCTION
T_B,mission_T,65,37.2885039430,127.1072760182,-33.180046,-52.660702,1,7,2,NONE,AAA_T_JUNCTION,AAA_T_JUNCTION
T_B,mission_T,66,37.2885044421,127.1072738227,-33.374490,-52.605147,1,7,2,NONE,AAA_T_JUNCTION,AAA_T_JUNCTION
T_B,mission_T,67,37.2885050077,127.1072716482,-33.567083,-52.542184,1,7,2,NONE,AAA_T_JUNCTION,AAA_T_JUNCTION
T_B,mission_T,68,37.2885054901,127.1072698081,-33.730046,-52.488480,1,7,2,NONE,AAA_T_JUNCTION,AAA_T_JUNCTION
T_B,mission_T,69,37.2885060058,127.1072679263,-33.896713,-52.431073,1,7,2,NONE,AAA_T_JUNCTION,AAA_T_JUNCTION
T_B,mission_T,70,37.2885064882,127.1072665044,-34.022639,-52.377369,1,7,2,NONE,AAA_T_JUNCTION,AAA_T_JUNCTION
T_B,mission_T,71,37.2885072867,127.1072644344,-34.205972,-52.288480,1,7,2,NONE,AAA_T_JUNCTION,AAA_T_JUNCTION
T_B,mission_T,72,37.2885078856,127.1072627198,-34.357824,-52.221813,1,7,2,NONE,AAA_T_JUNCTION,AAA_T_JUNCTION
T_B,mission_T,73,37.2885084845,127.1072611934,-34.493009,-52.155147,1,7,2,NONE,AAA_T_JUNCTION,AAA_T_JUNCTION
T_B,mission_T,74,37.2885093662,127.1072591025,-34.678194,-52.056999,1,7,2,NONE,AAA_T_JUNCTION,AAA_T_JUNCTION
T_B,mission_T,75,37.2885102811,127.1072573670,-34.831898,-51.955147,1,7,2,NONE,AAA_T_JUNCTION,AAA_T_JUNCTION
T_B,mission_T,76,37.2885111441,127.1072558380,-34.967313,-51.859082,1,7,2,NONE,AAA_T_JUNCTION,AAA_T_JUNCTION
T_B,mission_T,77,37.2885123632,127.1072536430,-35.161713,-51.723372,1,7,2,NONE,AAA_T_JUNCTION,AAA_T_JUNCTION
T_B,mission_T,78,37.2885134341,127.1072520485,-35.302930,-51.604159,1,7,2,NONE,AAA_T_JUNCTION,AAA_T_JUNCTION
T_B,mission_T,79,37.2885146038,127.1072505783,-35.433139,-51.473948,1,7,2,NONE,AAA_T_JUNCTION,AAA_T_JUNCTION
T_B,mission_T,80,37.2885156746,127.1072493980,-35.537672,-51.354747,1,7,2,NONE,AAA_T_JUNCTION,AAA_T_JUNCTION
T_B,mission_T,81,37.2885168356,127.1072482275,-35.641338,-51.225504,1,7,2,NONE,AAA_T_JUNCTION,AAA_T_JUNCTION
T_B,mission_T,82,37.2885180140,127.1072471616,-35.735739,-51.094325,1,7,2,NONE,AAA_T_JUNCTION,AAA_T_JUNCTION
T_B,mission_T,83,37.2885193979,127.1072460641,-35.832939,-50.940269,1,7,2,NONE,AAA_T_JUNCTION,AAA_T_JUNCTION
T_B,mission_T,84,37.2885207488,127.1072451737,-35.911798,-50.789887,1,7,2,NONE,AAA_T_JUNCTION,AAA_T_JUNCTION
T_B,mission_T,85,37.2885221326,127.1072444489,-35.975990,-50.635842,1,7,2,NONE,AAA_T_JUNCTION,AAA_T_JUNCTION
T_B,mission_T,86,37.2885236483,127.1072438484,-36.029173,-50.467115,1,7,2,NONE,AAA_T_JUNCTION,AAA_T_JUNCTION
T_B,mission_T,87,37.2885253356,127.1072433942,-36.069399,-50.279284,1,7,2,NONE,AAA_T_JUNCTION,AAA_T_JUNCTION
T_B,mission_T,88,37.2885273356,127.1072430608,-36.098927,-50.056644,1,7,2,NONE,AAA_T_JUNCTION,AAA_T_JUNCTION
T_B,mission_T,89,37.2885288356,127.1072428942,-36.113682,-49.889664,1,7,2,NONE,AAA_T_JUNCTION,AAA_T_JUNCTION
T_B,mission_T,90,37.2885305023,127.1072427275,-36.128446,-49.704127,1,7,2,NONE,AAA_T_JUNCTION,AAA_T_JUNCTION
T_B,mission_T,91,37.2885324622,127.1072425024,-36.148382,-49.485951,1,7,2,NONE,AAA_T_JUNCTION,AAA_T_JUNCTION
T_B,mission_T,92,37.2885343356,127.1072423942,-36.157964,-49.277404,1,7,2,NONE,AAA_T_JUNCTION,AAA_T_JUNCTION
T_B,mission_T,93,37.2885361689,127.1072423942,-36.157964,-49.073321,1,7,2,NONE,AAA_T_JUNCTION,AAA_T_JUNCTION
T_B,mission_T,94,37.2885381689,127.1072425608,-36.143209,-48.850681,1,7,2,NONE,AAA_T_JUNCTION,AAA_T_JUNCTION
T_B,mission_T,95,37.2885400023,127.1072427275,-36.128446,-48.646587,1,7,2,NONE,AAA_T_JUNCTION,AAA_T_JUNCTION
T_B,mission_T,96,37.2885418356,127.1072428942,-36.113682,-48.442504,1,7,2,NONE,AAA_T_JUNCTION,AAA_T_JUNCTION
T_B,mission_T,97,37.2885436689,127.1072428942,-36.113682,-48.238421,1,7,2,NONE,AAA_T_JUNCTION,AAA_T_JUNCTION
T_B,mission_T,98,37.2885454440,127.1072430684,-36.098254,-48.040817,1,7,2,NONE,AAA_T_JUNCTION,AAA_T_JUNCTION
T_B,mission_T,99,37.2885471689,127.1072433942,-36.069399,-47.848801,1,7,2,NONE,AAA_T_JUNCTION,AAA_T_JUNCTION
T_B,mission_T,100,37.2885490023,127.1072438942,-36.025117,-47.644707,1,7,2,NONE,AAA_T_JUNCTION,AAA_T_JUNCTION
T_B,mission_T,101,37.2885508356,127.1072443942,-35.980834,-47.440624,1,7,2,NONE,AAA_T_JUNCTION,AAA_T_JUNCTION
T_B,mission_T,102,37.2885526689,127.1072448942,-35.936552,-47.236541,1,7,2,NONE,AAA_T_JUNCTION,AAA_T_JUNCTION
T_B,mission_T,103,37.2885546689,127.1072453942,-35.892269,-47.013901,1,7,2,NONE,AAA_T_JUNCTION,AAA_T_JUNCTION
T_B,mission_T,104,37.2885565023,127.1072458942,-35.847986,-46.809807,1,7,2,NONE,AAA_T_JUNCTION,AAA_T_JUNCTION
T_B,mission_T,105,37.2885583356,127.1072465608,-35.788949,-46.605724,1,7,2,NONE,AAA_T_JUNCTION,AAA_T_JUNCTION
T_B,mission_T,106,37.2885601689,127.1072473942,-35.715139,-46.401641,1,7,2,NONE,AAA_T_JUNCTION,AAA_T_JUNCTION
T_B,mission_T,107,37.2885621975,127.1072482812,-35.636582,-46.175818,1,7,2,NONE,AAA_T_JUNCTION,AAA_T_JUNCTION
T_B,mission_T,108,37.2885638356,127.1072488942,-35.582291,-45.993464,1,7,2,NONE,AAA_T_JUNCTION,AAA_T_JUNCTION
T_B,mission_T,109,37.2885656689,127.1072495608,-35.523254,-45.789381,1,7,2,NONE,AAA_T_JUNCTION,AAA_T_JUNCTION
T_B,mission_T,110,37.2885675023,127.1072502275,-35.464207,-45.585287,1,7,2,NONE,AAA_T_JUNCTION,AAA_T_JUNCTION
T_B,mission_T,111,37.2885693391,127.1072511980,-35.378255,-45.380815,1,7,2,NONE,AAA_T_JUNCTION,AAA_T_JUNCTION
T_B,mission_T,112,37.2885711689,127.1072520608,-35.301841,-45.177121,1,7,2,NONE,AAA_T_JUNCTION,AAA_T_JUNCTION
T_B,mission_T,113,37.2885730023,127.1072528942,-35.228031,-44.973027,1,7,2,NONE,AAA_T_JUNCTION,AAA_T_JUNCTION
T_B,mission_T,114,37.2885746689,127.1072537275,-35.154230,-44.787501,1,7,2,NONE,AAA_T_JUNCTION,AAA_T_JUNCTION
T_B,mission_T,115,37.2885764807,127.1072543596,-35.098248,-44.585812,1,7,2,NONE,AAA_T_JUNCTION,AAA_T_JUNCTION
T_B,mission_T,116,37.2885781689,127.1072550608,-35.036146,-44.397881,1,7,2,NONE,AAA_T_JUNCTION,AAA_T_JUNCTION
T_B,mission_T,117,37.2885797595,127.1072556957,-34.979916,-44.220816,1,7,2,NONE,AAA_T_JUNCTION,AAA_T_JUNCTION
T_B,mission_T,118,37.2885815023,127.1072565608,-34.903298,-44.026807,1,7,2,NONE,AAA_T_JUNCTION,AAA_T_JUNCTION
T_B,mission_T,119,37.2885833356,127.1072575608,-34.814733,-43.822724,1,7,2,NONE,AAA_T_JUNCTION,AAA_T_JUNCTION
T_B,mission_T,120,37.2885850023,127.1072583942,-34.740923,-43.637187,1,7,2,NONE,AAA_T_JUNCTION,AAA_T_JUNCTION
T_B,mission_T,121,37.2885868356,127.1072592275,-34.667122,-43.433104,1,7,2,NONE,AAA_T_JUNCTION,AAA_T_JUNCTION
T_B,mission_T,122,37.2885885023,127.1072602275,-34.578557,-43.247567,1,7,2,NONE,AAA_T_JUNCTION,AAA_T_JUNCTION
T_B,mission_T,123,37.2885902847,127.1072613224,-34.481587,-43.049151,1,7,2,NONE,AAA_T_JUNCTION,AAA_T_JUNCTION
T_B,mission_T,124,37.2885920023,127.1072622275,-34.401426,-42.857947,1,7,2,NONE,AAA_T_JUNCTION,AAA_T_JUNCTION
T_B,mission_T,125,37.2885936689,127.1072633942,-34.298098,-42.672421,1,7,2,NONE,AAA_T_JUNCTION,AAA_T_JUNCTION
T_B,mission_T,126,37.2885953356,127.1072643942,-34.209532,-42.486884,1,7,2,NONE,AAA_T_JUNCTION,AAA_T_JUNCTION
T_B,mission_T,127,37.2885970023,127.1072652275,-34.135731,-42.301347,1,7,2,NONE,AAA_T_JUNCTION,AAA_T_JUNCTION
T_B,mission_T,128,37.2885985473,127.1072660541,-34.062523,-42.129358,1,7,2,NONE,AAA_T_JUNCTION,AAA_T_JUNCTION
T_B,mission_T,129,37.2886001343,127.1072670891,-33.970858,-41.952693,1,7,2,NONE,AAA_T_JUNCTION,AAA_T_JUNCTION
T_B,mission_T,130,37.2886016689,127.1072680608,-33.884800,-41.781861,1,7,2,NONE,AAA_T_JUNCTION,AAA_T_JUNCTION
T_B,mission_T,131,37.2886033356,127.1072693942,-33.766707,-41.596324,1,7,2,NONE,AAA_T_JUNCTION,AAA_T_JUNCTION
T_B,mission_T,132,37.2886042924,127.1072700293,-33.710459,-41.489813,1,7,2,NONE,AAA_T_JUNCTION,AAA_T_JUNCTION
T_B,mission_T,133,37.2886052121,127.1072707072,-33.650421,-41.387432,1,7,2,NONE,AAA_T_JUNCTION,AAA_T_JUNCTION
T_B,mission_T,134,37.2886061011,127.1072714194,-33.587345,-41.288469,1,7,2,NONE,AAA_T_JUNCTION,AAA_T_JUNCTION
T_B,mission_T,135,37.2886069655,127.1072721575,-33.521975,-41.192244,1,7,2,NONE,AAA_T_JUNCTION,AAA_T_JUNCTION
T_B,mission_T,136,37.2886078119,127.1072729129,-33.455073,-41.098023,1,7,2,NONE,AAA_T_JUNCTION,AAA_T_JUNCTION
T_B,mission_T,137,37.2886086464,127.1072736773,-33.387374,-41.005126,1,7,2,NONE,AAA_T_JUNCTION,AAA_T_JUNCTION
T_B,mission_T,138,37.2886094754,127.1072744421,-33.319639,-40.912842,1,7,2,NONE,AAA_T_JUNCTION,AAA_T_JUNCTION
T_B,mission_T,139,37.2886103053,127.1072751989,-33.252613,-40.820457,1,7,2,NONE,AAA_T_JUNCTION,AAA_T_JUNCTION
T_B,mission_T,140,37.2886111424,127.1072759392,-33.187049,-40.727271,1,7,2,NONE,AAA_T_JUNCTION,AAA_T_JUNCTION
T_B,mission_T,141,37.2886119929,127.1072766545,-33.123698,-40.632594,1,7,2,NONE,AAA_T_JUNCTION,AAA_T_JUNCTION
T_B,mission_T,142,37.2886128632,127.1072773365,-33.063297,-40.535712,1,7,2,NONE,AAA_T_JUNCTION,AAA_T_JUNCTION
T_B,mission_T,143,37.2886137596,127.1072779765,-33.006615,-40.435925,1,7,2,NONE,AAA_T_JUNCTION,AAA_T_JUNCTION
T_B,mission_T,144,37.2886146885,127.1072785663,-32.954379,-40.332520,1,7,2,NONE,AAA_T_JUNCTION,AAA_T_JUNCTION
T_B,mission_T,145,37.2886156562,127.1072790972,-32.907360,-40.224795,1,7,2,NONE,AAA_T_JUNCTION,AAA_T_JUNCTION
T_B,mission_T,146,37.2886164806,127.1072795405,-32.868093,-40.133016,1,7,2,NONE,AAA_T_JUNCTION,AAA_T_JUNCTION
COMMON_2,,0,37.2886232158,127.1072852853,-32.359311,-39.383255,1,8,2,NONE,,
COMMON_2,,1,37.2886261512,127.1072888381,-32.044652,-39.056494,1,8,2,NONE,,
COMMON_2,,2,37.2886289778,127.1072911611,-31.838914,-38.741835,1,8,2,NONE,,
COMMON_2,,3,37.2886310434,127.1072936208,-31.621073,-38.511893,1,8,2,NONE,,
COMMON_2,,4,37.2886330003,127.1072955339,-31.451642,-38.294052,1,8,2,NONE,,
COMMON_2,,5,37.2886350659,127.1072974470,-31.282210,-38.064109,1,8,2,NONE,,
COMMON_2,,6,37.2886370227,127.1072993600,-31.112779,-37.846269,1,8,2,NONE,,
COMMON_2,,7,37.2886386535,127.1073011365,-30.955450,-37.664735,1,8,2,NONE,,
COMMON_2,,8,37.2886407920,127.1073032059,-30.772169,-37.426671,1,8,2,NONE,,
COMMON_2,,9,37.2886433566,127.1073050683,-30.607223,-37.141188,1,8,2,NONE,,
COMMON_2,,10,37.2886458641,127.1073072173,-30.416901,-36.862049,1,8,2,NONE,,
COMMON_2,,11,37.2886479727,127.1073097960,-30.188514,-36.627318,1,8,2,NONE,,
COMMON_2,,12,37.2886495183,127.1073121531,-29.979762,-36.455260,1,8,2,NONE,,
COMMON_2,,13,37.2886507194,127.1073142288,-29.795926,-36.321561,1,8,2,NONE,,
COMMON_2,,14,37.2886516702,127.1073161787,-29.623231,-36.215716,1,8,2,NONE,,
COMMON_2,,15,37.2886525209,127.1073177512,-29.483961,-36.121012,1,8,2,NONE,,
COMMON_2,,16,37.2886536219,127.1073196382,-29.316837,-35.998455,1,8,2,NONE,,
COMMON_2,,17,37.2886548637,127.1073220980,-29.098984,-35.860214,1,8,2,NONE,,
COMMON_2,,18,37.2886559677,127.1073242650,-28.907064,-35.737317,1,8,2,NONE,,
COMMON_2,,19,37.2886568599,127.1073261660,-28.738710,-35.637997,1,8,2,NONE,,
COMMON_2,,20,37.2886576614,127.1073281809,-28.560260,-35.548774,1,8,2,NONE,,
COMMON_2,,21,37.2886583269,127.1073302337,-28.378445,-35.474690,1,8,2,NONE,,
COMMON_2,,22,37.2886588438,127.1073325172,-28.176207,-35.417149,1,8,2,NONE,,
COMMON_2,,23,37.2886591582,127.1073348507,-27.969540,-35.382150,1,8,2,NONE,,
COMMON_2,,24,37.2886595025,127.1073370148,-27.777877,-35.343823,1,8,2,NONE,,
COMMON_2,,25,37.2886597637,127.1073392428,-27.580562,-35.314746,1,8,2,NONE,,
COMMON_2,,26,37.2886599304,127.1073417427,-27.359150,-35.296189,1,8,2,NONE,,
COMMON_2,,27,37.2886599304,127.1073437428,-27.182019,-35.296189,1,8,2,NONE,,
COMMON_2,,28,37.2886597637,127.1073460760,-26.975371,-35.314746,1,8,2,NONE,,
COMMON_2,,29,37.2886594304,127.1073482427,-26.783477,-35.351849,1,8,2,NONE,,
COMMON_2,,30,37.2886590970,127.1073504094,-26.591591,-35.388963,1,8,2,NONE,,
COMMON_2,,31,37.2886589304,127.1073524094,-26.414461,-35.407509,1,8,2,NONE,,
COMMON_2,,32,37.2886586583,127.1073547170,-26.210080,-35.437799,1,8,2,NONE,,
COMMON_2,,33,37.2886583948,127.1073566802,-26.036209,-35.467132,1,8,2,NONE,,
COMMON_2,,34,37.2886579304,127.1073589094,-25.838788,-35.518829,1,8,2,NONE,,
COMMON_2,,35,37.2886572637,127.1073612427,-25.632131,-35.593046,1,8,2,NONE,,
COMMON_2,,36,37.2886565970,127.1073635760,-25.425482,-35.667263,1,8,2,NONE,,
COMMON_2,,37,37.2886559304,127.1073657427,-25.233588,-35.741469,1,8,2,NONE,,
COMMON_2,,38,37.2886553839,127.1073682466,-25.011830,-35.802305,1,8,2,NONE,,
COMMON_2,,39,37.2886547637,127.1073705760,-24.805526,-35.871346,1,8,2,NONE,,
COMMON_2,,40,37.2886540970,127.1073729093,-24.598877,-35.945563,1,8,2,NONE,,
COMMON_2,,41,37.2886530970,127.1073754092,-24.377473,-36.056883,1,8,2,NONE,,
COMMON_2,,42,37.2886522637,127.1073779093,-24.156052,-36.149646,1,8,2,NONE,,
COMMON_2,,43,37.2886514304,127.1073804093,-23.934639,-36.242409,1,8,2,NONE,,
COMMON_2,,44,37.2886498411,127.1073848716,-23.539436,-36.419328,1,8,2,NONE,,
COMMON_2,,45,37.2886489657,127.1073872263,-23.330891,-36.516778,1,8,2,NONE,,
COMMON_2,,46,37.2886477991,127.1073895596,-23.124242,-36.646644,1,8,2,NONE,,
COMMON_2,,47,37.2886464657,127.1073918930,-22.917585,-36.795078,1,8,2,NONE,,
COMMON_2,,48,37.2886454657,127.1073940597,-22.725691,-36.906398,1,8,2,NONE,,
COMMON_2,,49,37.2886442991,127.1073965597,-22.504278,-37.036264,1,8,2,NONE,,
COMMON_2,,50,37.2886431324,127.1073988930,-22.297629,-37.166141,1,8,2,NONE,,
COMMON_2,,51,37.2886419657,127.1074010597,-22.105735,-37.296018,1,8,2,NONE,,
COMMON_2,,52,37.2886407991,127.1074032264,-21.913841,-37.425884,1,8,2,NONE,,
COMMON_2,,53,37.2886397991,127.1074055597,-21.707192,-37.537204,1,8,2,NONE,,
COMMON_2,,54,37.2886387274,127.1074075733,-21.528860,-37.656510,1,8,2,NONE,,
COMMON_2,,55,37.2886376424,127.1074095430,-21.354411,-37.777283,1,8,2,NONE,,
COMMON_2,,56,37.2886366379,127.1074113613,-21.193381,-37.889109,1,8,2,NONE,,
COMMON_2,,57,37.2886356735,127.1074130279,-21.045770,-37.996462,1,8,2,NONE,,
COMMON_2,,58,37.2886343073,127.1074150482,-20.866848,-38.148546,1,8,2,NONE,,
COMMON_2,,59,37.2886331421,127.1074167654,-20.714764,-38.278265,1,8,2,NONE,,
COMMON_2,,60,37.2886322581,127.1074179270,-20.611883,-38.376672,1,8,2,NONE,,
COMMON_2,,61,37.2886312485,127.1074192131,-20.497984,-38.489055,1,8,2,NONE,,
COMMON_2,,62,37.2886300053,127.1074207757,-20.359590,-38.627449,1,8,2,NONE,,
COMMON_2,,63,37.2886290285,127.1074220593,-20.245909,-38.736188,1,8,2,NONE,,
COMMON_2,,64,37.2886277853,127.1074238451,-20.087744,-38.874582,1,8,2,NONE,,
COMMON_2,,65,37.2886262313,127.1074257984,-19.914751,-39.047575,1,8,2,NONE,,
COMMON_2,,66,37.2886243664,127.1074280308,-19.717044,-39.255167,1,8,2,NONE,,
COMMON_2,,67,37.2886225575,127.1074298229,-19.558322,-39.456544,1,8,2,NONE,,
COMMON_2,,68,37.2886208182,127.1074315623,-19.404271,-39.650154,1,8,2,NONE,,
COMMON_2,,69,37.2886189902,127.1074330593,-19.271689,-39.853647,1,8,2,NONE,,
COMMON_2,,70,37.2886171568,127.1074345593,-19.138841,-40.057741,1,8,2,NONE,,
COMMON_2,,71,37.2886154902,127.1074357259,-19.035521,-40.243267,1,8,2,NONE,,
COMMON_2,,72,37.2886137016,127.1074369543,-18.926728,-40.442374,1,8,2,NONE,,
COMMON_2,,73,37.2886119162,127.1074382321,-18.813560,-40.641125,1,8,2,NONE,,
COMMON_2,,74,37.2886099902,127.1074393926,-18.710780,-40.855527,1,8,2,NONE,,
COMMON_2,,75,37.2886082882,127.1074401668,-18.642214,-41.044996,1,8,2,NONE,,
COMMON_2,,76,37.2886066755,127.1074408425,-18.582371,-41.224527,1,8,2,NONE,,
COMMON_2,,77,37.2886046787,127.1074417113,-18.505429,-41.446804,1,8,2,NONE,,
COMMON_2,,78,37.2886024516,127.1074425318,-18.432762,-41.694727,1,8,2,NONE,,
COMMON_2,,79,37.2886006085,127.1074429179,-18.398565,-41.899905,1,8,2,NONE,,
COMMON_2,,80,37.2885993029,127.1074432557,-18.368643,-42.045240,1,8,2,NONE,,
COMMON_2,,81,37.2885966150,127.1074439314,-18.308800,-42.344458,1,8,2,NONE,,
COMMON_2,,82,37.2885930823,127.1074446554,-18.244682,-42.737716,1,8,2,NONE,,
COMMON_2,,83,37.2885910356,127.1074450709,-18.207880,-42.965553,1,8,2,NONE,,
COMMON_2,,84,37.2885893983,127.1074454289,-18.176181,-43.147821,1,8,2,NONE,,
COMMON_2,,85,37.2885876186,127.1074456525,-18.156370,-43.345938,1,8,2,NONE,,
COMMON_2,,86,37.2885858389,127.1074457420,-18.148445,-43.544055,1,8,2,NONE,,
COMMON_2,,87,37.2885838989,127.1074455977,-18.161226,-43.760012,1,8,2,NONE,,
COMMON_2,,88,37.2885817322,127.1074454310,-18.175990,-44.001209,1,8,2,NONE,,
COMMON_2,,89,37.2885795655,127.1074449310,-18.220273,-44.242406,1,8,2,NONE,,
COMMON_2,,90,37.2885773989,127.1074442644,-18.279310,-44.483592,1,8,2,NONE,,
COMMON_2,,91,37.2885750655,127.1074435977,-18.338357,-44.743346,1,8,2,NONE,,
COMMON_2,,92,37.2885730655,127.1074429310,-18.397403,-44.965986,1,8,2,NONE,,
COMMON_2,,93,37.2885709984,127.1074423178,-18.451711,-45.196096,1,8,2,NONE,,
COMMON_2,,94,37.2885687322,127.1074415977,-18.515487,-45.448369,1,8,2,NONE,,
COMMON_2,,95,37.2885665655,127.1074405977,-18.604052,-45.689566,1,8,2,NONE,,
COMMON_2,,96,37.2885643989,127.1074395977,-18.692617,-45.930752,1,8,2,NONE,,
COMMON_2,,97,37.2885623989,127.1074387644,-18.766418,-46.153392,1,8,2,NONE,,
COMMON_2,,98,37.2885600655,127.1074380977,-18.825465,-46.413146,1,8,2,NONE,,
COMMON_2,,99,37.2885580655,127.1074372644,-18.899266,-46.635786,1,8,2,NONE,,
COMMON_2,,100,37.2885560655,127.1074362644,-18.987831,-46.858426,1,8,2,NONE,,
COMMON_2,,101,37.2885537322,127.1074350977,-19.091160,-47.118169,1,8,2,NONE,,
COMMON_2,,102,37.2885515655,127.1074342644,-19.164961,-47.359366,1,8,2,NONE,,
COMMON_2,,103,37.2885495655,127.1074332644,-19.253526,-47.582006,1,8,2,NONE,,
COMMON_2,,104,37.2885472322,127.1074324310,-19.327336,-47.841749,1,8,2,NONE,,
COMMON_2,,105,37.2885450655,127.1074314310,-19.415901,-48.082946,1,8,2,NONE,,
COMMON_2,,106,37.2885428989,127.1074304310,-19.504467,-48.324132,1,8,2,NONE,,
COMMON_2,,107,37.2885407322,127.1074292644,-19.607787,-48.565329,1,8,2,NONE,,
COMMON_2,,108,37.2885386836,127.1074283954,-19.684750,-48.793379,1,8,2,NONE,,
COMMON_2,,109,37.2885365655,127.1074275977,-19.755398,-49.029166,1,8,2,NONE,,
COMMON_2,,110,37.2885343379,127.1074265883,-19.844796,-49.277142,1,8,2,NONE,,
COMMON_2,,111,37.2885322322,127.1074257644,-19.917764,-49.511549,1,8,2,NONE,,
COMMON_2,,112,37.2885298989,127.1074244310,-20.035857,-49.771292,1,8,2,NONE,,
COMMON_2,,113,37.2885277322,127.1074232644,-20.139177,-50.012489,1,8,2,NONE,,
COMMON_2,,114,37.2885255655,127.1074222645,-20.227733,-50.253686,1,8,2,NONE,,
COMMON_2,,115,37.2885233989,127.1074212644,-20.316307,-50.494872,1,8,2,NONE,,
COMMON_2,,116,37.2885213989,127.1074202644,-20.404872,-50.717512,1,8,2,NONE,,
COMMON_2,,117,37.2885192322,127.1074190978,-20.508192,-50.958709,1,8,2,NONE,,
COMMON_2,,118,37.2885172322,127.1074179311,-20.611521,-51.181349,1,8,2,NONE,,
COMMON_2,,119,37.2885149948,127.1074166085,-20.728657,-51.430416,1,8,2,NONE,,
COMMON_2,,120,37.2885130344,127.1074158282,-20.797765,-51.648648,1,8,2,NONE,,
COMMON_2,,121,37.2885112322,127.1074150977,-20.862462,-51.849269,1,8,2,NONE,,
COMMON_2,,122,37.2885092322,127.1074139310,-20.965790,-52.071909,1,8,2,NONE,,
COMMON_2,,123,37.2885072322,127.1074127644,-21.069110,-52.294549,1,8,2,NONE,,
COMMON_2,,124,37.2885052322,127.1074115977,-21.172439,-52.517189,1,8,2,NONE,,
COMMON_2,,125,37.2885030655,127.1074102645,-21.290514,-52.758386,1,8,2,NONE,,
COMMON_2,,126,37.2885008989,127.1074092644,-21.379088,-52.999572,1,8,2,NONE,,
COMMON_2,,127,37.2884988989,127.1074080978,-21.482408,-53.222212,1,8,2,NONE,,
COMMON_2,,128,37.2884968989,127.1074069311,-21.585737,-53.444852,1,8,2,NONE,,
COMMON_2,,129,37.2884947322,127.1074055978,-21.703821,-53.686049,1,8,2,NONE,,
COMMON_2,,130,37.2884924692,127.1074046698,-21.786009,-53.937966,1,8,2,NONE,,
COMMON_2,,131,37.2884903989,127.1074037645,-21.866187,-54.168432,1,8,2,NONE,,
COMMON_2,,132,37.2884882322,127.1074029310,-21.940006,-54.409629,1,8,2,NONE,,
COMMON_2,,133,37.2884850655,127.1074014311,-22.072845,-54.762146,1,8,2,NONE,,
COMMON_2,,134,37.2884828989,127.1074005977,-22.146655,-55.003332,1,8,2,NONE,,
COMMON_2,,135,37.2884807359,127.1073995690,-22.237762,-55.244117,1,8,2,NONE,,
COMMON_2,,136,37.2884785655,127.1073987644,-22.309022,-55.485726,1,8,2,NONE,,
COMMON_2,,137,37.2884766190,127.1073979426,-22.381804,-55.702410,1,8,2,NONE,,
COMMON_2,,138,37.2884743989,127.1073969311,-22.471388,-55.949552,1,8,2,NONE,,
COMMON_2,,139,37.2884722322,127.1073957645,-22.574708,-56.190749,1,8,2,NONE,,
COMMON_2,,140,37.2884700655,127.1073945978,-22.678037,-56.431946,1,8,2,NONE,,
COMMON_2,,141,37.2884680655,127.1073935978,-22.766602,-56.654586,1,8,2,NONE,,
COMMON_2,,142,37.2884657322,127.1073925978,-22.855167,-56.914329,1,8,2,NONE,,
COMMON_2,,143,37.2884637322,127.1073915978,-22.943732,-57.136969,1,8,2,NONE,,
COMMON_2,,144,37.2884615655,127.1073900978,-23.076580,-57.378166,1,8,2,NONE,,
COMMON_2,,145,37.2884593989,127.1073885977,-23.209436,-57.619352,1,8,2,NONE,,
COMMON_2,,146,37.2884573989,127.1073874311,-23.312756,-57.841992,1,8,2,NONE,,
COMMON_2,,147,37.2884550655,127.1073862645,-23.416076,-58.101746,1,8,2,NONE,,
COMMON_2,,148,37.2884530655,127.1073849311,-23.534169,-58.324386,1,8,2,NONE,,
COMMON_2,,149,37.2884510655,127.1073835978,-23.652253,-58.547026,1,8,2,NONE,,
COMMON_2,,150,37.2884487322,127.1073820977,-23.785109,-58.806769,1,8,2,NONE,,
COMMON_2,,151,37.2884465655,127.1073807645,-23.903184,-59.047966,1,8,2,NONE,,
COMMON_2,,152,37.2884443989,127.1073795978,-24.006513,-59.289152,1,8,2,NONE,,
COMMON_2,,153,37.2884422322,127.1073785978,-24.095078,-59.530349,1,8,2,NONE,,
COMMON_2,,154,37.2884402322,127.1073774311,-24.198407,-59.752989,1,8,2,NONE,,
COMMON_2,,155,37.2884382322,127.1073760978,-24.316491,-59.975629,1,8,2,NONE,,
COMMON_2,,156,37.2884360655,127.1073747645,-24.434575,-60.216826,1,8,2,NONE,,
COMMON_2,,157,37.2884338989,127.1073734311,-24.552667,-60.458012,1,8,2,NONE,,
COMMON_2,,158,37.2884318989,127.1073722645,-24.655987,-60.680652,1,8,2,NONE,,
COMMON_2,,159,37.2884298989,127.1073709311,-24.774080,-60.903292,1,8,2,NONE,,
COMMON_2,,160,37.2884277322,127.1073694311,-24.906928,-61.144489,1,8,2,NONE,,
COMMON_2,,161,37.2884257322,127.1073682645,-25.010248,-61.367129,1,8,2,NONE,,
COMMON_2,,162,37.2884236699,127.1073669238,-25.128987,-61.596704,1,8,2,NONE,,
COMMON_2,,163,37.2884213989,127.1073652645,-25.275943,-61.849512,1,8,2,NONE,,
COMMON_2,,164,37.2884192322,127.1073637645,-25.408791,-62.090709,1,8,2,NONE,,
COMMON_2,,165,37.2884172322,127.1073620978,-25.556402,-62.313349,1,8,2,NONE,,
COMMON_2,,166,37.2884152322,127.1073602645,-25.718769,-62.535989,1,8,2,NONE,,
COMMON_2,,167,37.2884132322,127.1073584311,-25.881144,-62.758629,1,8,2,NONE,,
COMMON_2,,168,37.2884113989,127.1073565978,-26.043510,-62.962712,1,8,2,NONE,,
COMMON_2,,169,37.2884095655,127.1073549311,-26.191122,-63.166806,1,8,2,NONE,,
COMMON_2,,170,37.2884077322,127.1073529311,-26.368252,-63.370889,1,8,2,NONE,,
COMMON_2,,171,37.2884060655,127.1073507645,-26.560137,-63.556426,1,8,2,NONE,,
COMMON_2,,172,37.2884050439,127.1073494073,-26.680337,-63.670150,1,8,2,NONE,,
COMMON_2,,173,37.2884035655,127.1073474311,-26.855360,-63.834726,1,8,2,NONE,,
COMMON_2,,174,37.2884018989,127.1073450978,-27.062009,-64.020252,1,8,2,NONE,,
COMMON_2,,175,37.2884002534,127.1073430491,-27.243452,-64.203429,1,8,2,NONE,,
COMMON_2,,176,37.2883987322,127.1073405978,-27.460551,-64.372769,1,8,2,NONE,,
COMMON_2,,177,37.2883973989,127.1073380978,-27.681964,-64.521192,1,8,2,NONE,,
COMMON_2,,178,37.2883960655,127.1073354311,-27.918141,-64.669626,1,8,2,NONE,,
COMMON_2,,179,37.2883949269,127.1073326066,-28.168293,-64.796375,1,8,2,NONE,,
COMMON_2,,180,37.2883935655,127.1073300978,-28.390485,-64.947926,1,8,2,NONE,,
COMMON_2,,181,37.2883924814,127.1073278906,-28.585966,-65.068608,1,8,2,NONE,,
COMMON_2,,182,37.2883913989,127.1073250978,-28.833310,-65.189112,1,8,2,NONE,,
COMMON_2,,183,37.2883905655,127.1073220978,-29.099006,-65.281886,1,8,2,NONE,,
COMMON_2,,184,37.2883895655,127.1073194311,-29.335182,-65.393206,1,8,2,NONE,,
COMMON_2,,185,37.2883888989,127.1073167645,-29.571350,-65.467412,1,8,2,NONE,,
COMMON_2,,186,37.2883882939,127.1073142479,-29.794233,-65.534760,1,8,2,NONE,,
COMMON_2,,187,37.2883877322,127.1073114311,-30.043703,-65.597289,1,8,2,NONE,,
COMMON_2,,188,37.2883873989,127.1073084311,-30.309398,-65.634392,1,8,2,NONE,,
COMMON_2,,189,37.2883870655,127.1073054311,-30.575093,-65.671506,1,8,2,NONE,,
COMMON_2,,190,37.2883867322,127.1073025978,-30.826025,-65.708609,1,8,2,NONE,,
COMMON_2,,191,37.2883863989,127.1072999311,-31.062201,-65.745712,1,8,2,NONE,,
COMMON_2,,192,37.2883862840,127.1072972788,-31.297102,-65.758503,1,8,2,NONE,,
COMMON_2,,193,37.2883863989,127.1072945978,-31.534545,-65.745712,1,8,2,NONE,,
COMMON_2,,194,37.2883863989,127.1072915978,-31.800241,-65.745712,1,8,2,NONE,,
COMMON_2,,195,37.2883865655,127.1072887645,-32.051172,-65.727166,1,8,2,NONE,,
COMMON_2,,196,37.2883865655,127.1072860978,-32.287349,-65.727166,1,8,2,NONE,,
COMMON_2,,197,37.2883865655,127.1072832645,-32.538280,-65.727166,1,8,2,NONE,,
COMMON_2,,198,37.2883867530,127.1072805623,-32.777601,-65.706293,1,8,2,NONE,,
COMMON_2,,199,37.2883872322,127.1072777645,-33.025388,-65.652949,1,8,2,NONE,,
COMMON_2,,200,37.2883875655,127.1072747645,-33.291083,-65.615846,1,8,2,NONE,,
COMMON_2,,201,37.2883878989,127.1072720978,-33.527260,-65.578732,1,8,2,NONE,,
COMMON_2,,202,37.2883880655,127.1072692645,-33.778191,-65.560186,1,8,2,NONE,,
COMMON_2,,203,37.2883883989,127.1072665978,-34.014368,-65.523072,1,8,2,NONE,,
COMMON_2,,204,37.2883888634,127.1072638038,-34.261819,-65.471364,1,8,2,NONE,,
COMMON_2,,205,37.2883893989,127.1072614311,-34.471957,-65.411752,1,8,2,NONE,,
COMMON_2,,206,37.2883898989,127.1072587645,-34.708125,-65.356092,1,8,2,NONE,,
COMMON_2,,207,37.2883905655,127.1072562645,-34.929537,-65.281886,1,8,2,NONE,,
COMMON_2,,208,37.2883910655,127.1072534311,-35.180478,-65.226226,1,8,2,NONE,,
COMMON_2,,209,37.2883915655,127.1072509311,-35.401890,-65.170566,1,8,2,NONE,,
COMMON_2,,210,37.2883922322,127.1072482645,-35.638058,-65.096349,1,8,2,NONE,,
COMMON_2,,211,37.2883930655,127.1072455978,-35.874234,-65.003586,1,8,2,NONE,,
COMMON_2,,212,37.2883937322,127.1072432645,-36.080883,-64.929369,1,8,2,NONE,,
COMMON_2,,213,37.2883944491,127.1072410496,-36.277046,-64.849564,1,8,2,NONE,,
COMMON_2,,214,37.2883952769,127.1072387693,-36.479001,-64.757413,1,8,2,NONE,,
COMMON_2,,215,37.2883958986,127.1072369295,-36.641943,-64.688205,1,8,2,NONE,,
COMMON_2,,216,37.2883965389,127.1072350070,-36.812210,-64.616927,1,8,2,NONE,,
COMMON_2,,217,37.2883970368,127.1072332186,-36.970599,-64.561501,1,8,2,NONE,,
COMMON_2,,218,37.2883975704,127.1072316538,-37.109186,-64.502100,1,8,2,NONE,,
COMMON_2,,219,37.2883984241,127.1072295972,-37.291329,-64.407067,1,8,2,NONE,,
COMMON_2,,220,37.2883990999,127.1072278535,-37.445760,-64.331837,1,8,2,NONE,,
COMMON_2,,221,37.2883996690,127.1072263334,-37.580388,-64.268484,1,8,2,NONE,,
COMMON_2,,222,37.2884002382,127.1072248133,-37.715015,-64.205121,1,8,2,NONE,,
COMMON_2,,223,37.2884007006,127.1072234273,-37.837767,-64.153647,1,8,2,NONE,,
COMMON_2,,224,37.2884010563,127.1072221307,-37.952600,-64.114050,1,8,2,NONE,,
COMMON_2,,225,37.2884013764,127.1072206553,-38.083269,-64.078417,1,8,2,NONE,,
COMMON_2,,226,37.2884016965,127.1072193140,-38.202061,-64.042783,1,8,2,NONE,,
COMMON_2,,227,37.2884024435,127.1072168997,-38.415884,-63.959627,1,8,2,NONE,,
COMMON_2,,228,37.2884031549,127.1072143513,-38.641583,-63.880434,1,8,2,NONE,,
COMMON_2,,229,37.2884039019,127.1072122053,-38.831644,-63.797278,1,8,2,NONE,,
COMMON_2,,230,37.2884046489,127.1072099698,-39.029631,-63.714122,1,8,2,NONE,,
COMMON_2,,231,37.2884052322,127.1072082645,-39.180661,-63.649189,1,8,2,NONE,,
COMMON_2,,232,37.2884057392,127.1072063582,-39.349493,-63.592750,1,8,2,NONE,,
COMMON_2,,233,37.2884062324,127.1072042993,-39.531840,-63.537847,1,8,2,NONE,,
COMMON_2,,234,37.2884066551,127.1072021519,-39.722024,-63.490792,1,8,2,NONE,,
COMMON_2,,235,37.2884070655,127.1071999311,-39.918710,-63.445106,1,8,2,NONE,,
COMMON_2,,236,37.2884075006,127.1071976577,-40.120053,-63.396671,1,8,2,NONE,,
COMMON_2,,237,37.2884080655,127.1071955978,-40.302489,-63.333786,1,8,2,NONE,,
COMMON_2,,238,37.2884087322,127.1071934311,-40.494383,-63.259569,1,8,2,NONE,,
COMMON_2,,239,37.2884092322,127.1071912645,-40.686268,-63.203909,1,8,2,NONE,,
COMMON_2,,240,37.2884097322,127.1071889311,-40.892926,-63.148249,1,8,2,NONE,,
COMMON_2,,241,37.2884102130,127.1071867212,-41.088646,-63.094726,1,8,2,NONE,,
COMMON_2,,242,37.2884107322,127.1071844311,-41.291468,-63.036929,1,8,2,NONE,,
COMMON_2,,243,37.2884113989,127.1071820978,-41.498117,-62.962712,1,8,2,NONE,,
COMMON_2,,244,37.2884122738,127.1071798582,-41.696468,-62.865318,1,8,2,NONE,,
COMMON_2,,245,37.2884128989,127.1071777645,-41.881896,-62.795732,1,8,2,NONE,,
COMMON_2,,246,37.2884133989,127.1071755978,-42.073790,-62.740072,1,8,2,NONE,,
COMMON_2,,247,37.2884140655,127.1071734311,-42.265684,-62.665866,1,8,2,NONE,,
COMMON_2,,248,37.2884147573,127.1071713569,-42.449386,-62.588855,1,8,2,NONE,,
COMMON_2,,249,37.2884157322,127.1071689311,-42.664227,-62.480329,1,8,2,NONE,,
COMMON_2,,250,37.2884165655,127.1071665978,-42.870876,-62.387566,1,8,2,NONE,,
COMMON_2,,251,37.2884173989,127.1071642645,-43.077525,-62.294792,1,8,2,NONE,,
COMMON_2,,252,37.2884180655,127.1071617645,-43.298938,-62.220586,1,8,2,NONE,,
COMMON_2,,253,37.2884188989,127.1071592645,-43.520350,-62.127812,1,8,2,NONE,,
COMMON_2,,254,37.2884195655,127.1071570978,-43.712244,-62.053606,1,8,2,NONE,,
COMMON_2,,255,37.2884205655,127.1071545978,-43.933657,-61.942286,1,8,2,NONE,,
COMMON_2,,256,37.2884213989,127.1071520978,-44.155070,-61.849512,1,8,2,NONE,,
COMMON_2,,257,37.2884222322,127.1071497645,-44.361719,-61.756749,1,8,2,NONE,,
COMMON_2,,258,37.2884228989,127.1071472645,-44.583131,-61.682532,1,8,2,NONE,,
COMMON_2,,259,37.2884237322,127.1071449311,-44.789789,-61.589769,1,8,2,NONE,,
COMMON_2,,260,37.2884247322,127.1071425978,-44.996438,-61.478449,1,8,2,NONE,,
COMMON_2,,261,37.2884255655,127.1071404311,-45.188332,-61.385686,1,8,2,NONE,,
COMMON_2,,262,37.2884265655,127.1071380978,-45.394981,-61.274366,1,8,2,NONE,,
COMMON_2,,263,37.2884276241,127.1071359949,-45.581225,-61.156523,1,8,2,NONE,,
COMMON_2,,264,37.2884286023,127.1071338009,-45.775536,-61.047629,1,8,2,NONE,,
COMMON_2,,265,37.2884297322,127.1071317645,-45.955890,-60.921849,1,8,2,NONE,,
COMMON_2,,266,37.2884308989,127.1071297645,-46.133020,-60.791972,1,8,2,NONE,,
COMMON_2,,267,37.2884321508,127.1071276772,-46.317882,-60.652610,1,8,2,NONE,,
COMMON_2,,268,37.2884332322,127.1071255978,-46.502045,-60.532229,1,8,2,NONE,,
COMMON_2,,269,37.2884342322,127.1071232645,-46.708694,-60.420909,1,8,2,NONE,,
COMMON_2,,270,37.2884352322,127.1071210978,-46.900587,-60.309589,1,8,2,NONE,,
COMMON_2,,271,37.2884363989,127.1071190978,-47.077718,-60.179712,1,8,2,NONE,,
COMMON_2,,272,37.2884377322,127.1071170978,-47.254848,-60.031289,1,8,2,NONE,,
COMMON_2,,273,37.2884390655,127.1071152645,-47.417214,-59.882866,1,8,2,NONE,,
COMMON_2,,274,37.2884405655,127.1071134311,-47.579589,-59.715886,1,8,2,NONE,,
COMMON_2,,275,37.2884420335,127.1071116646,-47.736040,-59.552468,1,8,2,NONE,,
COMMON_2,,276,37.2884435653,127.1071100922,-47.875299,-59.381948,1,8,2,NONE,,
COMMON_2,,277,37.2884452322,127.1071087645,-47.992887,-59.196389,1,8,2,NONE,,
COMMON_2,,278,37.2884470655,127.1071075978,-48.096216,-58.992306,1,8,2,NONE,,
COMMON_2,,279,37.2884487322,127.1071064311,-48.199545,-58.806769,1,8,2,NONE,,
COMMON_2,,280,37.2884507322,127.1071052645,-48.302865,-58.584129,1,8,2,NONE,,
COMMON_2,,281,37.2884526284,127.1071044766,-48.372645,-58.373044,1,8,2,NONE,,
COMMON_2,,282,37.2884543989,127.1071039311,-48.420958,-58.175952,1,8,2,NONE,,
COMMON_2,,283,37.2884565655,127.1071035978,-48.450476,-57.934766,1,8,2,NONE,,
COMMON_2,,284,37.2884583989,127.1071032645,-48.479995,-57.730672,1,8,2,NONE,,
COMMON_2,,285,37.2884602322,127.1071030978,-48.494759,-57.526589,1,8,2,NONE,,
COMMON_2,,286,37.2884622322,127.1071029311,-48.509523,-57.303949,1,8,2,NONE,,
COMMON_2,,287,37.2884640930,127.1071029744,-48.505688,-57.096805,1,8,2,NONE,,
COMMON_2,,288,37.2884662322,127.1071030978,-48.494759,-56.858669,1,8,2,NONE,,
COMMON_2,,289,37.2884682322,127.1071034311,-48.465240,-56.636029,1,8,2,NONE,,
COMMON_2,,290,37.2884702322,127.1071039311,-48.420958,-56.413389,1,8,2,NONE,,
COMMON_2,,291,37.2884720655,127.1071042645,-48.391430,-56.209306,1,8,2,NONE,,
COMMON_2,,292,37.2884742871,127.1071045120,-48.369510,-55.961997,1,8,2,NONE,,
COMMON_2,,293,37.2884762322,127.1071049311,-48.332393,-55.745469,1,8,2,NONE,,
COMMON_2,,294,37.2884780655,127.1071054311,-48.288110,-55.541386,1,8,2,NONE,,
COMMON_2,,295,37.2884800655,127.1071059311,-48.243828,-55.318746,1,8,2,NONE,,
COMMON_2,,296,37.2884818989,127.1071064311,-48.199545,-55.114652,1,8,2,NONE,,
COMMON_2,,297,37.2884838989,127.1071067645,-48.170017,-54.892012,1,8,2,NONE,,
COMMON_2,,298,37.2884858989,127.1071070978,-48.140499,-54.669372,1,8,2,NONE,,
COMMON_2,,299,37.2884877322,127.1071075978,-48.096216,-54.465289,1,8,2,NONE,,
COMMON_2,,300,37.2884895655,127.1071082645,-48.037170,-54.261206,1,8,2,NONE,,
COMMON_2,,301,37.2884913989,127.1071090978,-47.963369,-54.057112,1,8,2,NONE,,
COMMON_2,,302,37.2884932322,127.1071097645,-47.904322,-53.853029,1,8,2,NONE,,
COMMON_2,,303,37.2884948989,127.1071104311,-47.845285,-53.667492,1,8,2,NONE,,
COMMON_2,,304,37.2884967322,127.1071109311,-47.801002,-53.463409,1,8,2,NONE,,
COMMON_2,,305,37.2884987322,127.1071117645,-47.727192,-53.240769,1,8,2,NONE,,
COMMON_2,,306,37.2885005655,127.1071125978,-47.653391,-53.036686,1,8,2,NONE,,
COMMON_2,,307,37.2885025655,127.1071135978,-47.564826,-52.814046,1,8,2,NONE,,
COMMON_2,,308,37.2885042322,127.1071144311,-47.491024,-52.628509,1,8,2,NONE,,
COMMON_2,,309,37.2885062322,127.1071152645,-47.417214,-52.405869,1,8,2,NONE,,
COMMON_2,,310,37.2885081203,127.1071162535,-47.329623,-52.195686,1,8,2,NONE,,
COMMON_2,,311,37.2885102322,127.1071170978,-47.254848,-51.960589,1,8,2,NONE,,
COMMON_2,,312,37.2885123989,127.1071180978,-47.166283,-51.719392,1,8,2,NONE,,
COMMON_2,,313,37.2885145655,127.1071194311,-47.048199,-51.478206,1,8,2,NONE,,
COMMON_2,,314,37.2885165655,127.1071205978,-46.944870,-51.255566,1,8,2,NONE,,
COMMON_2,,315,37.2885187322,127.1071215978,-46.856305,-51.014369,1,8,2,NONE,,
COMMON_2,,316,37.2885208989,127.1071227645,-46.752976,-50.773172,1,8,2,NONE,,
COMMON_2,,317,37.2885228989,127.1071239311,-46.649656,-50.550532,1,8,2,NONE,,
COMMON_2,,318,37.2885250655,127.1071252645,-46.531563,-50.309346,1,8,2,NONE,,
COMMON_2,,319,37.2885272322,127.1071264311,-46.428243,-50.068149,1,8,2,NONE,,
COMMON_2,,320,37.2885292322,127.1071272645,-46.354433,-49.845509,1,8,2,NONE,,
COMMON_2,,321,37.2885321245,127.1071284057,-46.253363,-49.523538,1,8,2,NONE,,
COMMON_2,,322,37.2885334935,127.1071290252,-46.198497,-49.371141,1,8,2,NONE,,
COMMON_2,,323,37.2885353989,127.1071299311,-46.118266,-49.159032,1,8,2,NONE,,
COMMON_2,,324,37.2885373989,127.1071310978,-46.014937,-48.936392,1,8,2,NONE,,
COMMON_2,,325,37.2885393989,127.1071319311,-45.941135,-48.713752,1,8,2,NONE,,
COMMON_2,,326,37.2885413989,127.1071327645,-45.867325,-48.491112,1,8,2,NONE,,
COMMON_2,,327,37.2885432106,127.1071336551,-45.788449,-48.289433,1,8,2,NONE,,
COMMON_2,,328,37.2885450655,127.1071344311,-45.719723,-48.082946,1,8,2,NONE,,
COMMON_2,,329,37.2885468989,127.1071354311,-45.631158,-47.878852,1,8,2,NONE,,
COMMON_2,,330,37.2885487322,127.1071365978,-45.527829,-47.674769,1,8,2,NONE,,
COMMON_2,,331,37.2885503989,127.1071374311,-45.454027,-47.489232,1,8,2,NONE,,
COMMON_2,,332,37.2885521421,127.1071383355,-45.373929,-47.295179,1,8,2,NONE,,
COMMON_2,,333,37.2885538989,127.1071392645,-45.291652,-47.099612,1,8,2,NONE,,
COMMON_2,,334,37.2885555655,127.1071404311,-45.188332,-46.914086,1,8,2,NONE,,
COMMON_2,,335,37.2885572322,127.1071417645,-45.070239,-46.728549,1,8,2,NONE,,
COMMON_2,,336,37.2885587822,127.1071428194,-44.976812,-46.556003,1,8,2,NONE,,
COMMON_2,,337,37.2885605655,127.1071437645,-44.893109,-46.357486,1,8,2,NONE,,
COMMON_2,,338,37.2885625655,127.1071445978,-44.819308,-46.134846,1,8,2,NONE,,
COMMON_2,,339,37.2885643989,127.1071454311,-44.745507,-45.930752,1,8,2,NONE,,
COMMON_2,,340,37.2885662322,127.1071464311,-44.656942,-45.726669,1,8,2,NONE,,
COMMON_2,,341,37.2885680655,127.1071474311,-44.568377,-45.522586,1,8,2,NONE,,
COMMON_2,,342,37.2885697322,127.1071480978,-44.509330,-45.337049,1,8,2,NONE,,
COMMON_2,,343,37.2885715498,127.1071487600,-44.450682,-45.134714,1,8,2,NONE,,
COMMON_2,,344,37.2885731792,127.1071495230,-44.383107,-44.953329,1,8,2,NONE,,
COMMON_2,,345,37.2885746808,127.1071504064,-44.304869,-44.786171,1,8,2,NONE,,
COMMON_2,,346,37.2885764060,127.1071513300,-44.223070,-44.594121,1,8,2,NONE,,
COMMON_2,,347,37.2885776201,127.1071520930,-44.155495,-44.458968,1,8,2,NONE,,
COMMON_2,,348,37.2885792175,127.1071530568,-44.070136,-44.281145,1,8,2,NONE,,
COMMON_2,,349,37.2885805593,127.1071539804,-43.988337,-44.131776,1,8,2,NONE,,
COMMON_2,,350,37.2885821887,127.1071551048,-43.888755,-43.950391,1,8,2,NONE,,
COMMON_2,,351,37.2885831472,127.1071557473,-43.831852,-43.843691,1,8,2,NONE,,
COMMON_2,,352,37.2885847892,127.1071568482,-43.734349,-43.660906,1,8,2,NONE,,
COMMON_2,,353,37.2885858569,127.1071575461,-43.672543,-43.542049,1,8,2,NONE,,
COMMON_2,,354,37.2885874798,127.1071586197,-43.577458,-43.361386,1,8,2,NONE,,
COMMON_2,,355,37.2885888038,127.1071594249,-43.506143,-43.214003,1,8,2,NONE,,
COMMON_2,,356,37.2885904267,127.1071603912,-43.420566,-43.033341,1,8,2,NONE,,
COMMON_2,,357,37.2885917934,127.1071612501,-43.344498,-42.881203,1,8,2,NONE,,
COMMON_2,,358,37.2885930041,127.1071620919,-43.269941,-42.746424,1,8,2,NONE,,
COMMON_2,,359,37.2885940933,127.1071629320,-43.195537,-42.625174,1,8,2,NONE,,
COMMON_2,,360,37.2885958014,127.1071641766,-43.085309,-42.435028,1,8,2,NONE,,
COMMON_2,,361,37.2885976085,127.1071653590,-42.980590,-42.233862,1,8,2,NONE,,
COMMON_2,,362,37.2885991186,127.1071661369,-42.911695,-42.065757,1,8,2,NONE,,
COMMON_2,,363,37.2886006039,127.1071668836,-42.845563,-41.900414,1,8,2,NONE,,
COMMON_2,,364,37.2886019406,127.1071674748,-42.793204,-41.751612,1,8,2,NONE,,
COMMON_2,,365,37.2886034527,127.1071681213,-42.735949,-41.583284,1,8,2,NONE,,
COMMON_2,,366,37.2886047767,127.1071687118,-42.683652,-41.435901,1,8,2,NONE,,
COMMON_2,,367,37.2886060579,127.1071693023,-42.631355,-41.293272,1,8,2,NONE,,
COMMON_2,,368,37.2886077235,127.1071702149,-42.550532,-41.107855,1,8,2,NONE,,
COMMON_2,,369,37.2886092610,127.1071709127,-42.488727,-40.936701,1,8,2,NONE,,
COMMON_2,,370,37.2886106158,127.1071716641,-42.422179,-40.785887,1,8,2,NONE,,
COMMON_2,,371,37.2886123989,127.1071724311,-42.354249,-40.587392,1,8,2,NONE,,
COMMON_2,,372,37.2886138048,127.1071730379,-42.300508,-40.430887,1,8,2,NONE,,
COMMON_2,,373,37.2886155655,127.1071737645,-42.236157,-40.234886,1,8,2,NONE,,
COMMON_2,,374,37.2886172322,127.1071745978,-42.162355,-40.049349,1,8,2,NONE,,
COMMON_2,,375,37.2886187253,127.1071752583,-42.103858,-39.883137,1,8,2,NONE,,
COMMON_2,,376,37.2886203872,127.1071759734,-42.040525,-39.698134,1,8,2,NONE,,
COMMON_2,,377,37.2886221389,127.1071766509,-41.980522,-39.503135,1,8,2,NONE,,
COMMON_2,,378,37.2886239055,127.1071773660,-41.917190,-39.306477,1,8,2,NONE,,
COMMON_2,,379,37.2886255655,127.1071780978,-41.852378,-39.121686,1,8,2,NONE,,
COMMON_2,,380,37.2886273989,127.1071789311,-41.778576,-38.917592,1,8,2,NONE,,
COMMON_2,,381,37.2886288805,127.1071794981,-41.728360,-38.752660,1,8,2,NONE,,
COMMON_2,,382,37.2886305710,127.1071800612,-41.678489,-38.564474,1,8,2,NONE,,
COMMON_2,,383,37.2886325655,127.1071807645,-41.616201,-38.342446,1,8,2,NONE,,
COMMON_2,,384,37.2886340655,127.1071812645,-41.571919,-38.175466,1,8,2,NONE,,
COMMON_2,,385,37.2886355383,127.1071818404,-41.520914,-38.011514,1,8,2,NONE,,
COMMON_2,,386,37.2886372322,127.1071824311,-41.468599,-37.822949,1,8,2,NONE,,
COMMON_2,,387,37.2886395158,127.1071834761,-41.376048,-37.568739,1,8,2,NONE,,
COMMON_2,,388,37.2886408539,127.1071839600,-41.333191,-37.419781,1,8,2,NONE,,
COMMON_2,,389,37.2886421920,127.1071844438,-41.290344,-37.270824,1,8,2,NONE,,
COMMON_2,,390,37.2886434384,127.1071849276,-41.247496,-37.132075,1,8,2,NONE,,
COMMON_2,,391,37.2886447948,127.1071853193,-41.212805,-36.981080,1,8,2,NONE,,
COMMON_2,,392,37.2886460595,127.1071857340,-41.176077,-36.840294,1,8,2,NONE,,
COMMON_2,,393,37.2886479475,127.1071863100,-41.125063,-36.630122,1,8,2,NONE,,
COMMON_2,,394,37.2886500554,127.1071869781,-41.065893,-36.395470,1,8,2,NONE,,
COMMON_2,,395,37.2886515655,127.1071874311,-41.025773,-36.227366,1,8,2,NONE,,
COMMON_2,,396,37.2886532322,127.1071879311,-40.981491,-36.041829,1,8,2,NONE,,
COMMON_2,,397,37.2886550655,127.1071885978,-40.922444,-35.837746,1,8,2,NONE,,
COMMON_2,,398,37.2886570655,127.1071894311,-40.848643,-35.615106,1,8,2,NONE,,
COMMON_2,,399,37.2886590655,127.1071904311,-40.760078,-35.392466,1,8,2,NONE,,
COMMON_2,,400,37.2886610655,127.1071910978,-40.701032,-35.169826,1,8,2,NONE,,
COMMON_2,,401,37.2886633989,127.1071917645,-40.641985,-34.910072,1,8,2,NONE,,
COMMON_2,,402,37.2886653989,127.1071925978,-40.568184,-34.687432,1,8,2,NONE,,
COMMON_2,,403,37.2886673989,127.1071937645,-40.464855,-34.464792,1,8,2,NONE,,
COMMON_2,,404,37.2886697322,127.1071949311,-40.361535,-34.205049,1,8,2,NONE,,
COMMON_2,,405,37.2886717322,127.1071957645,-40.287725,-33.982409,1,8,2,NONE,,
COMMON_2,,406,37.2886740655,127.1071965978,-40.213924,-33.722666,1,8,2,NONE,,
COMMON_2,,407,37.2886763989,127.1071970978,-40.169641,-33.462912,1,8,2,NONE,,
COMMON_2,,408,37.2886785655,127.1071979311,-40.095840,-33.221726,1,8,2,NONE,,
COMMON_2,,409,37.2886798989,127.1071984311,-40.051557,-33.073292,1,8,2,NONE,,
COMMON_2,,410,37.2886823989,127.1071990978,-39.992511,-32.794992,1,8,2,NONE,,
COMMON_2,,411,37.2886845655,127.1071997645,-39.933465,-32.553806,1,8,2,NONE,,
COMMON_2,,412,37.2886868989,127.1072000978,-39.903946,-32.294052,1,8,2,NONE,,
COMMON_2,,413,37.2886892322,127.1072002645,-39.889182,-32.034309,1,8,2,NONE,,
COMMON_2,,414,37.2886913989,127.1072007645,-39.844899,-31.793112,1,8,2,NONE,,
COMMON_2,,415,37.2886938989,127.1072012645,-39.800617,-31.514812,1,8,2,NONE,,
COMMON_2,,416,37.2886963989,127.1072014311,-39.785862,-31.236512,1,8,2,NONE,,
COMMON_2,,417,37.2886987322,127.1072014311,-39.785862,-30.976769,1,8,2,NONE,,
COMMON_2,,418,37.2887012322,127.1072012645,-39.800617,-30.698469,1,8,2,NONE,,
COMMON_2,,419,37.2887033989,127.1072012645,-39.800617,-30.457272,1,8,2,NONE,,
COMMON_2,,420,37.2887058989,127.1072014311,-39.785862,-30.178972,1,8,2,NONE,,
COMMON_2,,421,37.2887082322,127.1072012645,-39.800617,-29.919229,1,8,2,NONE,,
COMMON_2,,422,37.2887105655,127.1072010978,-39.815381,-29.659486,1,8,2,NONE,,
COMMON_2,,423,37.2887130655,127.1072007645,-39.844899,-29.381186,1,8,2,NONE,,
COMMON_2,,424,37.2887152322,127.1072002645,-39.889182,-29.139989,1,8,2,NONE,,
COMMON_2,,425,37.2887175655,127.1071999311,-39.918710,-28.880246,1,8,2,NONE,,
COMMON_2,,426,37.2887198989,127.1071995978,-39.948228,-28.620492,1,8,2,NONE,,
COMMON_2,,427,37.2887222322,127.1071990978,-39.992511,-28.360749,1,8,2,NONE,,
COMMON_2,,428,37.2887243989,127.1071982645,-40.066312,-28.119552,1,8,2,NONE,,
COMMON_2,,429,37.2887267322,127.1071974311,-40.140122,-27.859809,1,8,2,NONE,,
COMMON_2,,430,37.2887287322,127.1071964311,-40.228687,-27.637169,1,8,2,NONE,,
COMMON_2,,431,37.2887308989,127.1071954311,-40.317252,-27.395972,1,8,2,NONE,,
COMMON_2,,432,37.2887329791,127.1071941790,-40.428145,-27.164404,1,8,2,NONE,,
COMMON_2,,433,37.2887350655,127.1071925978,-40.568184,-26.932146,1,8,2,NONE,,
COMMON_2,,434,37.2887370655,127.1071910978,-40.701032,-26.709506,1,8,2,NONE,,
COMMON_2,,435,37.2887388989,127.1071892645,-40.863398,-26.505412,1,8,2,NONE,,
COMMON_2,,436,37.2887407322,127.1071877645,-40.996246,-26.301329,1,8,2,NONE,,
COMMON_2,,437,37.2887426714,127.1071858924,-41.162048,-26.085457,1,8,2,NONE,,
COMMON_2,,438,37.2887442533,127.1071839040,-41.338151,-25.909360,1,8,2,NONE,,
COMMON_2,,439,37.2887457322,127.1071817645,-41.527636,-25.744729,1,8,2,NONE,,
COMMON_2,,440,37.2887472322,127.1071794311,-41.734294,-25.577749,1,8,2,NONE,,
COMMON_2,,441,37.2887485655,127.1071774311,-41.911424,-25.429326,1,8,2,NONE,,
COMMON_2,,442,37.2887500655,127.1071752645,-42.103309,-25.262346,1,8,2,NONE,,
COMMON_2,,443,37.2887512322,127.1071730978,-42.295203,-25.132469,1,8,2,NONE,,
COMMON_2,,444,37.2887522322,127.1071709311,-42.487097,-25.021149,1,8,2,NONE,,
COMMON_2,,445,37.2887532322,127.1071684311,-42.708510,-24.909829,1,8,2,NONE,,
COMMON_2,,446,37.2887542322,127.1071662645,-42.900395,-24.798509,1,8,2,NONE,,
COMMON_2,,447,37.2887552322,127.1071640978,-43.092289,-24.687189,1,8,2,NONE,,
COMMON_2,,448,37.2887562322,127.1071617645,-43.298938,-24.575869,1,8,2,NONE,,
COMMON_2,,449,37.2887570655,127.1071594311,-43.505596,-24.483106,1,8,2,NONE,,
COMMON_2,,450,37.2887578989,127.1071570978,-43.712244,-24.390332,1,8,2,NONE,,
COMMON_2,,451,37.2887585755,127.1071546185,-43.931824,-24.315013,1,8,2,NONE,,
COMMON_2,,452,37.2887593989,127.1071522645,-44.140306,-24.223352,1,8,2,NONE,,
COMMON_2,,453,37.2887603989,127.1071499311,-44.346964,-24.112032,1,8,2,NONE,,
COMMON_2,,454,37.2887613989,127.1071474311,-44.568377,-24.000712,1,8,2,NONE,,
COMMON_2,,455,37.2887620655,127.1071452645,-44.760262,-23.926506,1,8,2,NONE,,
COMMON_2,,456,37.2887625655,127.1071429311,-44.966919,-23.870846,1,8,2,NONE,,
COMMON_2,,457,37.2887631902,127.1071404723,-45.184683,-23.801304,1,8,2,NONE,,
COMMON_2,,458,37.2887638311,127.1071383455,-45.373043,-23.729959,1,8,2,NONE,,
COMMON_2,,459,37.2887645655,127.1071359311,-45.586875,-23.648206,1,8,2,NONE,,
COMMON_2,,460,37.2887653180,127.1071336086,-45.792567,-23.564438,1,8,2,NONE,,
COMMON_2,,461,37.2887658989,127.1071310978,-46.014937,-23.499772,1,8,2,NONE,,
COMMON_2,,462,37.2887663989,127.1071285978,-46.236349,-23.444112,1,8,2,NONE,,
COMMON_2,,463,37.2887668989,127.1071260978,-46.457762,-23.388452,1,8,2,NONE,,
COMMON_2,,464,37.2887675655,127.1071237645,-46.664411,-23.314246,1,8,2,NONE,,
COMMON_2,,465,37.2887682919,127.1071211380,-46.897027,-23.233383,1,8,2,NONE,,
COMMON_2,,466,37.2887688989,127.1071189311,-47.092481,-23.165812,1,8,2,NONE,,
COMMON_2,,467,37.2887693989,127.1071165978,-47.299130,-23.110152,1,8,2,NONE,,
COMMON_2,,468,37.2887698989,127.1071140978,-47.520543,-23.054492,1,8,2,NONE,,
COMMON_2,,469,37.2887705655,127.1071117645,-47.727192,-22.980286,1,8,2,NONE,,
COMMON_2,,470,37.2887712322,127.1071095978,-47.919086,-22.906069,1,8,2,NONE,,
COMMON_2,,471,37.2887720605,127.1071071851,-48.132767,-22.813863,1,8,2,NONE,,
COMMON_2,,472,37.2887728553,127.1071046394,-48.358227,-22.725385,1,8,2,NONE,,
COMMON_2,,473,37.2887733989,127.1071024311,-48.553805,-22.664872,1,8,2,NONE,,
COMMON_2,,474,37.2887741371,127.1070999025,-48.777751,-22.582695,1,8,2,NONE,,
COMMON_2,,475,37.2887747322,127.1070977645,-48.967103,-22.516449,1,8,2,NONE,,
COMMON_2,,476,37.2887755655,127.1070952645,-49.188516,-22.423686,1,8,2,NONE,,
COMMON_2,,477,37.2887763419,127.1070929100,-49.397042,-22.337257,1,8,2,NONE,,
COMMON_2,,478,37.2887768989,127.1070905978,-49.601823,-22.275252,1,8,2,NONE,,
COMMON_2,,479,37.2887774699,127.1070879798,-49.833686,-22.211688,1,8,2,NONE,,
COMMON_2,,480,37.2887780655,127.1070857645,-50.029884,-22.145386,1,8,2,NONE,,
COMMON_2,,481,37.2887787322,127.1070835978,-50.221778,-22.071169,1,8,2,NONE,,
COMMON_2,,482,37.2887796696,127.1070811611,-50.437585,-21.966818,1,8,2,NONE,,
COMMON_2,,483,37.2887803989,127.1070790978,-50.620321,-21.885632,1,8,2,NONE,,
COMMON_2,,484,37.2887810655,127.1070767645,-50.826970,-21.811426,1,8,2,NONE,,
COMMON_2,,485,37.2887816964,127.1070742258,-51.051810,-21.741194,1,8,2,NONE,,
COMMON_2,,486,37.2887824847,127.1070715838,-51.285799,-21.653441,1,8,2,NONE,,
COMMON_2,,487,37.2887832322,127.1070694311,-51.476453,-21.570229,1,8,2,NONE,,
COMMON_2,,488,37.2887840655,127.1070670978,-51.683102,-21.477466,1,8,2,NONE,,
COMMON_2,,489,37.2887846617,127.1070646957,-51.895844,-21.411097,1,8,2,NONE,,
COMMON_2,,490,37.2887853989,127.1070622645,-52.111164,-21.329032,1,8,2,NONE,,
COMMON_2,,491,37.2887860655,127.1070599311,-52.317821,-21.254826,1,8,2,NONE,,
COMMON_2,,492,37.2887867322,127.1070575978,-52.524470,-21.180609,1,8,2,NONE,,
COMMON_2,,493,37.2887875655,127.1070550978,-52.745883,-21.087846,1,8,2,NONE,,
COMMON_2,,494,37.2887880774,127.1070531369,-52.919550,-21.030861,1,8,2,NONE,,
COMMON_2,,495,37.2887887322,127.1070504311,-53.159190,-20.957969,1,8,2,NONE,,
COMMON_2,,496,37.2887893989,127.1070477645,-53.395357,-20.883752,1,8,2,NONE,,
COMMON_2,,497,37.2887898989,127.1070454311,-53.602015,-20.828092,1,8,2,NONE,,
COMMON_2,,498,37.2887905922,127.1070431822,-53.801189,-20.750914,1,8,2,NONE,,
COMMON_2,,499,37.2887914555,127.1070409176,-54.001754,-20.654811,1,8,2,NONE,,
COMMON_2,,500,37.2887922322,127.1070384311,-54.221971,-20.568349,1,8,2,NONE,,
COMMON_2,,501,37.2887928443,127.1070358223,-54.453019,-20.500210,1,8,2,NONE,,
COMMON_2,,502,37.2887935655,127.1070334311,-54.664796,-20.419926,1,8,2,NONE,,
COMMON_2,,503,37.2887942322,127.1070310978,-54.871445,-20.345709,1,8,2,NONE,,
COMMON_2,,504,37.2887950655,127.1070287645,-55.078094,-20.252946,1,8,2,NONE,,
COMMON_2,,505,37.2887960655,127.1070264311,-55.284752,-20.141626,1,8,2,NONE,,
COMMON_2,,506,37.2887968989,127.1070239311,-55.506164,-20.048852,1,8,2,NONE,,
COMMON_2,,507,37.2887975655,127.1070212645,-55.742332,-19.974646,1,8,2,NONE,,
COMMON_2,,508,37.2887982322,127.1070185978,-55.978509,-19.900429,1,8,2,NONE,,
COMMON_2,,509,37.2887990655,127.1070162645,-56.185158,-19.807666,1,8,2,NONE,,
COMMON_2,,510,37.2888000655,127.1070137645,-56.406570,-19.696346,1,8,2,NONE,,
COMMON_2,,511,37.2888008989,127.1070112645,-56.627983,-19.603572,1,8,2,NONE,,
COMMON_2,,512,37.2888015655,127.1070085978,-56.864159,-19.529366,1,8,2,NONE,,
COMMON_2,,513,37.2888022322,127.1070057645,-57.115091,-19.455149,1,8,2,NONE,,
COMMON_2,,514,37.2888030655,127.1070032645,-57.336504,-19.362386,1,8,2,NONE,,
COMMON_2,,515,37.2888038989,127.1070007645,-57.557916,-19.269612,1,8,2,NONE,,
COMMON_2,,516,37.2888048989,127.1069980978,-57.794093,-19.158292,1,8,2,NONE,,
COMMON_2,,517,37.2888055655,127.1069957645,-58.000742,-19.084086,1,8,2,NONE,,
COMMON_2,,518,37.2888062322,127.1069930978,-58.236918,-19.009869,1,8,2,NONE,,
COMMON_2,,519,37.2888068989,127.1069904311,-58.473095,-18.935652,1,8,2,NONE,,
COMMON_2,,520,37.2888077322,127.1069879311,-58.694508,-18.842889,1,8,2,NONE,,
COMMON_2,,521,37.2888085655,127.1069854311,-58.915920,-18.750126,1,8,2,NONE,,
COMMON_2,,522,37.2888095655,127.1069827645,-59.152088,-18.638806,1,8,2,NONE,,
COMMON_2,,523,37.2888102322,127.1069800978,-59.388264,-18.564589,1,8,2,NONE,,
COMMON_2,,524,37.2888108989,127.1069772645,-59.639196,-18.490372,1,8,2,NONE,,
COMMON_2,,525,37.2888117322,127.1069745978,-59.875372,-18.397609,1,8,2,NONE,,
COMMON_2,,526,37.2888125655,127.1069720978,-60.096785,-18.304846,1,8,2,NONE,,
COMMON_2,,527,37.2888135655,127.1069692645,-60.347717,-18.193526,1,8,2,NONE,,
COMMON_2,,528,37.2888143989,127.1069665978,-60.583893,-18.100752,1,8,2,NONE,,
COMMON_2,,529,37.2888152322,127.1069639311,-60.820070,-18.007989,1,8,2,NONE,,
COMMON_2,,530,37.2888160655,127.1069612645,-61.056237,-17.915226,1,8,2,NONE,,
COMMON_2,,531,37.2888170655,127.1069587645,-61.277650,-17.803906,1,8,2,NONE,,
COMMON_2,,532,37.2888182322,127.1069562645,-61.499063,-17.674029,1,8,2,NONE,,
COMMON_2,,533,37.2888192322,127.1069537645,-61.720475,-17.562709,1,8,2,NONE,,
COMMON_2,,534,37.2888202322,127.1069512645,-61.941888,-17.451389,1,8,2,NONE,,
COMMON_2,,535,37.2888212322,127.1069485978,-62.178065,-17.340069,1,8,2,NONE,,
COMMON_2,,536,37.2888222322,127.1069459311,-62.414241,-17.228749,1,8,2,NONE,,
COMMON_2,,537,37.2888233989,127.1069432645,-62.650409,-17.098872,1,8,2,NONE,,
COMMON_2,,538,37.2888247322,127.1069404311,-62.901349,-16.950449,1,8,2,NONE,,
COMMON_2,,539,37.2888255655,127.1069379311,-63.122762,-16.857686,1,8,2,NONE,,
COMMON_2,,540,37.2888263989,127.1069350978,-63.373693,-16.764912,1,8,2,NONE,,
COMMON_2,,541,37.2888270655,127.1069322645,-63.624625,-16.690706,1,8,2,NONE,,
COMMON_2,,542,37.2888278989,127.1069299311,-63.831282,-16.597932,1,8,2,NONE,,
COMMON_2,,543,37.2888288989,127.1069272645,-64.067450,-16.486612,1,8,2,NONE,,
COMMON_2,,544,37.2888298989,127.1069244311,-64.318390,-16.375292,1,8,2,NONE,,
COMMON_2,,545,37.2888308989,127.1069217645,-64.554558,-16.263972,1,8,2,NONE,,
COMMON_2,,546,37.2888315655,127.1069190978,-64.790735,-16.189766,1,8,2,NONE,,
COMMON_2,,547,37.2888323989,127.1069164311,-65.026911,-16.096992,1,8,2,NONE,,
COMMON_2,,548,37.2888333989,127.1069139311,-65.248324,-15.985672,1,8,2,NONE,,
COMMON_2,,549,37.2888343989,127.1069110979,-65.499246,-15.874352,1,8,2,NONE,,
COMMON_2,,550,37.2888352322,127.1069084311,-65.735432,-15.781589,1,8,2,NONE,,
COMMON_2,,551,37.2888358989,127.1069055979,-65.986354,-15.707372,1,8,2,NONE,,
COMMON_2,,552,37.2888367322,127.1069029311,-66.222540,-15.614609,1,8,2,NONE,,
COMMON_2,,553,37.2888377322,127.1069004311,-66.443952,-15.503289,1,8,2,NONE,,
COMMON_2,,554,37.2888387322,127.1068977646,-66.680111,-15.391969,1,8,2,NONE,,
COMMON_2,,555,37.2888398989,127.1068949311,-66.931060,-15.262092,1,8,2,NONE,,
COMMON_2,,556,37.2888408989,127.1068924312,-67.152464,-15.150772,1,8,2,NONE,,
COMMON_2,,557,37.2888417322,127.1068895978,-67.403405,-15.058009,1,8,2,NONE,,
COMMON_2,,558,37.2888427322,127.1068869312,-67.639572,-14.946689,1,8,2,NONE,,
COMMON_2,,559,37.2888438989,127.1068842646,-67.875740,-14.816812,1,8,2,NONE,,
COMMON_2,,560,37.2888449249,127.1068815751,-68.113936,-14.702598,1,8,2,NONE,,
COMMON_2,,561,37.2888459398,127.1068788113,-68.358712,-14.589619,1,8,2,NONE,,
COMMON_2,,562,37.2888467322,127.1068762645,-68.584269,-14.501409,1,8,2,NONE,,
COMMON_2,,563,37.2888475655,127.1068737646,-68.805673,-14.408646,1,8,2,NONE,,
COMMON_2,,564,37.2888485655,127.1068710979,-69.041850,-14.297326,1,8,2,NONE,,
COMMON_2,,565,37.2888495655,127.1068684312,-69.278026,-14.186006,1,8,2,NONE,,
COMMON_2,,566,37.2888503989,127.1068657646,-69.514194,-14.093232,1,8,2,NONE,,
COMMON_2,,567,37.2888510655,127.1068630979,-69.750370,-14.019026,1,8,2,NONE,,
COMMON_2,,568,37.2888517322,127.1068604312,-69.986547,-13.944809,1,8,2,NONE,,
COMMON_2,,569,37.2888525655,127.1068579312,-70.207960,-13.852046,1,8,2,NONE,,
COMMON_2,,570,37.2888533989,127.1068552646,-70.444127,-13.759272,1,8,2,NONE,,
COMMON_2,,571,37.2888543989,127.1068525979,-70.680304,-13.647952,1,8,2,NONE,,
COMMON_2,,572,37.2888552322,127.1068500979,-70.901717,-13.555189,1,8,2,NONE,,
COMMON_2,,573,37.2888558989,127.1068474312,-71.137893,-13.480972,1,8,2,NONE,,
COMMON_2,,574,37.2888567322,127.1068447646,-71.374061,-13.388209,1,8,2,NONE,,
COMMON_2,,575,37.2888575655,127.1068420979,-71.610237,-13.295446,1,8,2,NONE,,
COMMON_2,,576,37.2888585655,127.1068394312,-71.846414,-13.184126,1,8,2,NONE,,
COMMON_2,,577,37.2888593989,127.1068367646,-72.082581,-13.091352,1,8,2,NONE,,
COMMON_2,,578,37.2888602322,127.1068342646,-72.303994,-12.998589,1,8,2,NONE,,
COMMON_2,,579,37.2888608989,127.1068315979,-72.540171,-12.924372,1,8,2,NONE,,
COMMON_2,,580,37.2888615655,127.1068290979,-72.761583,-12.850166,1,8,2,NONE,,
COMMON_2,,581,37.2888625655,127.1068264312,-72.997760,-12.738846,1,8,2,NONE,,
COMMON_2,,582,37.2888635655,127.1068239312,-73.219173,-12.627526,1,8,2,NONE,,
COMMON_2,,583,37.2888643989,127.1068212646,-73.455340,-12.534752,1,8,2,NONE,,
COMMON_2,,584,37.2888650655,127.1068185979,-73.691517,-12.460546,1,8,2,NONE,,
COMMON_2,,585,37.2888657322,127.1068159312,-73.927693,-12.386329,1,8,2,NONE,,
COMMON_2,,586,37.2888665655,127.1068132646,-74.163861,-12.293566,1,8,2,NONE,,
COMMON_2,,587,37.2888675655,127.1068105979,-74.400037,-12.182246,1,8,2,NONE,,
COMMON_2,,588,37.2888682322,127.1068080979,-74.621450,-12.108029,1,8,2,NONE,,
COMMON_2,,589,37.2888688989,127.1068054312,-74.857627,-12.033812,1,8,2,NONE,,
COMMON_2,,590,37.2888695655,127.1068029312,-75.079039,-11.959606,1,8,2,NONE,,
COMMON_2,,591,37.2888702322,127.1068002646,-75.315207,-11.885389,1,8,2,NONE,,
COMMON_2,,592,37.2888710655,127.1067975979,-75.551383,-11.792626,1,8,2,NONE,,
COMMON_2,,593,37.2888718989,127.1067949312,-75.787560,-11.699852,1,8,2,NONE,,
COMMON_2,,594,37.2888724295,127.1067922451,-76.025455,-11.640785,1,8,2,NONE,,
COMMON_2,,595,37.2888728989,127.1067895979,-76.259904,-11.588532,1,8,2,NONE,,
COMMON_2,,596,37.2888735655,127.1067869312,-76.496081,-11.514326,1,8,2,NONE,,
COMMON_2,,597,37.2888743989,127.1067842646,-76.732248,-11.421552,1,8,2,NONE,,
COMMON_2,,598,37.2888750778,127.1067815790,-76.970099,-11.345977,1,8,2,NONE,,
COMMON_2,,599,37.2888757322,127.1067790979,-77.189838,-11.273129,1,8,2,NONE,,
COMMON_2,,600,37.2888763989,127.1067762646,-77.440769,-11.198912,1,8,2,NONE,,
COMMON_2,,601,37.2888768989,127.1067735979,-77.676945,-11.143252,1,8,2,NONE,,
COMMON_2,,602,37.2888775655,127.1067709312,-77.913122,-11.069046,1,8,2,NONE,,
COMMON_2,,603,37.2888783989,127.1067680979,-78.164053,-10.976272,1,8,2,NONE,,
COMMON_2,,604,37.2888788989,127.1067652646,-78.414985,-10.920612,1,8,2,NONE,,
COMMON_2,,605,37.2888792068,127.1067623229,-78.675517,-10.886336,1,8,2,NONE,,
COMMON_2,,606,37.2888795655,127.1067597646,-78.902093,-10.846406,1,8,2,NONE,,
COMMON_2,,607,37.2888797322,127.1067570979,-79.138269,-10.827849,1,8,2,NONE,,
COMMON_2,,608,37.2888800655,127.1067542646,-79.389201,-10.790746,1,8,2,NONE,,
COMMON_2,,609,37.2888802322,127.1067514312,-79.640141,-10.772189,1,8,2,NONE,,
COMMON_2,,610,37.2888802322,127.1067487646,-79.876309,-10.772189,1,8,2,NONE,,
COMMON_2,,611,37.2888800655,127.1067459312,-80.127249,-10.790746,1,8,2,NONE,,
COMMON_2,,612,37.2888797322,127.1067432646,-80.363417,-10.827849,1,8,2,NONE,,
COMMON_2,,613,37.2888795655,127.1067407646,-80.584829,-10.846406,1,8,2,NONE,,
COMMON_2,,614,37.2888792068,127.1067377337,-80.853261,-10.886336,1,8,2,NONE,,
COMMON_2,,615,37.2888788989,127.1067350979,-81.086701,-10.920612,1,8,2,NONE,,
COMMON_2,,616,37.2888783525,127.1067322575,-81.338261,-10.981437,1,8,2,NONE,,
COMMON_2,,617,37.2888775655,127.1067295979,-81.573809,-11.069046,1,8,2,NONE,,
COMMON_2,,618,37.2888768989,127.1067270979,-81.795222,-11.143252,1,8,2,NONE,,
COMMON_2,,619,37.2888762322,127.1067244312,-82.031398,-11.217469,1,8,2,NONE,,
COMMON_2,,620,37.2888755655,127.1067217646,-82.267566,-11.291686,1,8,2,NONE,,
COMMON_2,,621,37.2888747322,127.1067192646,-82.488979,-11.384449,1,8,2,NONE,,
COMMON_2,,622,37.2888737322,127.1067165979,-82.725155,-11.495769,1,8,2,NONE,,
COMMON_2,,623,37.2888727322,127.1067142646,-82.931804,-11.607089,1,8,2,NONE,,
COMMON_2,,624,37.2888717322,127.1067117646,-83.153217,-11.718409,1,8,2,NONE,,
COMMON_2,,625,37.2888707322,127.1067092646,-83.374630,-11.829729,1,8,2,NONE,,
COMMON_2,,626,37.2888693989,127.1067067646,-83.596042,-11.978152,1,8,2,NONE,,
COMMON_2,,627,37.2888680655,127.1067045979,-83.787936,-12.126586,1,8,2,NONE,,
COMMON_2,,628,37.2888667322,127.1067024312,-83.979830,-12.275009,1,8,2,NONE,,
COMMON_2,,629,37.2888653989,127.1067004312,-84.156960,-12.423432,1,8,2,NONE,,
COMMON_2,,630,37.2888640655,127.1066984312,-84.334091,-12.571866,1,8,2,NONE,,
COMMON_2,,631,37.2888627322,127.1066962646,-84.525976,-12.720289,1,8,2,NONE,,
COMMON_2,,632,37.2888613989,127.1066942646,-84.703106,-12.868712,1,8,2,NONE,,
COMMON_2,,633,37.2888598989,127.1066924312,-84.865481,-13.035692,1,8,2,NONE,,
COMMON_2,,634,37.2888583989,127.1066905979,-85.027847,-13.202672,1,8,2,NONE,,
COMMON_2,,635,37.2888570655,127.1066887646,-85.190214,-13.351106,1,8,2,NONE,,
COMMON_2,,636,37.2888555655,127.1066867646,-85.367344,-13.518086,1,8,2,NONE,,
COMMON_2,,637,37.2888540655,127.1066850979,-85.514955,-13.685066,1,8,2,NONE,,
COMMON_2,,638,37.2888523989,127.1066832646,-85.677322,-13.870592,1,8,2,NONE,,
COMMON_2,,639,37.2888508005,127.1066817667,-85.809983,-14.048526,1,8,2,NONE,,
COMMON_2,,640,37.2888492322,127.1066799312,-85.972545,-14.223109,1,8,2,NONE,,
COMMON_2,,641,37.2888478989,127.1066780979,-86.134911,-14.371532,1,8,2,NONE,,
COMMON_2,,642,37.2888462322,127.1066762646,-86.297277,-14.557069,1,8,2,NONE,,
COMMON_2,,643,37.2888447322,127.1066745979,-86.444889,-14.724049,1,8,2,NONE,,
COMMON_2,,644,37.2888432322,127.1066730979,-86.577736,-14.891029,1,8,2,NONE,,
COMMON_2,,645,37.2888413989,127.1066714312,-86.725348,-15.095112,1,8,2,NONE,,
COMMON_2,,646,37.2888397322,127.1066699312,-86.858196,-15.280649,1,8,2,NONE,,
COMMON_2,,647,37.2888380655,127.1066680979,-87.020562,-15.466186,1,8,2,NONE,,
COMMON_2,,648,37.2888365655,127.1066664312,-87.168173,-15.633166,1,8,2,NONE,,
COMMON_2,,649,37.2888348989,127.1066649312,-87.301021,-15.818692,1,8,2,NONE,,
COMMON_2,,650,37.2888330655,127.1066634312,-87.433869,-16.022786,1,8,2,NONE,,
COMMON_2,,651,37.2888312322,127.1066620979,-87.551952,-16.226869,1,8,2,NONE,,
COMMON_2,,652,37.2888295655,127.1066605979,-87.684800,-16.412406,1,8,2,NONE,,
COMMON_2,,653,37.2888277322,127.1066589312,-87.832411,-16.616489,1,8,2,NONE,,
COMMON_2,,654,37.2888258989,127.1066574312,-87.965259,-16.820572,1,8,2,NONE,,
COMMON_2,,655,37.2888242322,127.1066560979,-88.083343,-17.006109,1,8,2,NONE,,
COMMON_2,,656,37.2888223989,127.1066547646,-88.201427,-17.210192,1,8,2,NONE,,
COMMON_2,,657,37.2888205655,127.1066534312,-88.319519,-17.414286,1,8,2,NONE,,
COMMON_2,,658,37.2888188989,127.1066519312,-88.452367,-17.599812,1,8,2,NONE,,
COMMON_2,,659,37.2888172322,127.1066504312,-88.585215,-17.785349,1,8,2,NONE,,
COMMON_2,,660,37.2888155655,127.1066489312,-88.718062,-17.970886,1,8,2,NONE,,
COMMON_2,,661,37.2888138989,127.1066475979,-88.836146,-18.156412,1,8,2,NONE,,
COMMON_2,,662,37.2888110655,127.1066459312,-88.983758,-18.471826,1,8,2,NONE,,
COMMON_2,,663,37.2888093989,127.1066445979,-89.101841,-18.657352,1,8,2,NONE,,
COMMON_2,,664,37.2888073989,127.1066432646,-89.219925,-18.879992,1,8,2,NONE,,
COMMON_2,,665,37.2888057322,127.1066420979,-89.323254,-19.065529,1,8,2,NONE,,
COMMON_2,,666,37.2888038786,127.1066410034,-89.420189,-19.271872,1,8,2,NONE,,
COMMON_2,,667,37.2888018989,127.1066400979,-89.500384,-19.492252,1,8,2,NONE,,
COMMON_2,,668,37.2888002322,127.1066390979,-89.588949,-19.677789,1,8,2,NONE,,
COMMON_2,,669,37.2887982322,127.1066379312,-89.692278,-19.900429,1,8,2,NONE,,
COMMON_2,,670,37.2887963989,127.1066367646,-89.795598,-20.104512,1,8,2,NONE,,
COMMON_2,,671,37.2887945655,127.1066357646,-89.884163,-20.308606,1,8,2,NONE,,
COMMON_2,,672,37.2887925655,127.1066347646,-89.972728,-20.531246,1,8,2,NONE,,
COMMON_2,,673,37.2887903989,127.1066339312,-90.046539,-20.772432,1,8,2,NONE,,
COMMON_2,,674,37.2887884067,127.1066329303,-90.135183,-20.994204,1,8,2,NONE,,
COMMON_2,,675,37.2887863989,127.1066317646,-90.238424,-21.217712,1,8,2,NONE,,
COMMON_2,,676,37.2887843989,127.1066305979,-90.341753,-21.440352,1,8,2,NONE,,
COMMON_2,,677,37.2887825655,127.1066294312,-90.445081,-21.644446,1,8,2,NONE,,
COMMON_2,,678,37.2887803989,127.1066282646,-90.548401,-21.885632,1,8,2,NONE,,
COMMON_2,,679,37.2887783989,127.1066272646,-90.636967,-22.108272,1,8,2,NONE,,
COMMON_2,,680,37.2887763989,127.1066259312,-90.755059,-22.330912,1,8,2,NONE,,
COMMON_2,,681,37.2887743989,127.1066247646,-90.858379,-22.553552,1,8,2,NONE,,
COMMON_2,,682,37.2887723989,127.1066237646,-90.946944,-22.776192,1,8,2,NONE,,
COMMON_2,,683,37.2887703720,127.1066230676,-91.008674,-23.001826,1,8,2,NONE,,
COMMON_2,,684,37.2887682322,127.1066220979,-91.094556,-23.240029,1,8,2,NONE,,
COMMON_2,,685,37.2887663989,127.1066214312,-91.153602,-23.444112,1,8,2,NONE,,
COMMON_2,,686,37.2887643989,127.1066204312,-91.242167,-23.666752,1,8,2,NONE,,
COMMON_2,,687,37.2887625655,127.1066195979,-91.315968,-23.870846,1,8,2,NONE,,
COMMON_2,,688,37.2887605655,127.1066187646,-91.389770,-24.093486,1,8,2,NONE,,
COMMON_2,,689,37.2887587322,127.1066180979,-91.448816,-24.297569,1,8,2,NONE,,
COMMON_2,,690,37.2887569250,127.1066171817,-91.529959,-24.498746,1,8,2,NONE,,
COMMON_2,,691,37.2887553989,127.1066164312,-91.596428,-24.668632,1,8,2,NONE,,
COMMON_2,,692,37.2887537322,127.1066154312,-91.684993,-24.854169,1,8,2,NONE,,
COMMON_2,,693,37.2887523989,127.1066147646,-91.744030,-25.002592,1,8,2,NONE,,
COMMON_2,,694,37.2887510084,127.1066142388,-91.790598,-25.157382,1,8,2,NONE,,
COMMON_2,,695,37.2887495529,127.1066136025,-91.846952,-25.319409,1,8,2,NONE,,
COMMON_2,,696,37.2887482557,127.1066130855,-91.892740,-25.463813,1,8,2,NONE,,
COMMON_2,,697,37.2887472749,127.1066126481,-91.931478,-25.572996,1,8,2,NONE,,
COMMON_2,,698,37.2887460725,127.1066121708,-91.973750,-25.706847,1,8,2,NONE,,
COMMON_2,,699,37.2887444273,127.1066113357,-92.047711,-25.889990,1,8,2,NONE,,
COMMON_2,,700,37.2887428136,127.1066106198,-92.111115,-26.069627,1,8,2,NONE,,
COMMON_2,,701,37.2887412633,127.1066099835,-92.167469,-26.242207,1,8,2,NONE,,
COMMON_2,,702,37.2887396496,127.1066093870,-92.220298,-26.421844,1,8,2,NONE,,
COMMON_2,,703,37.2887380993,127.1066086712,-92.283693,-26.594423,1,8,2,NONE,,
COMMON_2,,704,37.2887368021,127.1066080349,-92.340047,-26.738828,1,8,2,NONE,,
COMMON_2,,705,37.2887351251,127.1066071599,-92.417541,-26.925511,1,8,2,NONE,,
COMMON_2,,706,37.2887335748,127.1066065236,-92.473895,-27.098091,1,8,2,NONE,,
COMMON_2,,707,37.2887323092,127.1066060066,-92.519683,-27.238977,1,8,2,NONE,,
COMMON_2,,708,37.2887311702,127.1066054896,-92.565471,-27.365771,1,9,2,NONE,,
COMMON_2,,709,37.2887295655,127.1066045979,-92.644445,-27.544406,1,9,2,NONE,,
COMMON_2,,710,37.2887281644,127.1066038193,-92.713402,-27.700376,1,9,2,NONE,,
COMMON_2,,711,37.2887267322,127.1066030979,-92.777292,-27.859809,1,9,2,NONE,,
COMMON_2,,712,37.2887250637,127.1066023479,-92.843716,-28.045546,1,9,2,NONE,,
COMMON_2,,713,37.2887230655,127.1066014312,-92.924904,-28.267986,1,9,2,NONE,,
COMMON_2,,714,37.2887212322,127.1066002646,-93.028224,-28.472069,1,9,2,NONE,,
COMMON_2,,715,37.2887195655,127.1065992646,-93.116789,-28.657606,1,9,2,NONE,,
COMMON_2,,716,37.2887177322,127.1065982646,-93.205354,-28.861689,1,9,2,NONE,,
COMMON_2,,717,37.2887162322,127.1065975979,-93.264400,-29.028669,1,9,2,NONE,,
COMMON_2,,718,37.2887140655,127.1065967646,-93.338202,-29.269866,1,9,2,NONE,,
COMMON_2,,719,37.2887120655,127.1065959312,-93.412012,-29.492506,1,9,2,NONE,,
COMMON_2,,720,37.2887102322,127.1065950979,-93.485813,-29.696589,1,9,2,NONE,,
COMMON_2,,721,37.2887082322,127.1065940979,-93.574378,-29.919229,1,9,2,NONE,,
COMMON_2,,722,37.2887063989,127.1065934312,-93.633424,-30.123312,1,9,2,NONE,,
COMMON_2,,723,37.2887047322,127.1065925979,-93.707226,-30.308849,1,9,2,NONE,,
COMMON_2,,724,37.2887028989,127.1065917646,-93.781027,-30.512932,1,9,2,NONE,,
COMMON_2,,725,37.2887008989,127.1065907646,-93.869592,-30.735572,1,9,2,NONE,,
COMMON_2,,726,37.2886990655,127.1065895979,-93.972921,-30.939666,1,9,2,NONE,,
COMMON_2,,727,37.2886968989,127.1065884312,-94.076250,-31.180852,1,9,2,NONE,,
COMMON_2,,728,37.2886951007,127.1065872754,-94.178613,-31.381027,1,9,2,NONE,,
COMMON_2,,729,37.2886935655,127.1065864312,-94.253380,-31.551926,1,9,2,NONE,,
COMMON_2,,730,37.2886915655,127.1065855979,-94.327181,-31.774566,1,9,2,NONE,,
COMMON_2,,731,37.2886899750,127.1065848495,-94.393463,-31.951620,1,9,2,NONE,,
COMMON_2,,732,37.2886880655,127.1065837646,-94.489548,-32.164186,1,9,2,NONE,,
COMMON_2,,733,37.2886860655,127.1065827646,-94.578113,-32.386826,1,9,2,NONE,,
COMMON_2,,734,37.2886840655,127.1065817646,-94.666678,-32.609466,1,9,2,NONE,,
COMMON_2,,735,37.2886820655,127.1065807646,-94.755243,-32.832106,1,9,2,NONE,,
COMMON_2,,736,37.2886800655,127.1065799312,-94.829053,-33.054746,1,9,2,NONE,,
COMMON_2,,737,37.2886782322,127.1065789312,-94.917618,-33.258829,1,9,2,NONE,,
COMMON_2,,738,37.2886762322,127.1065777646,-95.020938,-33.481469,1,9,2,NONE,,
COMMON_2,,739,37.2886743989,127.1065764312,-95.139031,-33.685552,1,9,2,NONE,,
COMMON_2,,740,37.2886725655,127.1065754312,-95.227596,-33.889646,1,9,2,NONE,,
COMMON_2,,741,37.2886705655,127.1065745979,-95.301397,-34.112286,1,9,2,NONE,,
COMMON_2,,742,37.2886685655,127.1065739312,-95.360444,-34.334926,1,9,2,NONE,,
COMMON_2,,743,37.2886667322,127.1065730979,-95.434245,-34.539009,1,9,2,NONE,,
COMMON_2,,744,37.2886648989,127.1065720979,-95.522810,-34.743092,1,9,2,NONE,,
COMMON_2,,745,37.2886628989,127.1065707646,-95.640894,-34.965732,1,9,2,NONE,,
COMMON_2,,746,37.2886608989,127.1065697646,-95.729459,-35.188372,1,9,2,NONE,,
COMMON_2,,747,37.2886588989,127.1065690979,-95.788505,-35.411012,1,9,2,NONE,,
COMMON_2,,748,37.2886568989,127.1065682646,-95.862307,-35.633652,1,9,2,NONE,,
COMMON_2,,749,37.2886550655,127.1065674312,-95.936117,-35.837746,1,9,2,NONE,,
COMMON_2,,750,37.2886530655,127.1065664312,-96.024682,-36.060386,1,9,2,NONE,,
COMMON_2,,751,37.2886510655,127.1065654312,-96.113247,-36.283026,1,9,2,NONE,,
COMMON_2,,752,37.2886490655,127.1065645979,-96.187048,-36.505666,1,9,2,NONE,,
COMMON_2,,753,37.2886473796,127.1065639718,-96.242499,-36.693340,1,9,2,NONE,,
COMMON_2,,754,37.2886454217,127.1065630253,-96.326326,-36.911294,1,9,2,NONE,,
COMMON_2,,755,37.2886435655,127.1065622646,-96.393697,-37.117926,1,9,2,NONE,,
COMMON_2,,756,37.2886415655,127.1065610979,-96.497026,-37.340566,1,9,2,NONE,,
COMMON_2,,757,37.2886397488,127.1065603120,-96.566629,-37.542801,1,9,2,NONE,,
COMMON_2,,758,37.2886378989,127.1065594312,-96.644637,-37.748732,1,9,2,NONE,,
COMMON_2,,759,37.2886360655,127.1065587646,-96.703675,-37.952826,1,9,2,NONE,,
COMMON_2,,760,37.2886340655,127.1065580979,-96.762721,-38.175466,1,9,2,NONE,,
COMMON_2,,761,37.2886320655,127.1065572646,-96.836522,-38.398106,1,9,2,NONE,,
COMMON_2,,762,37.2886298088,127.1065566521,-96.890769,-38.649322,1,9,2,NONE,,
COMMON_2,,763,37.2886280655,127.1065560979,-96.939851,-38.843386,1,9,2,NONE,,
COMMON_2,,764,37.2886260655,127.1065557646,-96.969370,-39.066026,1,9,2,NONE,,
COMMON_2,,765,37.2886240655,127.1065554312,-96.998898,-39.288666,1,9,2,NONE,,
COMMON_2,,766,37.2886222322,127.1065550979,-97.028416,-39.492749,1,9,2,NONE,,
COMMON_2,,767,37.2886201699,127.1065548222,-97.052834,-39.722324,1,9,2,NONE,,
COMMON_2,,768,37.2886185132,127.1065547591,-97.058422,-39.906748,1,9,2,NONE,,
COMMON_2,,769,37.2886165553,127.1065547591,-97.058422,-40.124701,1,9,2,NONE,,
COMMON_2,,770,37.2886143989,127.1065547646,-97.057935,-40.364752,1,9,2,NONE,,
COMMON_2,,771,37.2886125655,127.1065547646,-97.057935,-40.568846,1,9,2,NONE,,
COMMON_2,,772,37.2886103989,127.1065547646,-97.057935,-40.810032,1,9,2,NONE,,
COMMON_2,,773,37.2886085655,127.1065547646,-97.057935,-41.014126,1,9,2,NONE,,
COMMON_2,,774,37.2886066422,127.1065550373,-97.033783,-41.228228,1,9,2,NONE,,
COMMON_2,,775,37.2886045169,127.1065555716,-96.986463,-41.464816,1,9,2,NONE,,
COMMON_2,,776,37.2886030655,127.1065560979,-96.939851,-41.626386,1,9,2,NONE,,
COMMON_2,,777,37.2886012322,127.1065567646,-96.880805,-41.830469,1,9,2,NONE,,
COMMON_2,,778,37.2885993027,127.1065576731,-96.800344,-42.045261,1,9,2,NONE,,
COMMON_2,,779,37.2885975741,127.1065587773,-96.702550,-42.237689,1,9,2,NONE,,
COMMON_2,,780,37.2885961855,127.1065598459,-96.607909,-42.392268,1,9,2,NONE,,
COMMON_2,,781,37.2885946270,127.1065611994,-96.488037,-42.565760,1,9,2,NONE,,
COMMON_2,,782,37.2885932322,127.1065624312,-96.378942,-42.721029,1,9,2,NONE,,
COMMON_2,,783,37.2885917322,127.1065637646,-96.260849,-42.888009,1,9,2,NONE,,
COMMON_2,,784,37.2885902322,127.1065649312,-96.157529,-43.054989,1,9,2,NONE,,
COMMON_2,,785,37.2885887322,127.1065662646,-96.039437,-43.221969,1,9,2,NONE,,
COMMON_2,,786,37.2885873158,127.1065677176,-95.910752,-43.379643,1,9,2,NONE,,
COMMON_2,,787,37.2885859556,127.1065694273,-95.759332,-43.531060,1,9,2,NONE,,
COMMON_2,,788,37.2885848220,127.1065707808,-95.639459,-43.657252,1,9,2,NONE,,
COMMON_2,,789,37.2885838586,127.1065718850,-95.541666,-43.764498,1,9,2,NONE,,
COMMON_2,,790,37.2885825655,127.1065732646,-95.419481,-43.908446,1,9,2,NONE,,
COMMON_2,,791,37.2885815655,127.1065744312,-95.316161,-44.019766,1,9,2,NONE,,
COMMON_2,,792,37.2885802596,127.1065760168,-95.175732,-44.165139,1,9,2,NONE,,
COMMON_2,,793,37.2885791828,127.1065774059,-95.052707,-44.285008,1,9,2,NONE,,
COMMON_2,,794,37.2885782322,127.1065787646,-94.932373,-44.390829,1,9,2,NONE,,
COMMON_2,,795,37.2885773989,127.1065800979,-94.814289,-44.483592,1,9,2,NONE,,
COMMON_2,,796,37.2885765655,127.1065814312,-94.696205,-44.576366,1,9,2,NONE,,
COMMON_2,,797,37.2885755020,127.1065832593,-94.534300,-44.694755,1,9,2,NONE,,
COMMON_2,,798,37.2885745259,127.1065850798,-94.373067,-44.803414,1,9,2,NONE,,
COMMON_2,,799,37.2885736128,127.1065870190,-94.201322,-44.905060,1,9,2,NONE,,
COMMON_2,,800,37.2885727322,127.1065890979,-94.017204,-45.003089,1,9,3,NONE,,
COMMON_2,,801,37.2885717322,127.1065910979,-93.840073,-45.114409,1,9,3,NONE,,
COMMON_2,,802,37.2885708989,127.1065930979,-93.662943,-45.207172,1,9,3,NONE,,
COMMON_2,,803,37.2885698989,127.1065950979,-93.485813,-45.318492,1,9,3,NONE,,
COMMON_2,,804,37.2885687324,127.1065974276,-93.279483,-45.448347,1,9,3,NONE,,
COMMON_2,,805,37.2885679767,127.1065993273,-93.111236,-45.532471,1,9,3,NONE,,
COMMON_2,,806,37.2885672322,127.1066012646,-92.939659,-45.615349,1,9,3,NONE,,
COMMON_2,,807,37.2885663989,127.1066034312,-92.747774,-45.708112,1,9,3,NONE,,
COMMON_2,,808,37.2885653989,127.1066054312,-92.570643,-45.819432,1,9,3,NONE,,
COMMON_2,,809,37.2885644114,127.1066073767,-92.398337,-45.929368,1,9,3,NONE,,
COMMON_2,,810,37.2885634217,127.1066096043,-92.201053,-46.039534,1,9,3,NONE,,
COMMON_2,,811,37.2885625948,127.1066114032,-92.041733,-46.131584,1,9,3,NONE,,
COMMON_2,,812,37.2885619269,127.1066132022,-91.882404,-46.205935,1,9,3,NONE,,
COMMON_2,,813,37.2885612322,127.1066154312,-91.684993,-46.283269,1,9,3,NONE,,
COMMON_2,,814,37.2885603989,127.1066174312,-91.507862,-46.376032,1,9,3,NONE,,
COMMON_2,,815,37.2885595655,127.1066192646,-91.345487,-46.468806,1,9,3,NONE,,
COMMON_2,,816,37.2885589624,127.1066208702,-91.203287,-46.535946,1,9,3,NONE,,
COMMON_2,,817,37.2885583931,127.1066225569,-91.053906,-46.599320,1,9,3,NONE,,
COMMON_2,,818,37.2885577322,127.1066249312,-90.843624,-46.672889,1,9,3,NONE,,
COMMON_2,,819,37.2885570655,127.1066267646,-90.681249,-46.747106,1,9,3,NONE,,
COMMON_2,,820,37.2885563989,127.1066284312,-90.533647,-46.821312,1,9,3,NONE,,
COMMON_2,,821,37.2885555655,127.1066304312,-90.356516,-46.914086,1,9,3,NONE,,
COMMON_2,,822,37.2885548980,127.1066325106,-90.172354,-46.988392,1,9,3,NONE,,
COMMON_2,,823,37.2885543574,127.1066347493,-89.974083,-47.048572,1,9,3,NONE,,
COMMON_2,,824,37.2885538485,127.1066365882,-89.811221,-47.105222,1,9,3,NONE,,
COMMON_2,,825,37.2885534032,127.1066385870,-89.634197,-47.154793,1,9,3,NONE,,
COMMON_2,,826,37.2885527989,127.1066405858,-89.457173,-47.222064,1,9,3,NONE,,
COMMON_2,,827,37.2885521947,127.1066422248,-89.312015,-47.289323,1,9,3,NONE,,
COMMON_2,,828,37.2885513989,127.1066445979,-89.101841,-47.377912,1,9,3,NONE,,
COMMON_2,,829,37.2885507322,127.1066467646,-88.909947,-47.452129,1,9,3,NONE,,
COMMON_2,,830,37.2885498989,127.1066490979,-88.703298,-47.544892,1,9,3,NONE,,
COMMON_2,,831,37.2885490778,127.1066511395,-88.522484,-47.636297,1,9,3,NONE,,
COMMON_2,,832,37.2885480655,127.1066534312,-88.319519,-47.748986,1,9,3,NONE,,
COMMON_2,,833,37.2885468989,127.1066555979,-88.127625,-47.878852,1,9,3,NONE,,
COMMON_2,,834,37.2885458989,127.1066577646,-87.935731,-47.990172,1,9,3,NONE,,
COMMON_2,,835,37.2885448989,127.1066600979,-87.729083,-48.101492,1,9,3,NONE,,
COMMON_2,,836,37.2885441201,127.1066625773,-87.509497,-48.188193,1,9,3,NONE,,
COMMON_2,,837,37.2885433989,127.1066647646,-87.315776,-48.268472,1,9,3,NONE,,
COMMON_2,,838,37.2885425655,127.1066672646,-87.094363,-48.361246,1,9,3,NONE,,
COMMON_2,,839,37.2885418900,127.1066696484,-86.883242,-48.436443,1,9,3,NONE,,
COMMON_2,,840,37.2885410655,127.1066720979,-86.666302,-48.528226,1,9,3,NONE,,
COMMON_2,,841,37.2885403989,127.1066747646,-86.430125,-48.602432,1,9,3,NONE,,
COMMON_2,,842,37.2885398989,127.1066772646,-86.208712,-48.658092,1,9,3,NONE,,
COMMON_2,,843,37.2885392322,127.1066799312,-85.972545,-48.732309,1,9,3,NONE,,
COMMON_2,,844,37.2885385655,127.1066822646,-85.765887,-48.806526,1,9,3,NONE,,
COMMON_2,,845,37.2885380655,127.1066844312,-85.574002,-48.862186,1,9,3,NONE,,
COMMON_2,,846,37.2885373989,127.1066870979,-85.337825,-48.936392,1,9,3,NONE,,
COMMON_2,,847,37.2885368989,127.1066895979,-85.116413,-48.992052,1,9,3,NONE,,
COMMON_2,,848,37.2885363878,127.1066917552,-84.925351,-49.048947,1,9,3,NONE,,
COMMON_2,,849,37.2885355655,127.1066944312,-84.688351,-49.140486,1,9,3,NONE,,
COMMON_2,,850,37.2885345655,127.1066967646,-84.481693,-49.251806,1,9,3,NONE,,
COMMON_2,,851,37.2885335655,127.1066990979,-84.275044,-49.363126,1,9,3,NONE,,
COMMON_2,,852,37.2885327322,127.1067015979,-84.053632,-49.455889,1,9,3,NONE,,
COMMON_2,,853,37.2885320655,127.1067040979,-83.832219,-49.530106,1,9,3,NONE,,
COMMON_2,,854,37.2885312322,127.1067064312,-83.625570,-49.622869,1,9,3,NONE,,
COMMON_2,,855,37.2885303989,127.1067089312,-83.404157,-49.715632,1,9,3,NONE,,
COMMON_2,,856,37.2885296770,127.1067111037,-83.211750,-49.795994,1,9,3,NONE,,
COMMON_2,,857,37.2885287322,127.1067135979,-82.990851,-49.901169,1,9,3,NONE,,
COMMON_2,,858,37.2885280550,127.1067157009,-82.804598,-49.976555,1,9,3,NONE,,
COMMON_2,,859,37.2885272917,127.1067185392,-82.553224,-50.061525,1,9,3,NONE,,
COMMON_2,,860,37.2885265655,127.1067209312,-82.341376,-50.142366,1,9,3,NONE,,
COMMON_2,,861,37.2885255655,127.1067234312,-82.119964,-50.253686,1,9,3,NONE,,
COMMON_2,,862,37.2885248989,127.1067257646,-81.913306,-50.327892,1,9,3,NONE,,
COMMON_2,,863,37.2885240655,127.1067284312,-81.677138,-50.420666,1,9,3,NONE,,
COMMON_2,,864,37.2885234433,127.1067310917,-81.441511,-50.489929,1,9,3,NONE,,
COMMON_2,,865,37.2885227322,127.1067334312,-81.234313,-50.569089,1,9,3,NONE,,
COMMON_2,,866,37.2885217322,127.1067359312,-81.012900,-50.680409,1,9,3,NONE,,
COMMON_2,,867,37.2885208989,127.1067384312,-80.791487,-50.773172,1,9,3,NONE,,
COMMON_2,,868,37.2885200655,127.1067407646,-80.584829,-50.865946,1,9,3,NONE,,
COMMON_2,,869,37.2885192322,127.1067430979,-80.378181,-50.958709,1,9,3,NONE,,
COMMON_2,,870,37.2885182322,127.1067454312,-80.171532,-51.070029,1,9,3,NONE,,
COMMON_2,,871,37.2885174169,127.1067479901,-79.944902,-51.160789,1,9,3,NONE,,
COMMON_2,,872,37.2885163989,127.1067504312,-79.728706,-51.274112,1,9,3,NONE,,
COMMON_2,,873,37.2885155655,127.1067529312,-79.507294,-51.366886,1,9,3,NONE,,
COMMON_2,,874,37.2885147322,127.1067555979,-79.271117,-51.459649,1,9,3,NONE,,
COMMON_2,,875,37.2885135655,127.1067594312,-78.931620,-51.589526,1,9,3,NONE,,
COMMON_2,,876,37.2885125593,127.1067620980,-78.695433,-51.701543,1,9,3,NONE,,
COMMON_2,,877,37.2885115657,127.1067645496,-78.478312,-51.812151,1,9,3,NONE,,
COMMON_2,,878,37.2885108989,127.1067667646,-78.282137,-51.886372,1,9,3,NONE,,
COMMON_2,,879,37.2885102322,127.1067690979,-78.075488,-51.960589,1,9,3,NONE,,
COMMON_2,,880,37.2885093989,127.1067717646,-77.839312,-52.053352,1,9,3,NONE,,
COMMON_2,,881,37.2885086541,127.1067742259,-77.621327,-52.136263,1,9,3,NONE,,
COMMON_2,,882,37.2885077322,127.1067767646,-77.396486,-52.238889,1,9,3,NONE,,
COMMON_2,,883,37.2885067322,127.1067792646,-77.175074,-52.350209,1,9,3,NONE,,
COMMON_2,,884,37.2885058989,127.1067819312,-76.938906,-52.442972,1,9,3,NONE,,
COMMON_2,,885,37.2885050655,127.1067844312,-76.717493,-52.535746,1,9,3,NONE,,
COMMON_2,,886,37.2885043923,127.1067870583,-76.484824,-52.610687,1,9,3,NONE,,
COMMON_2,,887,37.2885035972,127.1067895368,-76.265315,-52.699197,1,9,3,NONE,,
COMMON_2,,888,37.2885028021,127.1067919753,-76.049349,-52.787708,1,9,3,NONE,,
COMMON_2,,889,37.2885018503,127.1067945231,-75.823701,-52.893660,1,9,3,NONE,,
COMMON_2,,890,37.2885010655,127.1067967646,-75.625185,-52.981026,1,9,3,NONE,,
COMMON_2,,891,37.2885002322,127.1067992646,-75.403772,-53.073789,1,9,3,NONE,,
COMMON_2,,892,37.2884995655,127.1068017646,-75.182359,-53.148006,1,9,3,NONE,,
COMMON_2,,893,37.2884987322,127.1068042646,-74.960947,-53.240769,1,9,3,NONE,,
COMMON_2,,894,37.2884977322,127.1068067646,-74.739534,-53.352089,1,9,3,NONE,,
COMMON_2,,895,37.2884969182,127.1068089652,-74.544638,-53.442703,1,9,3,NONE,,
COMMON_2,,896,37.2884958989,127.1068114312,-74.326236,-53.556172,1,9,3,NONE,,
COMMON_2,,897,37.2884950655,127.1068140979,-74.090060,-53.648946,1,9,3,NONE,,
COMMON_2,,898,37.2884942467,127.1068164008,-73.886103,-53.740095,1,9,3,NONE,,
COMMON_2,,899,37.2884932322,127.1068190979,-73.647234,-53.853029,1,9,3,NONE,,
COMMON_2,,900,37.2884922322,127.1068214312,-73.440585,-53.964349,1,9,3,NONE,,
COMMON_2,,901,37.2884913989,127.1068239312,-73.219173,-54.057112,1,9,3,NONE,,
COMMON_2,,902,37.2884905655,127.1068265979,-72.982996,-54.149886,1,9,3,NONE,,
COMMON_2,,903,37.2884899530,127.1068289932,-72.770856,-54.218069,1,9,3,NONE,,
COMMON_2,,904,37.2884892322,127.1068319312,-72.510652,-54.298309,1,9,3,NONE,,
COMMON_2,,905,37.2884883989,127.1068347646,-72.259712,-54.391072,1,9,3,NONE,,
COMMON_2,,906,37.2884875350,127.1068374945,-72.017939,-54.487246,1,9,3,NONE,,
COMMON_2,,907,37.2884867322,127.1068400979,-71.787367,-54.576609,1,9,3,NONE,,
COMMON_2,,908,37.2884859457,127.1068427450,-71.552927,-54.664162,1,9,3,NONE,,
COMMON_2,,909,37.2884853989,127.1068454312,-71.315023,-54.725032,1,9,3,NONE,,
COMMON_2,,910,37.2884845655,127.1068482646,-71.064083,-54.817806,1,9,3,NONE,,
COMMON_2,,911,37.2884837322,127.1068509312,-70.827915,-54.910569,1,9,3,NONE,,
COMMON_2,,912,37.2884828989,127.1068537646,-70.576975,-55.003332,1,9,3,NONE,,
COMMON_2,,913,37.2884820655,127.1068564312,-70.340807,-55.096106,1,9,3,NONE,,
COMMON_2,,914,37.2884813525,127.1068591421,-70.100720,-55.175478,1,9,3,NONE,,
COMMON_2,,915,37.2884805655,127.1068619312,-69.853699,-55.263086,1,9,3,NONE,,
COMMON_2,,916,37.2884795655,127.1068647646,-69.602759,-55.374406,1,9,3,NONE,,
COMMON_2,,917,37.2884783989,127.1068674312,-69.366591,-55.504272,1,9,3,NONE,,
COMMON_2,,918,37.2884776018,127.1068698555,-69.151883,-55.593009,1,9,3,NONE,,
COMMON_2,,919,37.2884764962,127.1068734840,-68.830530,-55.716081,1,9,3,NONE,,
COMMON_2,,920,37.2884757322,127.1068754312,-68.658071,-55.801129,1,9,3,NONE,,
COMMON_2,,921,37.2884745922,127.1068782704,-68.406617,-55.928037,1,9,3,NONE,,
COMMON_2,,922,37.2884735655,127.1068807645,-68.185726,-56.042326,1,9,3,NONE,,
COMMON_2,,923,37.2884725877,127.1068834007,-67.952251,-56.151175,1,9,3,NONE,,
COMMON_2,,924,37.2884715655,127.1068859312,-67.728137,-56.264966,1,9,3,NONE,,
COMMON_2,,925,37.2884705655,127.1068885978,-67.491970,-56.376286,1,9,3,NONE,,
COMMON_2,,926,37.2884695655,127.1068912646,-67.255784,-56.487606,1,9,3,NONE,,
COMMON_2,,927,37.2884685655,127.1068940978,-67.004862,-56.598926,1,9,3,NONE,,
COMMON_2,,928,37.2884675655,127.1068969312,-66.753921,-56.710246,1,9,3,NONE,,
COMMON_2,,929,37.2884665655,127.1068995978,-66.517754,-56.821566,1,9,3,NONE,,
COMMON_2,,930,37.2884655655,127.1069025978,-66.252058,-56.932886,1,9,3,NONE,,
COMMON_2,,931,37.2884645655,127.1069050978,-66.030646,-57.044206,1,9,3,NONE,,
COMMON_2,,932,37.2884635655,127.1069080978,-65.764950,-57.155526,1,9,3,NONE,,
COMMON_2,,933,37.2884627322,127.1069107645,-65.528774,-57.248289,1,9,3,NONE,,
COMMON_2,,934,37.2884618989,127.1069134312,-65.292597,-57.341052,1,9,3,NONE,,
COMMON_2,,935,37.2884610655,127.1069162645,-65.041666,-57.433826,1,9,3,NONE,,
COMMON_2,,936,37.2884602322,127.1069189311,-64.805498,-57.526589,1,9,3,NONE,,
COMMON_2,,937,37.2884593989,127.1069214311,-64.584086,-57.619352,1,9,3,NONE,,
COMMON_2,,938,37.2884583989,127.1069239311,-64.362673,-57.730672,1,9,3,NONE,,
COMMON_2,,939,37.2884575655,127.1069265978,-64.126496,-57.823446,1,9,3,NONE,,
COMMON_2,,940,37.2884567322,127.1069292645,-63.890320,-57.916209,1,9,3,NONE,,
COMMON_2,,941,37.2884560655,127.1069320978,-63.639388,-57.990426,1,9,3,NONE,,
COMMON_2,,942,37.2884552322,127.1069347645,-63.403212,-58.083189,1,9,3,NONE,,
COMMON_2,,943,37.2884543989,127.1069374311,-63.167044,-58.175952,1,9,3,NONE,,
COMMON_2,,944,37.2884535050,127.1069399669,-62.942461,-58.275461,1,9,3,NONE,,
COMMON_2,,945,37.2884525655,127.1069429311,-62.679936,-58.380046,1,9,3,NONE,,
COMMON_2,,946,37.2884517322,127.1069459311,-62.414241,-58.472809,1,9,3,NONE,,
COMMON_2,,947,37.2884508989,127.1069485978,-62.178065,-58.565572,1,9,3,NONE,,
COMMON_2,,948,37.2884498989,127.1069515978,-61.912369,-58.676892,1,9,3,NONE,,
COMMON_2,,949,37.2884488989,127.1069540978,-61.690957,-58.788212,1,9,3,NONE,,
COMMON_2,,950,37.2884480655,127.1069567645,-61.454780,-58.880986,1,9,3,NONE,,
COMMON_2,,951,37.2884472322,127.1069594311,-61.218612,-58.973749,1,9,3,NONE,,
COMMON_2,,952,37.2884462322,127.1069622645,-60.967672,-59.085069,1,9,3,NONE,,
COMMON_2,,953,37.2884450655,127.1069650978,-60.716741,-59.214946,1,9,3,NONE,,
COMMON_2,,954,37.2884440655,127.1069679311,-60.465809,-59.326266,1,9,3,NONE,,
COMMON_2,,955,37.2884428989,127.1069705978,-60.229633,-59.456132,1,9,3,NONE,,
COMMON_2,,956,37.2884420655,127.1069732645,-59.993456,-59.548906,1,9,3,NONE,,
COMMON_2,,957,37.2884412322,127.1069760978,-59.742525,-59.641669,1,9,3,NONE,,
COMMON_2,,958,37.2884402322,127.1069789311,-59.491593,-59.752989,1,9,3,NONE,,
COMMON_2,,959,37.2884395639,127.1069805915,-59.344540,-59.827384,1,9,3,NONE,,
COMMON_2,,960,37.2884387322,127.1069830978,-59.122569,-59.919969,1,9,3,NONE,,
COMMON_2,,961,37.2884378989,127.1069859311,-58.871638,-60.012732,1,9,3,NONE,,
COMMON_2,,962,37.2884370655,127.1069889311,-58.605942,-60.105506,1,9,3,NONE,,
COMMON_2,,963,37.2884362322,127.1069917645,-58.355002,-60.198269,1,9,3,NONE,,
COMMON_2,,964,37.2884353989,127.1069944311,-58.118834,-60.291032,1,9,3,NONE,,
COMMON_2,,965,37.2884343989,127.1069969311,-57.897422,-60.402352,1,9,3,NONE,,
COMMON_2,,966,37.2884333989,127.1069997645,-57.646481,-60.513672,1,9,3,NONE,,
COMMON_2,,967,37.2884325655,127.1070025978,-57.395550,-60.606446,1,9,3,NONE,,
COMMON_2,,968,37.2884317541,127.1070053323,-57.153369,-60.696771,1,9,3,NONE,,
COMMON_2,,969,37.2884308989,127.1070080978,-56.908442,-60.791972,1,9,3,NONE,,
COMMON_2,,970,37.2884298989,127.1070107645,-56.672266,-60.903292,1,9,3,NONE,,
COMMON_2,,971,37.2884287322,127.1070135978,-56.421334,-61.033169,1,9,3,NONE,,
COMMON_2,,972,37.2884278989,127.1070160978,-56.199921,-61.125932,1,9,3,NONE,,
COMMON_2,,973,37.2884268989,127.1070189311,-55.948990,-61.237252,1,9,3,NONE,,
COMMON_2,,974,37.2884260702,127.1070217869,-55.696065,-61.329509,1,9,3,NONE,,
COMMON_2,,975,37.2884252322,127.1070242645,-55.476637,-61.422789,1,9,3,NONE,,
COMMON_2,,976,37.2884243989,127.1070269311,-55.240469,-61.515552,1,9,3,NONE,,
COMMON_2,,977,37.2884235655,127.1070295978,-55.004293,-61.608326,1,9,3,NONE,,
COMMON_2,,978,37.2884225655,127.1070324311,-54.753361,-61.719646,1,9,3,NONE,,
COMMON_2,,979,37.2884218989,127.1070354311,-54.487666,-61.793852,1,9,3,NONE,,
COMMON_2,,980,37.2884209526,127.1070385325,-54.212991,-61.899197,1,9,3,NONE,,
COMMON_2,,981,37.2884200655,127.1070410978,-53.985794,-61.997946,1,9,3,NONE,,
COMMON_2,,982,37.2884188627,127.1070449283,-53.646550,-62.131842,1,9,3,NONE,,
COMMON_2,,983,37.2884183989,127.1070465978,-53.498686,-62.183472,1,9,3,NONE,,
COMMON_2,,984,37.2884177322,127.1070494311,-53.247755,-62.257689,1,9,3,NONE,,
COMMON_2,,985,37.2884168989,127.1070522645,-52.996815,-62.350452,1,9,3,NONE,,
COMMON_2,,986,37.2884160655,127.1070550978,-52.745883,-62.443226,1,9,3,NONE,,
COMMON_2,,987,37.2884150655,127.1070577645,-52.509707,-62.554546,1,9,3,NONE,,
COMMON_2,,988,37.2884142322,127.1070605978,-52.258775,-62.647309,1,9,3,NONE,,
COMMON_2,,989,37.2884133989,127.1070634311,-52.007844,-62.740072,1,9,3,NONE,,
COMMON_2,,990,37.2884125655,127.1070660978,-51.771667,-62.832846,1,9,3,NONE,,
COMMON_2,,991,37.2884115655,127.1070687645,-51.535491,-62.944166,1,9,3,NONE,,
COMMON_2,,992,37.2884108989,127.1070702645,-51.402643,-63.018372,1,9,3,NONE,,
COMMON_2,,993,37.2884098989,127.1070727645,-51.181230,-63.129692,1,9,3,NONE,,
COMMON_2,,994,37.2884090655,127.1070754311,-50.945063,-63.222466,1,9,3,NONE,,
COMMON_2,,995,37.2884082322,127.1070782645,-50.694122,-63.315229,1,9,3,NONE,,
COMMON_2,,996,37.2884075655,127.1070809311,-50.457955,-63.389446,1,9,3,NONE,,
COMMON_2,,997,37.2884067322,127.1070835978,-50.221778,-63.482209,1,9,3,NONE,,
COMMON_2,,998,37.2884058989,127.1070864311,-49.970847,-63.574972,1,9,3,NONE,,
COMMON_2,,999,37.2884048989,127.1070892645,-49.719906,-63.686292,1,9,3,NONE,,
COMMON_2,,1000,37.2884040655,127.1070919311,-49.483739,-63.779066,1,9,3,NONE,,
COMMON_2,,1001,37.2884032322,127.1070947645,-49.232798,-63.871829,1,9,3,NONE,,
COMMON_2,,1002,37.2884023989,127.1070975978,-48.981867,-63.964592,1,9,3,NONE,,
COMMON_2,,1003,37.2884013989,127.1071002645,-48.745690,-64.075912,1,9,3,NONE,,
COMMON_2,,1004,37.2884006343,127.1071032815,-48.478490,-64.161030,1,9,3,NONE,,
COMMON_2,,1005,37.2883997322,127.1071057645,-48.258582,-64.261449,1,9,3,NONE,,
COMMON_2,,1006,37.2883988989,127.1071085978,-48.007651,-64.354212,1,9,3,NONE,,
COMMON_2,,1007,37.2883980655,127.1071112645,-47.771475,-64.446986,1,9,3,NONE,,
COMMON_2,,1008,37.2883970655,127.1071139311,-47.535307,-64.558306,1,9,3,NONE,,
COMMON_2,,1009,37.2883962374,127.1071166320,-47.296103,-64.650490,1,9,3,NONE,,
COMMON_2,,1010,37.2883955250,127.1071184975,-47.130885,-64.729795,1,9,3,NONE,,
COMMON_2,,1011,37.2883945158,127.1071208107,-46.926013,-64.842144,1,9,3,NONE,,
COMMON_2,,1012,37.2883935655,127.1071235978,-46.679175,-64.947926,1,9,3,NONE,,
COMMON_2,,1013,37.2883924973,127.1071267057,-46.403923,-65.066841,1,9,3,NONE,,
COMMON_2,,1014,37.2883915655,127.1071289311,-46.206831,-65.170566,1,9,3,NONE,,
COMMON_2,,1015,37.2883905655,127.1071315978,-45.970654,-65.281886,1,9,3,NONE,,
COMMON_2,,1016,37.2883894696,127.1071347647,-45.690178,-65.403887,1,9,3,NONE,,
COMMON_2,,1017,37.2883887322,127.1071374311,-45.454027,-65.485969,1,9,3,NONE,,
COMMON_2,,1018,37.2883880655,127.1071402645,-45.203087,-65.560186,1,9,3,NONE,,
COMMON_2,,1019,37.2883872322,127.1071427645,-44.981674,-65.652949,1,9,3,NONE,,
COMMON_2,,1020,37.2883863989,127.1071454311,-44.745507,-65.745712,1,9,3,NONE,,
COMMON_2,,1021,37.2883853989,127.1071480978,-44.509330,-65.857032,1,9,3,NONE,,
COMMON_2,,1022,37.2883847322,127.1071507645,-44.273154,-65.931249,1,9,3,NONE,,
COMMON_2,,1023,37.2883838989,127.1071534311,-44.036986,-66.024012,1,9,3,NONE,,
COMMON_2,,1024,37.2883828989,127.1071560978,-43.800810,-66.135332,1,9,3,NONE,,
COMMON_2,,1025,37.2883818239,127.1071587973,-43.561728,-66.255001,1,9,3,NONE,,
COMMON_2,,1026,37.2883808613,127.1071611802,-43.350683,-66.362155,1,9,3,NONE,,
COMMON_2,,1027,37.2883797322,127.1071640978,-43.092289,-66.487849,1,9,3,NONE,,
COMMON_2,,1028,37.2883788989,127.1071667645,-42.856112,-66.580612,1,9,3,NONE,,
COMMON_2,,1029,37.2883780144,127.1071692939,-42.632096,-66.679074,1,9,3,NONE,,
COMMON_2,,1030,37.2883768989,127.1071719311,-42.398532,-66.803252,1,9,3,NONE,,
COMMON_2,,1031,37.2883762901,127.1071739403,-42.220587,-66.871028,1,9,3,NONE,,
COMMON_2,,1032,37.2883750655,127.1071770978,-41.940943,-67.007346,1,9,3,NONE,,
COMMON_2,,1033,37.2883742322,127.1071797645,-41.704766,-67.100109,1,9,3,NONE,,
COMMON_2,,1034,37.2883733989,127.1071825978,-41.453835,-67.192872,1,9,3,NONE,,
COMMON_2,,1035,37.2883727322,127.1071852645,-41.217658,-67.267089,1,9,3,NONE,,
COMMON_2,,1036,37.2883717188,127.1071881928,-40.958317,-67.379901,1,9,3,NONE,,
COMMON_2,,1037,37.2883705908,127.1071907298,-40.733620,-67.505468,1,9,3,NONE,,
COMMON_2,,1038,37.2883697322,127.1071934311,-40.494383,-67.601049,1,9,3,NONE,,
COMMON_2,,1039,37.2883688692,127.1071961771,-40.251182,-67.697121,1,9,3,NONE,,
COMMON_2,,1040,37.2883679833,127.1071987763,-40.020985,-67.795736,1,9,3,NONE,,
COMMON_2,,1041,37.2883667913,127.1072018483,-39.748917,-67.928427,1,9,3,NONE,,
COMMON_2,,1042,37.2883660655,127.1072040978,-39.549685,-68.009226,1,9,3,NONE,,
COMMON_2,,1043,37.2883652322,127.1072067645,-39.313509,-68.101989,1,9,3,NONE,,
COMMON_2,,1044,37.2883643357,127.1072099354,-39.032681,-68.201790,1,9,3,NONE,,
COMMON_2,,1045,37.2883635655,127.1072122645,-38.826401,-68.287526,1,9,3,NONE,,
COMMON_2,,1046,37.2883623738,127.1072152076,-38.565749,-68.420193,1,9,3,NONE,,
COMMON_2,,1047,37.2883615619,127.1072180988,-38.309690,-68.510567,1,9,3,NONE,,
COMMON_2,,1048,37.2883606970,127.1072202295,-38.120980,-68.606847,1,9,3,NONE,,
COMMON_2,,1049,37.2883598989,127.1072225978,-37.911231,-68.695692,1,9,3,NONE,,
COMMON_2,,1050,37.2883588989,127.1072254311,-37.660300,-68.807012,1,9,3,NONE,,
COMMON_2,,1051,37.2883578410,127.1072280479,-37.428545,-68.924781,1,9,3,NONE,,
COMMON_2,,1052,37.2883568989,127.1072307645,-37.187947,-69.029652,1,9,3,NONE,,
COMMON_2,,1053,37.2883559392,127.1072331306,-36.978393,-69.136486,1,9,3,NONE,,
COMMON_2,,1054,37.2883548989,127.1072359311,-36.730367,-69.252292,1,9,3,NONE,,
COMMON_2,,1055,37.2883542322,127.1072385978,-36.494190,-69.326509,1,9,3,NONE,,
COMMON_2,,1056,37.2883535655,127.1072412645,-36.258014,-69.400726,1,9,3,NONE,,
COMMON_2,,1057,37.2883525655,127.1072439311,-36.021846,-69.512046,1,9,3,NONE,,
COMMON_2,,1058,37.2883517305,127.1072467427,-35.772836,-69.604998,1,9,3,NONE,,
COMMON_2,,1059,37.2883508989,127.1072494311,-35.534738,-69.697572,1,9,3,NONE,,
COMMON_2,,1060,37.2883500655,127.1072520978,-35.298561,-69.790346,1,9,2,NONE,,
COMMON_2,,1061,37.2883492322,127.1072549311,-35.047630,-69.883109,1,9,2,NONE,,
COMMON_2,,1062,37.2883483989,127.1072574311,-34.826217,-69.975872,1,9,2,NONE,,
COMMON_2,,1063,37.2883474552,127.1072597693,-34.619134,-70.080925,1,9,2,NONE,,
COMMON_2,,1064,37.2883467232,127.1072623412,-34.391354,-70.162411,1,9,2,NONE,,
COMMON_2,,1065,37.2883460655,127.1072647645,-34.176734,-70.235626,1,9,2,NONE,,
COMMON_2,,1066,37.2883455655,127.1072670978,-33.970085,-70.291286,1,9,2,NONE,,
COMMON_2,,1067,37.2883450655,127.1072692645,-33.778191,-70.346946,1,9,2,NONE,,
COMMON_2,,1068,37.2883443989,127.1072715978,-33.571542,-70.421152,1,9,2,NONE,,
COMMON_2,,1069,37.2883435655,127.1072740978,-33.350130,-70.513926,1,9,2,NONE,,
COMMON_2,,1070,37.2883430655,127.1072762645,-33.158236,-70.569586,1,9,2,NONE,,
COMMON_2,,1071,37.2883425655,127.1072785978,-32.951587,-70.625246,1,9,2,NONE,,
COMMON_2,,1072,37.2883422150,127.1072807625,-32.759870,-70.664264,1,9,2,NONE,,
COMMON_2,,1073,37.2883417322,127.1072829311,-32.567808,-70.718009,1,9,2,NONE,,
COMMON_2,,1074,37.2883410655,127.1072852645,-32.361150,-70.792226,1,9,2,NONE,,
COMMON_2,,1075,37.2883405655,127.1072872645,-32.184020,-70.847886,1,9,2,NONE,,
COMMON_2,,1076,37.2883400655,127.1072892645,-32.006889,-70.903546,1,9,2,NONE,,
COMMON_2,,1077,37.2883396199,127.1072912172,-31.833948,-70.953150,1,9,2,NONE,,
COMMON_2,,1078,37.2883393205,127.1072930781,-31.669138,-70.986479,1,9,2,NONE,,
COMMON_2,,1079,37.2883389046,127.1072950227,-31.496914,-71.032777,1,9,2,NONE,,
COMMON_2,,1080,37.2883386384,127.1072966955,-31.348762,-71.062411,1,9,2,NONE,,
COMMON_2,,1081,37.2883384721,127.1072981382,-31.220990,-71.080923,1,9,2,NONE,,
COMMON_2,,1082,37.2883383889,127.1072994974,-31.100612,-71.090185,1,9,2,NONE,,
COMMON_2,,1083,37.2883382725,127.1073012747,-30.943205,-71.103143,1,9,2,NONE,,
COMMON_2,,1084,37.2883381560,127.1073034283,-30.752471,-71.116111,1,9,2,NONE,,
COMMON_2,,1085,37.2883378989,127.1073057645,-30.545566,-71.144732,1,9,2,NONE,,
COMMON_2,,1086,37.2883377068,127.1073077984,-30.365433,-71.166116,1,9,2,NONE,,
COMMON_2,,1087,37.2883376569,127.1073100148,-30.169137,-71.171671,1,9,2,NONE,,
COMMON_2,,1088,37.2883377322,127.1073119311,-29.999420,-71.163289,1,9,2,NONE,,
COMMON_2,,1089,37.2883377322,127.1073139311,-29.822290,-71.163289,1,9,2,NONE,,
COMMON_2,,1090,37.2883376736,127.1073162041,-29.620982,-71.169812,1,9,2,NONE,,
COMMON_2,,1091,37.2883376979,127.1073179203,-29.468986,-71.167107,1,9,2,NONE,,
COMMON_2,,1092,37.2883377278,127.1073201973,-29.267323,-71.163779,1,9,2,NONE,,
COMMON_2,,1093,37.2883377877,127.1073223238,-29.078990,-71.157111,1,9,2,NONE,,
COMMON_2,,1094,37.2883380422,127.1073248079,-28.858985,-71.128780,1,9,2,NONE,,
COMMON_2,,1095,37.2883385213,127.1073271978,-28.647324,-71.075446,1,9,2,NONE,,
COMMON_2,,1096,37.2883391951,127.1073294561,-28.447317,-71.000439,1,9,2,NONE,,
COMMON_2,,1097,37.2883398989,127.1073315978,-28.257637,-70.922092,1,9,2,NONE,,
COMMON_2,,1098,37.2883405725,127.1073340290,-28.042318,-70.847107,1,9,2,NONE,,
COMMON_2,,1099,37.2883413989,127.1073364311,-27.829576,-70.755112,1,9,2,NONE,,
COMMON_2,,1100,37.2883423989,127.1073387645,-27.622918,-70.643792,1,9,2,NONE,,
COMMON_2,,1101,37.2883433989,127.1073409311,-27.431033,-70.532472,1,9,2,NONE,,
COMMON_2,,1102,37.2883443989,127.1073430978,-27.239139,-70.421152,1,9,2,NONE,,
COMMON_2,,1103,37.2883453989,127.1073452645,-27.047245,-70.309832,1,9,2,NONE,,
COMMON_2,,1104,37.2883463965,127.1073475971,-26.840658,-70.198779,1,9,2,NONE,,
COMMON_2,,1105,37.2883473547,127.1073494790,-26.673987,-70.092112,1,9,2,NONE,,
COMMON_2,,1106,37.2883485655,127.1073515978,-26.486336,-69.957326,1,9,2,NONE,,
COMMON_2,,1107,37.2883498989,127.1073534311,-26.323969,-69.808892,1,9,2,NONE,,
COMMON_2,,1108,37.2883510655,127.1073554311,-26.146839,-69.679026,1,9,2,NONE,,
COMMON_2,,1109,37.2883522322,127.1073575978,-25.954945,-69.549149,1,9,2,NONE,,
COMMON_2,,1110,37.2883533989,127.1073597645,-25.763051,-69.419272,1,9,2,NONE,,
COMMON_2,,1111,37.2883547322,127.1073617645,-25.585921,-69.270849,1,9,2,NONE,,
COMMON_2,,1112,37.2883560655,127.1073635978,-25.423555,-69.122426,1,9,2,NONE,,
COMMON_2,,1113,37.2883575655,127.1073655978,-25.246424,-68.955446,1,9,2,NONE,,
COMMON_2,,1114,37.2883587322,127.1073675978,-25.069294,-68.825569,1,9,2,NONE,,
COMMON_2,,1115,37.2883602322,127.1073695978,-24.892164,-68.658589,1,9,2,NONE,,
COMMON_2,,1116,37.2883615198,127.1073713064,-24.740842,-68.515253,1,9,2,NONE,,
COMMON_2,,1117,37.2883629670,127.1073730419,-24.587137,-68.354151,1,9,2,NONE,,
COMMON_2,,1118,37.2883645655,127.1073747645,-24.434575,-68.176206,1,9,2,NONE,,
COMMON_2,,1119,37.2883658989,127.1073765977,-24.272217,-68.027772,1,9,2,NONE,,
COMMON_2,,1120,37.2883673989,127.1073782645,-24.124597,-67.860792,1,9,2,NONE,,
COMMON_2,,1121,37.2883690655,127.1073799310,-23.977003,-67.675266,1,9,2,NONE,,
COMMON_2,,1122,37.2883706692,127.1073812593,-23.859362,-67.496742,1,9,2,NONE,,
COMMON_2,,1123,37.2883722662,127.1073824512,-23.753802,-67.318964,1,9,2,NONE,,
COMMON_2,,1124,37.2883739298,127.1073837476,-23.638986,-67.133772,1,9,2,NONE,,
COMMON_2,,1125,37.2883756099,127.1073850440,-23.524170,-66.946743,1,9,2,NONE,,
COMMON_2,,1126,37.2883770655,127.1073862645,-23.416076,-66.784706,1,9,2,NONE,,
COMMON_2,,1127,37.2883785655,127.1073875977,-23.298001,-66.617726,1,9,2,NONE,,
COMMON_2,,1128,37.2883802322,127.1073890978,-23.165145,-66.432189,1,9,2,NONE,,
COMMON_2,,1129,37.2883818989,127.1073902645,-23.061816,-66.246652,1,9,2,NONE,,
COMMON_2,,1130,37.2883837322,127.1073914311,-22.958496,-66.042569,1,9,2,NONE,,
COMMON_2,,1131,37.2883855655,127.1073927645,-22.840403,-65.838486,1,9,2,NONE,,
COMMON_2,,1132,37.2883872322,127.1073940977,-22.722328,-65.652949,1,9,2,NONE,,
COMMON_2,,1133,37.2883890655,127.1073955978,-22.589472,-65.448866,1,9,2,NONE,,
COMMON_2,,1134,37.2883908989,127.1073969311,-22.471388,-65.244772,1,9,2,NONE,,
COMMON_2,,1135,37.2883927322,127.1073979311,-22.382823,-65.040689,1,9,2,NONE,,
COMMON_2,,1136,37.2883947074,127.1073989070,-22.296392,-64.820810,1,9,2,NONE,,
COMMON_2,,1137,37.2883965655,127.1073999310,-22.205702,-64.613966,1,9,2,NONE,,
COMMON_2,,1138,37.2883987498,127.1074008934,-22.120467,-64.370810,1,9,2,NONE,,
COMMON_2,,1139,37.2884007626,127.1074015834,-22.059357,-64.146745,1,9,2,NONE,,
COMMON_2,,1140,37.2884025655,127.1074020977,-22.013808,-63.946046,1,9,2,NONE,,
COMMON_2,,1141,37.2884046387,127.1074026288,-21.966771,-63.715257,1,9,2,NONE,,
COMMON_2,,1142,37.2884067322,127.1074032644,-21.910479,-63.482209,1,9,2,NONE,,
COMMON_2,,1143,37.2884090655,127.1074040977,-21.836677,-63.222466,1,9,2,NONE,,
COMMON_2,,1144,37.2884110655,127.1074047645,-21.777622,-62.999826,1,9,2,NONE,,
COMMON_2,,1145,37.2884123989,127.1074050977,-21.748112,-62.851392,1,9,2,NONE,,
COMMON_2,,1146,37.2884145655,127.1074055978,-21.703821,-62.610206,1,9,2,NONE,,
COMMON_2,,1147,37.2884168989,127.1074059311,-21.674302,-62.350452,1,9,2,NONE,,
COMMON_2,,1148,37.2884190655,127.1074064310,-21.630029,-62.109266,1,9,2,NONE,,
COMMON_2,,1149,37.2884212322,127.1074072644,-21.556218,-61.868069,1,9,2,NONE,,
COMMON_2,,1150,37.2884233989,127.1074082644,-21.467653,-61.626872,1,9,2,NONE,,
COMMON_2,,1151,37.2884255655,127.1074090978,-21.393843,-61.385686,1,9,2,NONE,,
COMMON_2,,1152,37.2884275655,127.1074099310,-21.320051,-61.163046,1,9,2,NONE,,
COMMON_2,,1153,37.2884297322,127.1074107644,-21.246241,-60.921849,1,9,2,NONE,,
COMMON_2,,1154,37.2884317322,127.1074115977,-21.172439,-60.699209,1,9,2,NONE,,
COMMON_2,,1155,37.2884338989,127.1074124311,-21.098629,-60.458012,1,9,2,NONE,,
COMMON_2,,1156,37.2884358966,127.1074133763,-21.014917,-60.235628,1,9,2,NONE,,
COMMON_2,,1157,37.2884380655,127.1074140977,-20.951027,-59.994186,1,9,2,NONE,,
COMMON_2,,1158,37.2884402717,127.1074147773,-20.890838,-59.748592,1,9,2,NONE,,
COMMON_2,,1159,37.2884423012,127.1074157600,-20.803805,-59.522668,1,9,2,NONE,,
COMMON_2,,1160,37.2884443989,127.1074167645,-20.714841,-59.289152,1,9,2,NONE,,
COMMON_2,,1161,37.2884465100,127.1074179764,-20.607509,-59.054144,1,9,2,NONE,,
COMMON_2,,1162,37.2884482322,127.1074189310,-20.522965,-58.862429,1,9,2,NONE,,
COMMON_2,,1163,37.2884502322,127.1074200978,-20.419627,-58.639789,1,9,2,NONE,,
COMMON_2,,1164,37.2884520655,127.1074210977,-20.331071,-58.435706,1,9,2,NONE,,
COMMON_2,,1165,37.2884538989,127.1074224311,-20.212978,-58.231612,1,9,2,NONE,,
COMMON_2,,1166,37.2884557322,127.1074235977,-20.109658,-58.027529,1,9,2,NONE,,
COMMON_2,,1167,37.2884575655,127.1074247644,-20.006329,-57.823446,1,9,2,NONE,,
COMMON_2,,1168,37.2884593989,127.1074259310,-19.903009,-57.619352,1,9,2,NONE,,
COMMON_2,,1169,37.2884613989,127.1074270977,-19.799681,-57.396712,1,9,2,NONE,,
COMMON_2,,1170,37.2884632322,127.1074280977,-19.711115,-57.192629,1,9,2,NONE,,
COMMON_2,,1171,37.2884650655,127.1074292644,-19.607787,-56.988546,1,9,2,NONE,,
COMMON_2,,1172,37.2884669881,127.1074304176,-19.505653,-56.774522,1,9,2,NONE,,
COMMON_2,,1173,37.2884687848,127.1074313585,-19.422322,-56.574513,1,9,2,NONE,,
COMMON_2,,1174,37.2884705655,127.1074320977,-19.356855,-56.376286,1,9,2,NONE,,
COMMON_2,,1175,37.2884725655,127.1074329310,-19.283054,-56.153646,1,9,2,NONE,,
COMMON_2,,1176,37.2884742322,127.1074337644,-19.209244,-55.968109,1,9,2,NONE,,
COMMON_2,,1177,37.2884760655,127.1074347644,-19.120679,-55.764026,1,9,2,NONE,,
COMMON_2,,1178,37.2884780340,127.1074358122,-19.027880,-55.544893,1,9,2,NONE,,
COMMON_2,,1179,37.2884797322,127.1074365977,-18.958312,-55.355849,1,9,2,NONE,,
COMMON_2,,1180,37.2884815441,127.1074372341,-18.901949,-55.154148,1,9,2,NONE,,
COMMON_2,,1181,37.2884832908,127.1074380704,-18.827882,-54.959706,1,9,2,NONE,,
COMMON_2,,1182,37.2884848989,127.1074389310,-18.751663,-54.780692,1,9,2,NONE,,
COMMON_2,,1183,37.2884868989,127.1074400977,-18.648334,-54.558052,1,9,2,NONE,,
COMMON_2,,1184,37.2884887322,127.1074409310,-18.574533,-54.353969,1,9,2,NONE,,
COMMON_2,,1185,37.2884903989,127.1074417644,-18.500723,-54.168432,1,9,2,NONE,,
COMMON_2,,1186,37.2884922322,127.1074424310,-18.441685,-53.964349,1,9,2,NONE,,
COMMON_2,,1187,37.2884940655,127.1074432644,-18.367875,-53.760266,1,9,2,NONE,,
COMMON_2,,1188,37.2884957322,127.1074442644,-18.279310,-53.574729,1,9,2,NONE,,
COMMON_2,,1189,37.2884973976,127.1074452633,-18.190843,-53.389337,1,9,2,NONE,,
COMMON_2,,1190,37.2884990612,127.1074460579,-18.120469,-53.204145,1,9,2,NONE,,
COMMON_2,,1191,37.2885003989,127.1074465977,-18.072661,-53.055232,1,9,2,NONE,,
COMMON_2,,1192,37.2885019058,127.1074471661,-18.022321,-52.887484,1,9,2,NONE,,
COMMON_2,,1193,37.2885032866,127.1074477725,-17.968615,-52.733773,1,9,2,NONE,,
COMMON_2,,1194,37.2885047322,127.1074485977,-17.895531,-52.572849,1,9,2,NONE,,
COMMON_2,,1195,37.2885062322,127.1074495977,-17.806966,-52.405869,1,9,2,NONE,,
COMMON_2,,1196,37.2885078989,127.1074509310,-17.688882,-52.220332,1,9,2,NONE,,
COMMON_2,,1197,37.2885092322,127.1074517644,-17.615072,-52.071909,1,9,2,NONE,,
COMMON_2,,1198,37.2885108989,127.1074525977,-17.541271,-51.886372,1,9,2,NONE,,
COMMON_2,,1199,37.2885124527,127.1074535644,-17.455655,-51.713403,1,9,2,NONE,,
COMMON_2,,1200,37.2885138989,127.1074545977,-17.364141,-51.552412,1,9,2,NONE,,
COMMON_2,,1201,37.2885155655,127.1074557644,-17.260812,-51.366886,1,9,2,NONE,,
COMMON_2,,1202,37.2885171771,127.1074566172,-17.185283,-51.187483,1,9,2,NONE,,
COMMON_2,,1203,37.2885190403,127.1074575163,-17.105655,-50.980071,1,9,2,NONE,,
COMMON_2,,1204,37.2885205655,127.1074580977,-17.054163,-50.810286,1,9,2,NONE,,
COMMON_2,,1205,37.2885220655,127.1074585977,-17.009880,-50.643306,1,9,2,NONE,,
COMMON_2,,1206,37.2885237315,127.1074593772,-16.940844,-50.457847,1,9,2,NONE,,
COMMON_2,,1207,37.2885253989,127.1074602644,-16.862269,-50.272232,1,9,2,NONE,,
COMMON_2,,1208,37.2885270752,127.1074609454,-16.801956,-50.085626,1,9,2,NONE,,
COMMON_2,,1209,37.2885287221,127.1074615100,-16.751952,-49.902293,1,9,2,NONE,,
COMMON_2,,1210,37.2885308989,127.1074620977,-16.699903,-49.659972,1,9,2,NONE,,
COMMON_2,,1211,37.2885328608,127.1074629135,-16.627651,-49.441573,1,9,2,NONE,,
COMMON_2,,1212,37.2885343808,127.1074633979,-16.584750,-49.272367,1,9,2,NONE,,
COMMON_2,,1213,37.2885367786,127.1074643666,-16.498957,-49.005444,1,9,2,NONE,,
COMMON_2,,1214,37.2885383842,127.1074651470,-16.429841,-48.826708,1,9,2,NONE,,
COMMON_2,,1215,37.2885400113,127.1074658736,-16.365490,-48.645579,1,9,2,NONE,,
COMMON_2,,1216,37.2885419167,127.1074666270,-16.298765,-48.433470,1,9,2,NONE,,
V_A,mission_parallel,0,37.2885443088,127.1074675413,-16.217793,-48.167188,1,10,2,NONE,AAA_V_IN,AAA_V_OUT
V_A,mission_parallel,1,37.2885533858,127.1074720217,-15.820988,-47.156728,1,10,2,NONE,AAA_V_IN,AAA_V_OUT
V_A,mission_parallel,2,37.2885555477,127.1074735460,-15.685983,-46.916067,1,10,2,NONE,AAA_V_IN,AAA_V_OUT
V_A,mission_parallel,3,37.2885576832,127.1074746064,-15.592066,-46.678341,1,10,2,NONE,AAA_V_IN,AAA_V_OUT
V_A,mission_parallel,4,37.2885599769,127.1074760314,-15.465866,-46.423006,1,10,2,NONE,AAA_V_IN,AAA_V_OUT
V_A,mission_parallel,5,37.2885620334,127.1074770918,-15.371950,-46.194085,1,10,2,NONE,AAA_V_IN,AAA_V_OUT
V_A,mission_parallel,6,37.2885645644,127.1074786493,-15.234010,-45.912336,1,10,2,NONE,AAA_V_IN,AAA_V_OUT
V_A,mission_parallel,7,37.2885663835,127.1074799085,-15.122485,-45.709829,1,10,2,NONE,AAA_V_IN,AAA_V_OUT
V_A,mission_parallel,8,37.2885684663,127.1074812341,-15.005089,-45.477973,1,10,2,NONE,AAA_V_IN,AAA_V_OUT
V_A,mission_parallel,9,37.2885707864,127.1074828247,-14.864215,-45.219703,1,10,2,NONE,AAA_V_IN,AAA_V_OUT
V_A,mission_parallel,10,37.2885726917,127.1074840918,-14.751991,-45.007598,1,10,2,NONE,AAA_V_IN,AAA_V_OUT
V_A,mission_parallel,11,37.2885746760,127.1074855738,-14.620740,-44.786706,1,10,2,NONE,AAA_V_IN,AAA_V_OUT
V_A,mission_parallel,12,37.2885768484,127.1074869302,-14.500607,-44.544878,1,10,2,NONE,AAA_V_IN,AAA_V_OUT
V_A,mission_parallel,13,37.2885786931,127.1074882101,-14.387261,-44.339526,1,10,2,NONE,AAA_V_IN,AAA_V_OUT
V_A,mission_parallel,14,37.2885804892,127.1074898174,-14.244905,-44.139581,1,10,2,NONE,AAA_V_IN,AAA_V_OUT
V_A,mission_parallel,15,37.2885826131,127.1074915016,-14.095741,-43.903150,1,10,2,NONE,AAA_V_IN,AAA_V_OUT
V_A,mission_parallel,16,37.2885847855,127.1074928581,-13.975608,-43.661322,1,10,2,NONE,AAA_V_IN,AAA_V_OUT
V_A,mission_parallel,17,37.2885868426,127.1074938485,-13.887891,-43.432318,1,10,2,NONE,AAA_V_IN,AAA_V_OUT
V_A,mission_parallel,18,37.2885881048,127.1074944833,-13.831674,-43.291816,1,10,2,NONE,AAA_V_IN,AAA_V_OUT
V_A,mission_parallel,19,37.2885903257,127.1074955120,-13.740560,-43.044580,1,10,2,NONE,AAA_V_IN,AAA_V_OUT
V_A,mission_parallel,20,37.2885925225,127.1074967046,-13.634938,-42.800036,1,10,2,NONE,AAA_V_IN,AAA_V_OUT
V_A,mission_parallel,21,37.2885948830,127.1074979357,-13.525910,-42.537262,1,10,2,NONE,AAA_V_IN,AAA_V_OUT
V_A,mission_parallel,22,37.2885971283,127.1074988006,-13.449310,-42.287322,1,10,2,NONE,AAA_V_IN,AAA_V_OUT
V_A,mission_parallel,23,37.2885995617,127.1074995401,-13.383815,-42.016436,1,10,2,NONE,AAA_V_IN,AAA_V_OUT
V_A,mission_parallel,24,37.2886018798,127.1074999135,-13.350748,-41.758383,1,10,2,NONE,AAA_V_IN,AAA_V_OUT
V_A,mission_parallel,25,37.2886039855,127.1075005762,-13.292050,-41.523972,1,10,2,NONE,AAA_V_IN,AAA_V_OUT
V_A,mission_parallel,26,37.2886066314,127.1075010264,-13.252184,-41.229434,1,10,2,NONE,AAA_V_IN,AAA_V_OUT
V_A,mission_parallel,27,37.2886089738,127.1075012359,-13.233622,-40.968679,1,10,2,NONE,AAA_V_IN,AAA_V_OUT
V_A,mission_parallel,28,37.2886113648,127.1075011178,-13.244088,-40.702515,1,10,2,NONE,AAA_V_IN,AAA_V_OUT
V_A,mission_parallel,29,37.2886137801,127.1075008358,-13.269058,-40.433637,1,10,2,NONE,AAA_V_IN,AAA_V_OUT
V_A,mission_parallel,30,37.2886159829,127.1075008432,-13.268409,-40.188420,1,10,2,NONE,AAA_V_IN,AAA_V_OUT
V_A,mission_parallel,31,37.2886185621,127.1075005996,-13.289981,-39.901310,1,10,2,NONE,AAA_V_IN,AAA_V_OUT
V_A,mission_parallel,32,37.2886209531,127.1075004814,-13.300445,-39.635135,1,10,2,NONE,AAA_V_IN,AAA_V_OUT
V_A,mission_parallel,33,37.2886233927,127.1075000356,-13.339930,-39.363564,1,10,2,NONE,AAA_V_IN,AAA_V_OUT
V_A,mission_parallel,34,37.2886256928,127.1074993875,-13.397327,-39.107520,1,10,2,NONE,AAA_V_IN,AAA_V_OUT
V_A,mission_parallel,35,37.2886278532,127.1074985373,-13.472628,-38.867016,1,10,2,NONE,AAA_V_IN,AAA_V_OUT
V_A,mission_parallel,36,37.2886301532,127.1074978892,-13.530027,-38.610983,1,10,2,NONE,AAA_V_IN,AAA_V_OUT
V_A,mission_parallel,37,37.2886326118,127.1074968308,-13.623766,-38.337296,1,10,2,NONE,AAA_V_IN,AAA_V_OUT
V_A,mission_parallel,38,37.2886348393,127.1074958322,-13.712208,-38.089328,1,10,2,NONE,AAA_V_IN,AAA_V_OUT
V_A,mission_parallel,39,37.2886368756,127.1074945489,-13.825860,-37.862649,1,10,2,NONE,AAA_V_IN,AAA_V_OUT
V_A,mission_parallel,40,37.2886390380,127.1074928497,-13.976354,-37.621926,1,10,2,NONE,AAA_V_IN,AAA_V_OUT
V_A,mission_parallel,41,37.2886408951,127.1074917588,-14.072966,-37.415193,1,10,2,NONE,AAA_V_IN,AAA_V_OUT
V_A,mission_parallel,42,37.2886431285,127.1074904170,-14.191800,-37.166577,1,10,2,NONE,AAA_V_IN,AAA_V_OUT
V_A,mission_parallel,43,37.2886453618,127.1074890752,-14.310635,-36.917961,1,10,2,NONE,AAA_V_IN,AAA_V_OUT
V_A,mission_parallel,44,37.2886474556,127.1074875312,-14.447383,-36.684884,1,10,2,NONE,AAA_V_IN,AAA_V_OUT
V_A,mission_parallel,45,37.2886494099,127.1074857849,-14.602042,-36.467334,1,10,2,NONE,AAA_V_IN,AAA_V_OUT
V_A,mission_parallel,46,37.2886511517,127.1074843280,-14.731072,-36.273437,1,10,2,NONE,AAA_V_IN,AAA_V_OUT
V_A,mission_parallel,47,37.2886532454,127.1074827840,-14.867820,-36.040359,1,10,2,NONE,AAA_V_IN,AAA_V_OUT
V_A,mission_parallel,48,37.2886553636,127.1074810761,-15.019080,-35.804567,1,10,2,NONE,AAA_V_IN,AAA_V_OUT
V_A,mission_parallel,49,37.2886573177,127.1074793298,-15.173741,-35.587028,1,10,2,NONE,AAA_V_IN,AAA_V_OUT
V_A,mission_parallel,50,37.2886593206,127.1074772559,-15.357419,-35.364071,1,10,2,NONE,AAA_V_IN,AAA_V_OUT
V_A,mission_parallel,51,37.2886609714,127.1074752690,-15.533382,-35.180304,1,10,2,NONE,AAA_V_IN,AAA_V_OUT
V_A,mission_parallel,52,37.2886627618,127.1074734844,-15.691441,-34.980998,1,10,2,NONE,AAA_V_IN,AAA_V_OUT
V_A,mission_parallel,53,37.2886637754,127.1074723655,-15.790532,-34.868162,1,10,2,NONE,AAA_V_IN,AAA_V_OUT
V_A,mission_parallel,54,37.2886656144,127.1074702532,-15.977609,-34.663448,1,10,2,NONE,AAA_V_IN,AAA_V_OUT
V_A,mission_parallel,55,37.2886665929,127.1074689148,-16.096149,-34.554519,1,10,2,NONE,AAA_V_IN,AAA_V_OUT
V_A,mission_parallel,56,37.2886681392,127.1074669453,-16.270577,-34.382385,1,10,2,NONE,AAA_V_IN,AAA_V_OUT
V_A,mission_parallel,57,37.2886697180,127.1074647846,-16.461942,-34.206630,1,10,2,NONE,AAA_V_IN,AAA_V_OUT
V_A,mission_parallel,58,37.2886713013,127.1074627693,-16.640423,-34.030378,1,10,2,NONE,AAA_V_IN,AAA_V_OUT
V_A,mission_parallel,59,37.2886730007,127.1074604548,-16.845405,-33.841204,1,10,2,NONE,AAA_V_IN,AAA_V_OUT
V_A,mission_parallel,60,37.2886747001,127.1074581402,-17.050396,-33.652028,1,10,2,NONE,AAA_V_IN,AAA_V_OUT
V_A,mission_parallel,61,37.2886762357,127.1074557873,-17.258785,-33.481085,1,10,2,NONE,AAA_V_IN,AAA_V_OUT
V_A,mission_parallel,62,37.2886774678,127.1074531938,-17.488477,-33.343925,1,10,2,NONE,AAA_V_IN,AAA_V_OUT
V_A,mission_parallel,63,37.2886788395,127.1074508025,-17.700265,-33.191224,1,10,2,NONE,AAA_V_IN,AAA_V_OUT
V_A,mission_parallel,64,37.2886801870,127.1074485750,-17.897539,-33.041228,1,10,2,NONE,AAA_V_IN,AAA_V_OUT
V_A,mission_parallel,65,37.2886810122,127.1074471317,-18.025367,-32.949359,1,10,2,NONE,AAA_V_IN,AAA_V_OUT
V_A,mission_parallel,66,37.2886822696,127.1074445317,-18.255636,-32.809392,1,10,2,NONE,AAA_V_IN,AAA_V_OUT
V_A,mission_parallel,67,37.2886833241,127.1074419827,-18.481389,-32.692000,1,10,2,NONE,AAA_V_IN,AAA_V_OUT
V_A,mission_parallel,68,37.2886842975,127.1074397906,-18.675537,-32.583639,1,10,2,NONE,AAA_V_IN,AAA_V_OUT
V_A,mission_parallel,69,37.2886854354,127.1074377640,-18.855018,-32.456972,1,10,2,NONE,AAA_V_IN,AAA_V_OUT
V_A,mission_parallel,70,37.2886865637,127.1074351516,-19.086385,-32.331372,1,10,2,NONE,AAA_V_IN,AAA_V_OUT
V_A,mission_parallel,71,37.2886874206,127.1074329592,-19.280556,-32.235979,1,10,2,NONE,AAA_V_IN,AAA_V_OUT
V_A,mission_parallel,72,37.2886883535,127.1074300024,-19.542430,-32.132132,1,10,2,NONE,AAA_V_IN,AAA_V_OUT
V_A,mission_parallel,73,37.2886892458,127.1074270455,-19.804304,-32.032801,1,10,2,NONE,AAA_V_IN,AAA_V_OUT
V_A,mission_parallel,74,37.2886899353,127.1074236298,-20.106813,-31.956044,1,10,2,NONE,AAA_V_IN,AAA_V_OUT
V_A,mission_parallel,75,37.2886903409,127.1074204181,-20.391263,-31.910894,1,10,2,NONE,AAA_V_IN,AAA_V_OUT
V_A,mission_parallel,76,37.2886906653,127.1074172573,-20.671197,-31.874773,1,10,2,NONE,AAA_V_IN,AAA_V_OUT
V_A,mission_parallel,77,37.2886909087,127.1074150142,-20.869860,-31.847683,1,10,2,NONE,AAA_V_IN,AAA_V_OUT
V_A,mission_parallel,78,37.2886911926,127.1074125671,-21.086583,-31.816077,1,10,2,NONE,AAA_V_IN,AAA_V_OUT
V_A,mission_parallel,79,37.2886917199,127.1074098652,-21.325882,-31.757381,1,10,2,NONE,AAA_V_IN,AAA_V_OUT
V_A,mission_parallel,80,37.2886922877,127.1074071632,-21.565180,-31.694170,1,10,2,NONE,AAA_V_IN,AAA_V_OUT
V_A,mission_parallel,81,37.2886929367,127.1074047162,-21.781903,-31.621929,1,10,2,NONE,AAA_V_IN,AAA_V_OUT
V_A,mission_parallel,82,37.2886938290,127.1074020142,-22.021202,-31.522598,1,10,2,NONE,AAA_V_IN,AAA_V_OUT
V_A,mission_parallel,83,37.2886945838,127.1073998333,-22.214356,-31.438576,1,10,2,NONE,AAA_V_IN,AAA_V_OUT
V_A,mission_parallel,84,37.2886953694,127.1073977178,-22.401716,-31.351122,1,10,2,NONE,AAA_V_IN,AAA_V_OUT
V_A,mission_parallel,85,37.2886962010,127.1073955390,-22.594681,-31.258548,1,10,2,NONE,AAA_V_IN,AAA_V_OUT
V_A,mission_parallel,86,37.2886968600,127.1073939203,-22.738045,-31.185180,1,10,2,NONE,AAA_V_IN,AAA_V_OUT
V_A,mission_parallel,87,37.2886977427,127.1073920007,-22.908049,-31.086919,1,10,2,NONE,AAA_V_IN,AAA_V_OUT
V_A,mission_parallel,88,37.2886985014,127.1073903137,-23.057463,-31.002459,1,10,2,NONE,AAA_V_IN,AAA_V_OUT
V_A,mission_parallel,89,37.2886992003,127.1073883813,-23.228605,-30.924663,1,10,2,NONE,AAA_V_IN,AAA_V_OUT
V_A,mission_parallel,90,37.2887003343,127.1073842118,-23.597872,-30.798421,1,10,2,NONE,AAA_V_IN,AAA_V_OUT
V_A,mission_parallel,91,37.2886988791,127.1073892358,-23.152925,-30.960416,-1,10,1,NONE,AAA_V_IN,AAA_V_OUT
V_A,mission_parallel,92,37.2886981334,127.1073914923,-22.953079,-31.043425,-1,10,1,NONE,AAA_V_IN,AAA_V_OUT
V_A,mission_parallel,93,37.2886976332,127.1073936339,-22.763404,-31.099117,-1,10,1,NONE,AAA_V_IN,AAA_V_OUT
V_A,mission_parallel,94,37.2886973424,127.1073955949,-22.589732,-31.131479,-1,10,1,NONE,AAA_V_IN,AAA_V_OUT
V_A,mission_parallel,95,37.2886970380,127.1073976484,-22.407859,-31.165369,-1,10,1,NONE,AAA_V_IN,AAA_V_OUT
V_A,mission_parallel,96,37.2886966563,127.1073996073,-22.234374,-31.207865,-1,10,1,NONE,AAA_V_IN,AAA_V_OUT
V_A,mission_parallel,97,37.2886964008,127.1074018445,-22.036233,-31.236304,-1,10,1,NONE,AAA_V_IN,AAA_V_OUT
V_A,mission_parallel,98,37.2886962879,127.1074042492,-21.823260,-31.248869,-1,10,1,NONE,AAA_V_IN,AAA_V_OUT
V_A,mission_parallel,99,37.2886963334,127.1074060812,-21.661012,-31.243807,-1,10,1,NONE,AAA_V_IN,AAA_V_OUT
V_A,mission_parallel,100,37.2886964068,127.1074085840,-21.439347,-31.235639,-1,10,1,NONE,AAA_V_IN,AAA_V_OUT
V_A,mission_parallel,101,37.2886966062,127.1074105259,-21.267363,-31.213435,-1,10,1,NONE,AAA_V_IN,AAA_V_OUT
V_A,mission_parallel,102,37.2886970295,127.1074128073,-21.065314,-31.166316,-1,10,1,NONE,AAA_V_IN,AAA_V_OUT
V_A,mission_parallel,103,37.2886975620,127.1074148653,-20.883045,-31.107041,-1,10,1,NONE,AAA_V_IN,AAA_V_OUT
V_A,mission_parallel,104,37.2886980377,127.1074163134,-20.754791,-31.054086,-1,10,1,NONE,AAA_V_IN,AAA_V_OUT
V_A,mission_parallel,105,37.2886986140,127.1074181437,-20.592693,-30.989931,-1,10,1,NONE,AAA_V_IN,AAA_V_OUT
V_A,mission_parallel,106,37.2886991661,127.1074201379,-20.416079,-30.928470,-1,10,1,NONE,AAA_V_IN,AAA_V_OUT
V_A,mission_parallel,107,37.2886997667,127.1074218044,-20.268487,-30.861613,-1,10,1,NONE,AAA_V_IN,AAA_V_OUT
V_A,mission_parallel,108,37.2887003673,127.1074234709,-20.120885,-30.794757,-1,10,1,NONE,AAA_V_IN,AAA_V_OUT
V_A,mission_parallel,109,37.2887010009,127.1074252611,-19.962338,-30.724223,-1,10,1,NONE,AAA_V_IN,AAA_V_OUT
V_A,mission_parallel,110,37.2887013977,127.1074266940,-19.835432,-30.680053,-1,10,1,NONE,AAA_V_IN,AAA_V_OUT
V_A,mission_parallel,111,37.2887017837,127.1074285073,-19.674839,-30.637076,-1,10,1,NONE,AAA_V_IN,AAA_V_OUT
V_A,mission_parallel,112,37.2887020835,127.1074304918,-19.499082,-30.603708,-1,10,1,NONE,AAA_V_IN,AAA_V_OUT
V_A,mission_parallel,113,37.2887022700,127.1074323157,-19.337547,-30.582942,-1,10,1,NONE,AAA_V_IN,AAA_V_OUT
V_A,mission_parallel,114,37.2887026055,127.1074346758,-19.128525,-30.545593,-1,10,1,NONE,AAA_V_IN,AAA_V_OUT
V_A,mission_parallel,115,37.2887027793,127.1074367131,-18.948092,-30.526243,-1,10,1,NONE,AAA_V_IN,AAA_V_OUT
V_A,mission_parallel,116,37.2887029292,127.1074386816,-18.773750,-30.509562,-1,10,1,NONE,AAA_V_IN,AAA_V_OUT
V_A,mission_parallel,117,37.2887029296,127.1074412468,-18.546562,-30.509512,-1,10,1,NONE,AAA_V_IN,AAA_V_OUT
V_A,mission_parallel,118,37.2887029615,127.1074428813,-18.401804,-30.505969,-1,10,1,NONE,AAA_V_IN,AAA_V_OUT
V_A,mission_parallel,119,37.2887030240,127.1074449251,-18.220797,-30.499012,-1,10,1,NONE,AAA_V_IN,AAA_V_OUT
V_A,mission_parallel,120,37.2887031820,127.1074468381,-18.051375,-30.481414,-1,10,1,NONE,AAA_V_IN,AAA_V_OUT
V_A,mission_parallel,121,37.2887032563,127.1074485974,-17.895556,-30.473149,-1,10,1,NONE,AAA_V_IN,AAA_V_OUT
V_A,mission_parallel,122,37.2887032508,127.1074505869,-17.719357,-30.473766,-1,10,1,NONE,AAA_V_IN,AAA_V_OUT
V_A,mission_parallel,123,37.2887031795,127.1074521974,-17.576727,-30.481694,-1,10,1,NONE,AAA_V_IN,AAA_V_OUT
V_A,mission_parallel,124,37.2887029661,127.1074542530,-17.394668,-30.505450,-1,10,1,NONE,AAA_V_IN,AAA_V_OUT
V_A,mission_parallel,125,37.2887027539,127.1074555816,-17.276999,-30.529075,-1,10,1,NONE,AAA_V_IN,AAA_V_OUT
V_A,mission_parallel,126,37.2887025938,127.1074565587,-17.190465,-30.546898,-1,10,1,NONE,AAA_V_IN,AAA_V_OUT
V_A,mission_parallel,127,37.2887023275,127.1074580469,-17.058665,-30.576542,-1,10,1,NONE,AAA_V_IN,AAA_V_OUT
V_A,mission_parallel,128,37.2887020365,127.1074597015,-16.912125,-30.608932,-1,10,1,NONE,AAA_V_IN,AAA_V_OUT
V_A,mission_parallel,129,37.2887017198,127.1074614268,-16.759326,-30.644187,-1,10,1,NONE,AAA_V_IN,AAA_V_OUT
V_A,mission_parallel,130,37.2887012419,127.1074634240,-16.582437,-30.697396,-1,10,1,NONE,AAA_V_IN,AAA_V_OUT
V_A,mission_parallel,131,37.2887007121,127.1074653006,-16.416241,-30.756367,-1,10,1,NONE,AAA_V_IN,AAA_V_OUT
V_A,mission_parallel,132,37.2887001087,127.1074677311,-16.200984,-30.823541,-1,10,1,NONE,AAA_V_IN,AAA_V_OUT
V_A,mission_parallel,133,37.2886995318,127.1074695676,-16.038331,-30.887764,-1,10,1,NONE,AAA_V_IN,AAA_V_OUT
V_A,mission_parallel,134,37.2886988074,127.1074718864,-15.832963,-30.968405,-1,10,1,NONE,AAA_V_IN,AAA_V_OUT
V_A,mission_parallel,135,37.2886997123,127.1074688634,-16.100702,-30.867661,1,10,2,NONE,AAA_V_IN,AAA_V_OUT
V_A,mission_parallel,136,37.2887001934,127.1074668512,-16.278910,-30.814105,1,10,2,NONE,AAA_V_IN,AAA_V_OUT
V_A,mission_parallel,137,37.2887007765,127.1074647118,-16.468382,-30.749199,1,10,2,NONE,AAA_V_IN,AAA_V_OUT
V_A,mission_parallel,138,37.2887013587,127.1074625267,-16.661908,-30.684387,1,10,2,NONE,AAA_V_IN,AAA_V_OUT
V_A,mission_parallel,139,37.2887017317,127.1074607375,-16.820368,-30.642868,1,10,2,NONE,AAA_V_IN,AAA_V_OUT
V_A,mission_parallel,140,37.2887020813,127.1074587967,-16.992260,-30.603953,1,10,2,NONE,AAA_V_IN,AAA_V_OUT
V_A,mission_parallel,141,37.2887023911,127.1074571046,-17.142120,-30.569461,1,10,2,NONE,AAA_V_IN,AAA_V_OUT
V_A,mission_parallel,142,37.2887027499,127.1074551978,-17.310992,-30.529523,1,10,2,NONE,AAA_V_IN,AAA_V_OUT
V_A,mission_parallel,143,37.2887030194,127.1074531744,-17.490193,-30.499517,1,10,2,NONE,AAA_V_IN,AAA_V_OUT
V_A,mission_parallel,144,37.2887031420,127.1074514229,-17.645316,-30.485876,1,10,2,NONE,AAA_V_IN,AAA_V_OUT
V_A,mission_parallel,145,37.2887031808,127.1074495177,-17.814051,-30.481554,1,10,2,NONE,AAA_V_IN,AAA_V_OUT
V_A,mission_parallel,146,37.2887031262,127.1074471739,-18.021633,-30.487636,1,10,2,NONE,AAA_V_IN,AAA_V_OUT
V_A,mission_parallel,147,37.2887029261,127.1074450926,-18.205962,-30.509906,1,10,2,NONE,AAA_V_IN,AAA_V_OUT
V_A,mission_parallel,148,37.2887028656,127.1074432136,-18.372378,-30.516638,1,10,2,NONE,AAA_V_IN,AAA_V_OUT
V_A,mission_parallel,149,37.2887029022,127.1074406791,-18.596843,-30.512565,1,10,2,NONE,AAA_V_IN,AAA_V_OUT
V_A,mission_parallel,150,37.2887029146,127.1074383085,-18.806800,-30.511183,1,10,2,NONE,AAA_V_IN,AAA_V_OUT
V_A,mission_parallel,151,37.2887027388,127.1074360634,-19.005634,-30.530751,1,10,2,NONE,AAA_V_IN,AAA_V_OUT
V_A,mission_parallel,152,37.2887024478,127.1074334522,-19.236896,-30.563152,1,10,2,NONE,AAA_V_IN,AAA_V_OUT
V_A,mission_parallel,153,37.2887021568,127.1074308410,-19.468155,-30.595543,1,10,2,NONE,AAA_V_IN,AAA_V_OUT
V_A,mission_parallel,154,37.2887020054,127.1074284320,-19.681512,-30.612404,1,10,2,NONE,AAA_V_IN,AAA_V_OUT
V_A,mission_parallel,155,37.2887019024,127.1074256954,-19.923880,-30.623860,1,10,2,NONE,AAA_V_IN,AAA_V_OUT
V_A,mission_parallel,156,37.2887017753,127.1074231225,-20.151742,-30.638018,1,10,2,NONE,AAA_V_IN,AAA_V_OUT
V_A,mission_parallel,157,37.2887014599,127.1074206751,-20.368498,-30.673123,1,10,2,NONE,AAA_V_IN,AAA_V_OUT
V_A,mission_parallel,158,37.2887010731,127.1074179693,-20.608142,-30.716181,1,10,2,NONE,AAA_V_IN,AAA_V_OUT
V_A,mission_parallel,159,37.2887008536,127.1074156167,-20.816496,-30.740621,1,10,2,NONE,AAA_V_IN,AAA_V_OUT
V_A,mission_parallel,160,37.2887007021,127.1074132078,-21.029845,-30.757484,1,10,2,NONE,AAA_V_IN,AAA_V_OUT
V_A,mission_parallel,161,37.2887007873,127.1074103454,-21.283346,-30.748000,1,10,2,NONE,AAA_V_IN,AAA_V_OUT
V_A,mission_parallel,162,37.2887007997,127.1074079750,-21.493286,-30.746622,1,10,2,NONE,AAA_V_IN,AAA_V_OUT
V_A,mission_parallel,163,37.2887006725,127.1074054022,-21.721148,-30.760780,1,10,2,NONE,AAA_V_IN,AAA_V_OUT
V_A,mission_parallel,164,37.2887006377,127.1074026607,-21.963948,-30.764648,1,10,2,NONE,AAA_V_IN,AAA_V_OUT
V_A,mission_parallel,165,37.2887007700,127.1074001694,-22.184590,-30.749918,1,10,2,NONE,AAA_V_IN,AAA_V_OUT
V_A,mission_parallel,166,37.2887010192,127.1073973457,-22.434672,-30.722183,1,10,2,NONE,AAA_V_IN,AAA_V_OUT
V_A,mission_parallel,167,37.2887012682,127.1073945219,-22.684757,-30.694459,1,10,2,NONE,AAA_V_IN,AAA_V_OUT
V_A,mission_parallel,168,37.2887013292,127.1073918236,-22.923734,-30.687670,1,10,2,NONE,AAA_V_IN,AAA_V_OUT
V_A,mission_parallel,169,37.2887015783,127.1073889999,-23.173818,-30.659946,1,10,2,NONE,AAA_V_IN,AAA_V_OUT
V_A,mission_parallel,170,37.2887016636,127.1073861376,-23.427318,-30.650450,1,10,2,NONE,AAA_V_IN,AAA_V_OUT
V_A,mission_parallel,171,37.2887018883,127.1073834778,-23.662880,-30.625433,1,10,2,NONE,AAA_V_IN,AAA_V_OUT
V_A,mission_parallel,172,37.2887021617,127.1073804902,-23.927478,-30.595004,1,10,2,NONE,AAA_V_IN,AAA_V_OUT
V_A,mission_parallel,173,37.2887022469,127.1073776280,-24.180969,-30.585511,1,10,2,NONE,AAA_V_IN,AAA_V_OUT
V_A,mission_parallel,174,37.2887023079,127.1073749298,-24.419937,-30.578723,1,10,2,NONE,AAA_V_IN,AAA_V_OUT
V_A,mission_parallel,175,37.2887023931,127.1073720676,-24.673430,-30.569241,1,10,2,NONE,AAA_V_IN,AAA_V_OUT
V_A,mission_parallel,176,37.2887026179,127.1073694077,-24.908999,-30.544210,1,10,2,NONE,AAA_V_IN,AAA_V_OUT
V_A,mission_parallel,177,37.2887028670,127.1073665839,-25.159092,-30.516485,1,10,2,NONE,AAA_V_IN,AAA_V_OUT
V_A,mission_parallel,178,37.2887031403,127.1073635963,-25.423691,-30.486056,1,10,2,NONE,AAA_V_IN,AAA_V_OUT
V_A,mission_parallel,179,37.2887031770,127.1073610618,-25.648153,-30.481972,1,10,2,NONE,AAA_V_IN,AAA_V_OUT
V_A,mission_parallel,180,37.2887034261,127.1073582381,-25.898238,-30.454248,1,10,2,NONE,AAA_V_IN,AAA_V_OUT
V_A,mission_parallel,181,37.2887037405,127.1073557703,-26.116797,-30.419251,1,10,2,NONE,AAA_V_IN,AAA_V_OUT
V_A,mission_parallel,182,37.2887041548,127.1073533227,-26.333570,-30.373128,1,10,2,NONE,AAA_V_IN,AAA_V_OUT
V_A,mission_parallel,183,37.2887047073,127.1073507395,-26.562351,-30.311621,1,10,2,NONE,AAA_V_IN,AAA_V_OUT
V_A,mission_parallel,184,37.2887052355,127.1073483202,-26.776617,-30.252819,1,10,2,NONE,AAA_V_IN,AAA_V_OUT
V_A,mission_parallel,185,37.2887055756,127.1073460264,-26.979770,-30.214963,1,10,2,NONE,AAA_V_IN,AAA_V_OUT
V_A,mission_parallel,186,37.2887059932,127.1073437752,-27.179143,-30.168482,1,10,2,NONE,AAA_V_IN,AAA_V_OUT
V_A,mission_parallel,187,37.2887062980,127.1073425484,-27.287800,-30.134545,1,10,2,NONE,AAA_V_IN,AAA_V_OUT
V_A,mission_parallel,188,37.2887066218,127.1073413861,-27.390733,-30.098503,1,10,2,NONE,AAA_V_IN,AAA_V_OUT
V_A,mission_parallel,189,37.2887070192,127.1073395811,-27.550596,-30.054260,1,10,2,NONE,AAA_V_IN,AAA_V_OUT
V_A,mission_parallel,190,37.2887074409,127.1073375050,-27.734469,-30.007314,1,10,2,NONE,AAA_V_IN,AAA_V_OUT
V_A,mission_parallel,191,37.2887079329,127.1073353405,-27.926166,-29.952544,1,10,2,NONE,AAA_V_IN,AAA_V_OUT
V_A,mission_parallel,192,37.2887084896,127.1073327925,-28.151826,-29.890582,1,10,2,NONE,AAA_V_IN,AAA_V_OUT
V_A,mission_parallel,193,37.2887090493,127.1073304226,-28.361717,-29.828271,1,10,2,NONE,AAA_V_IN,AAA_V_OUT
V_A,mission_parallel,194,37.2887094618,127.1073280898,-28.568328,-29.782357,1,10,2,NONE,AAA_V_IN,AAA_V_OUT
V_A,mission_parallel,195,37.2887099331,127.1073256458,-28.784778,-29.729885,1,10,2,NONE,AAA_V_IN,AAA_V_OUT
V_A,mission_parallel,196,37.2887106107,127.1073219799,-29.109452,-29.654455,1,10,2,NONE,AAA_V_IN,AAA_V_OUT
V_A,mission_parallel,197,37.2887112588,127.1073184620,-29.421008,-29.582305,1,10,2,NONE,AAA_V_IN,AAA_V_OUT
V_A,mission_parallel,198,37.2887118186,127.1073156107,-29.673533,-29.519994,1,10,2,NONE,AAA_V_IN,AAA_V_OUT
V_A,mission_parallel,199,37.2887122605,127.1073130927,-29.896541,-29.470801,1,10,2,NONE,AAA_V_IN,AAA_V_OUT
V_B,mission_parallel,0,37.2885439132,127.1074676123,-16.211502,-48.211226,1,10,2,NONE,AAA_V_IN,AAA_V_OUT
V_B,mission_parallel,1,37.2885469649,127.1074693171,-16.060514,-47.871502,1,10,2,NONE,AAA_V_IN,AAA_V_OUT
V_B,mission_parallel,2,37.2885486254,127.1074703174,-15.971921,-47.686665,1,10,2,NONE,AAA_V_IN,AAA_V_OUT
V_B,mission_parallel,3,37.2885504943,127.1074714334,-15.873089,-47.478609,1,10,2,NONE,AAA_V_IN,AAA_V_OUT
V_B,mission_parallel,4,37.2885526667,127.1074727898,-15.752956,-47.236780,1,10,2,NONE,AAA_V_IN,AAA_V_OUT
V_B,mission_parallel,5,37.2885539046,127.1074735884,-15.682233,-47.098981,1,10,2,NONE,AAA_V_IN,AAA_V_OUT
V_B,mission_parallel,6,37.2885558889,127.1074750703,-15.550983,-46.878089,1,10,2,NONE,AAA_V_IN,AAA_V_OUT
V_B,mission_parallel,7,37.2885580613,127.1074764267,-15.430850,-46.636261,1,10,2,NONE,AAA_V_IN,AAA_V_OUT
V_B,mission_parallel,8,37.2885602823,127.1074774556,-15.339733,-46.389014,1,10,2,NONE,AAA_V_IN,AAA_V_OUT
V_B,mission_parallel,9,37.2885623151,127.1074786098,-15.237504,-46.162726,1,10,2,NONE,AAA_V_IN,AAA_V_OUT
V_B,mission_parallel,10,37.2885642994,127.1074800918,-15.106254,-45.941834,1,10,2,NONE,AAA_V_IN,AAA_V_OUT
V_B,mission_parallel,11,37.2885655129,127.1074810542,-15.021018,-45.806739,1,10,2,NONE,AAA_V_IN,AAA_V_OUT
V_B,mission_parallel,12,37.2885676854,127.1074824107,-14.900882,-45.564900,1,10,2,NONE,AAA_V_IN,AAA_V_OUT
V_B,mission_parallel,13,37.2885689233,127.1074832092,-14.830160,-45.427100,1,10,2,NONE,AAA_V_IN,AAA_V_OUT
V_B,mission_parallel,14,37.2885710956,127.1074845657,-14.710026,-45.185272,1,10,2,NONE,AAA_V_IN,AAA_V_OUT
V_B,mission_parallel,15,37.2885731468,127.1074856880,-14.610624,-44.956940,1,10,2,NONE,AAA_V_IN,AAA_V_OUT
V_B,mission_parallel,16,37.2885753009,127.1074870764,-14.487662,-44.717144,1,10,2,NONE,AAA_V_IN,AAA_V_OUT
V_B,mission_parallel,17,37.2885774491,127.1074885968,-14.353012,-44.478010,1,10,2,NONE,AAA_V_IN,AAA_V_OUT
V_B,mission_parallel,18,37.2885786735,127.1074892882,-14.291776,-44.341704,1,10,2,NONE,AAA_V_IN,AAA_V_OUT
V_B,mission_parallel,19,37.2885799491,127.1074900300,-14.226073,-44.199708,1,10,2,NONE,AAA_V_IN,AAA_V_OUT
V_B,mission_parallel,20,37.2885822853,127.1074914249,-14.102540,-43.939636,1,10,2,NONE,AAA_V_IN,AAA_V_OUT
V_B,mission_parallel,21,37.2885845064,127.1074924537,-14.011424,-43.692390,1,10,2,NONE,AAA_V_IN,AAA_V_OUT
V_B,mission_parallel,22,37.2885857685,127.1074930883,-13.955216,-43.551886,1,10,2,NONE,AAA_V_IN,AAA_V_OUT
V_B,mission_parallel,23,37.2885878014,127.1074942426,-13.852985,-43.325586,1,10,2,NONE,AAA_V_IN,AAA_V_OUT
V_B,mission_parallel,24,37.2885890636,127.1074948773,-13.796776,-43.185083,1,10,2,NONE,AAA_V_IN,AAA_V_OUT
V_B,mission_parallel,25,37.2885903257,127.1074955120,-13.740560,-43.044580,1,10,2,NONE,AAA_V_IN,AAA_V_OUT
V_B,mission_parallel,26,37.2885927106,127.1074965792,-13.646046,-42.779101,1,10,2,NONE,AAA_V_IN,AAA_V_OUT
V_B,mission_parallel,27,37.2885949802,127.1074972803,-13.583957,-42.526446,1,10,2,NONE,AAA_V_IN,AAA_V_OUT
V_B,mission_parallel,28,37.2885972740,127.1074978175,-13.536376,-42.271098,1,10,2,NONE,AAA_V_IN,AAA_V_OUT
V_B,mission_parallel,29,37.2885994040,127.1074983164,-13.492192,-42.033982,1,10,2,NONE,AAA_V_IN,AAA_V_OUT
V_B,mission_parallel,30,37.2886016736,127.1074990175,-13.430097,-41.781339,1,10,2,NONE,AAA_V_IN,AAA_V_OUT
V_B,mission_parallel,31,37.2886041555,127.1074994293,-13.393631,-41.505044,1,10,2,NONE,AAA_V_IN,AAA_V_OUT
V_B,mission_parallel,32,37.2886064979,127.1074996388,-13.375069,-41.244289,1,10,2,NONE,AAA_V_IN,AAA_V_OUT
V_B,mission_parallel,33,37.2886088890,127.1074995207,-13.385533,-40.978114,1,10,2,NONE,AAA_V_IN,AAA_V_OUT
V_B,mission_parallel,34,37.2886111404,127.1074992004,-13.413903,-40.727490,1,10,2,NONE,AAA_V_IN,AAA_V_OUT
V_B,mission_parallel,35,37.2886133433,127.1074992077,-13.413253,-40.482262,1,10,2,NONE,AAA_V_IN,AAA_V_OUT
V_B,mission_parallel,36,37.2886157586,127.1074989258,-13.438224,-40.213395,1,10,2,NONE,AAA_V_IN,AAA_V_OUT
V_B,mission_parallel,37,37.2886182225,127.1074983161,-13.492221,-39.939108,1,10,2,NONE,AAA_V_IN,AAA_V_OUT
V_B,mission_parallel,38,37.2886204184,127.1074974954,-13.564906,-39.694665,1,10,2,NONE,AAA_V_IN,AAA_V_OUT
V_B,mission_parallel,39,37.2886225921,127.1074962878,-13.671852,-39.452692,1,10,2,NONE,AAA_V_IN,AAA_V_OUT
V_B,mission_parallel,40,37.2886247768,127.1074952737,-13.761667,-39.209483,1,10,2,NONE,AAA_V_IN,AAA_V_OUT
V_B,mission_parallel,41,37.2886270102,127.1074939319,-13.880501,-38.960868,1,10,2,NONE,AAA_V_IN,AAA_V_OUT
V_B,mission_parallel,42,37.2886292678,127.1074924263,-14.013850,-38.709547,1,10,2,NONE,AAA_V_IN,AAA_V_OUT
V_B,mission_parallel,43,37.2886312220,127.1074906800,-14.168511,-38.492009,1,10,2,NONE,AAA_V_IN,AAA_V_OUT
V_B,mission_parallel,44,37.2886322356,127.1074895611,-14.267602,-38.379173,1,10,2,NONE,AAA_V_IN,AAA_V_OUT
V_B,mission_parallel,45,37.2886339107,127.1074874104,-14.458079,-38.192702,1,10,2,NONE,AAA_V_IN,AAA_V_OUT
V_B,mission_parallel,46,37.2886357011,127.1074856258,-14.616137,-37.993396,1,10,2,NONE,AAA_V_IN,AAA_V_OUT
V_B,mission_parallel,47,37.2886378677,127.1074835902,-14.796418,-37.752206,1,10,2,NONE,AAA_V_IN,AAA_V_OUT
V_B,mission_parallel,48,37.2886397067,127.1074814779,-14.983496,-37.547492,1,10,2,NONE,AAA_V_IN,AAA_V_OUT
V_B,mission_parallel,49,37.2886412687,127.1074792286,-15.182705,-37.373605,1,10,2,NONE,AAA_V_IN,AAA_V_OUT
V_B,mission_parallel,50,37.2886427878,127.1074769973,-15.380319,-37.204500,1,10,2,NONE,AAA_V_IN,AAA_V_OUT
V_B,mission_parallel,51,37.2886444287,127.1074747852,-15.576236,-37.021839,1,10,2,NONE,AAA_V_IN,AAA_V_OUT
V_B,mission_parallel,52,37.2886460795,127.1074727984,-15.752199,-36.838073,1,10,2,NONE,AAA_V_IN,AAA_V_OUT
V_B,mission_parallel,53,37.2886477790,127.1074704838,-15.957188,-36.648886,1,10,2,NONE,AAA_V_IN,AAA_V_OUT
V_B,mission_parallel,54,37.2886494783,127.1074681693,-16.162170,-36.459712,1,10,2,NONE,AAA_V_IN,AAA_V_OUT
V_B,mission_parallel,55,37.2886508501,127.1074657780,-16.373958,-36.307012,1,10,2,NONE,AAA_V_IN,AAA_V_OUT
V_B,mission_parallel,56,37.2886522218,127.1074633867,-16.585746,-36.154311,1,10,2,NONE,AAA_V_IN,AAA_V_OUT
V_B,mission_parallel,57,37.2886537331,127.1074611976,-16.779621,-35.986072,1,10,2,NONE,AAA_V_IN,AAA_V_OUT
V_B,mission_parallel,58,37.2886554568,127.1074587192,-16.999117,-35.794194,1,10,2,NONE,AAA_V_IN,AAA_V_OUT
V_B,mission_parallel,59,37.2886570166,127.1074562025,-17.222011,-35.620548,1,10,2,NONE,AAA_V_IN,AAA_V_OUT
V_B,mission_parallel,60,37.2886585521,127.1074538496,-17.430401,-35.449615,1,10,2,NONE,AAA_V_IN,AAA_V_OUT
V_B,mission_parallel,61,37.2886599481,127.1074512945,-17.656694,-35.294212,1,10,2,NONE,AAA_V_IN,AAA_V_OUT
V_B,mission_parallel,62,37.2886614595,127.1074491054,-17.850569,-35.125973,1,10,2,NONE,AAA_V_IN,AAA_V_OUT
V_B,mission_parallel,63,37.2886631588,127.1074467908,-18.055560,-34.936797,1,10,2,NONE,AAA_V_IN,AAA_V_OUT
V_B,mission_parallel,64,37.2886640329,127.1074454697,-18.172564,-34.839501,1,10,2,NONE,AAA_V_IN,AAA_V_OUT
V_B,mission_parallel,65,37.2886655928,127.1074429530,-18.395457,-34.665854,1,10,2,NONE,AAA_V_IN,AAA_V_OUT
V_B,mission_parallel,66,37.2886668249,127.1074403594,-18.625159,-34.528692,1,10,2,NONE,AAA_V_IN,AAA_V_OUT
V_B,mission_parallel,67,37.2886680570,127.1074377659,-18.854851,-34.391532,1,10,2,NONE,AAA_V_IN,AAA_V_OUT
V_B,mission_parallel,68,37.2886691532,127.1074356588,-19.041464,-34.269510,1,10,2,NONE,AAA_V_IN,AAA_V_OUT
V_B,mission_parallel,69,37.2886701389,127.1074340151,-19.187042,-34.159778,1,10,2,NONE,AAA_V_IN,AAA_V_OUT
V_B,mission_parallel,70,37.2886715592,127.1074312961,-19.427849,-34.001670,1,10,2,NONE,AAA_V_IN,AAA_V_OUT
V_B,mission_parallel,71,37.2886727671,127.1074288665,-19.643026,-33.867203,1,10,2,NONE,AAA_V_IN,AAA_V_OUT
V_B,mission_parallel,72,37.2886738354,127.1074262346,-19.876118,-33.748286,1,10,2,NONE,AAA_V_IN,AAA_V_OUT
V_B,mission_parallel,73,37.2886755653,127.1074225709,-20.200600,-33.555710,1,10,2,NONE,AAA_V_IN,AAA_V_OUT
V_B,mission_parallel,74,37.2886768217,127.1074198135,-20.444807,-33.415845,1,10,2,NONE,AAA_V_IN,AAA_V_OUT
V_B,mission_parallel,75,37.2886780539,127.1074172200,-20.674497,-33.278674,1,10,2,NONE,AAA_V_IN,AAA_V_OUT
V_B,mission_parallel,76,37.2886791308,127.1074144666,-20.918357,-33.158803,1,10,2,NONE,AAA_V_IN,AAA_V_OUT
V_B,mission_parallel,77,37.2886801662,127.1074121202,-21.126165,-33.043533,1,10,2,NONE,AAA_V_IN,AAA_V_OUT
V_B,mission_parallel,78,37.2886811617,127.1074099799,-21.315721,-32.932716,1,10,2,NONE,AAA_V_IN,AAA_V_OUT
V_B,mission_parallel,79,37.2886823453,127.1074077141,-21.516395,-32.800964,1,10,2,NONE,AAA_V_IN,AAA_V_OUT
V_B,mission_parallel,80,37.2886835774,127.1074051205,-21.746096,-32.663802,1,10,2,NONE,AAA_V_IN,AAA_V_OUT
V_B,mission_parallel,81,37.2886847853,127.1074026909,-21.961272,-32.529335,1,10,2,NONE,AAA_V_IN,AAA_V_OUT
V_B,mission_parallel,82,37.2886861047,127.1074004590,-22.158938,-32.382459,1,10,2,NONE,AAA_V_IN,AAA_V_OUT
V_B,mission_parallel,83,37.2886867226,127.1073991680,-22.273275,-32.313685,1,10,2,NONE,AAA_V_IN,AAA_V_OUT
V_B,mission_parallel,84,37.2886888948,127.1073948912,-22.652051,-32.071869,1,10,2,NONE,AAA_V_IN,AAA_V_OUT
V_B,mission_parallel,85,37.2886871054,127.1073984346,-22.338234,-32.271064,-1,10,1,NONE,AAA_V_IN,AAA_V_OUT
V_B,mission_parallel,86,37.2886864173,127.1074003026,-22.172796,-32.347661,-1,10,1,NONE,AAA_V_IN,AAA_V_OUT
V_B,mission_parallel,87,37.2886860094,127.1074017193,-22.047323,-32.393078,-1,10,1,NONE,AAA_V_IN,AAA_V_OUT
V_B,mission_parallel,88,37.2886854711,127.1074032878,-21.908409,-32.453001,-1,10,1,NONE,AAA_V_IN,AAA_V_OUT
V_B,mission_parallel,89,37.2886849802,127.1074046468,-21.788043,-32.507646,-1,10,1,NONE,AAA_V_IN,AAA_V_OUT
V_B,mission_parallel,90,37.2886844355,127.1074064718,-21.626414,-32.568281,-1,10,1,NONE,AAA_V_IN,AAA_V_OUT
V_B,mission_parallel,91,37.2886839883,127.1074083579,-21.459375,-32.618057,-1,10,1,NONE,AAA_V_IN,AAA_V_OUT
V_B,mission_parallel,92,37.2886833098,127.1074105726,-21.263227,-32.693594,-1,10,1,NONE,AAA_V_IN,AAA_V_OUT
V_B,mission_parallel,93,37.2886827898,127.1074122310,-21.116348,-32.751480,-1,10,1,NONE,AAA_V_IN,AAA_V_OUT
V_B,mission_parallel,94,37.2886822054,127.1074139128,-20.967407,-32.816534,-1,10,1,NONE,AAA_V_IN,AAA_V_OUT
V_B,mission_parallel,95,37.2886813937,127.1074163069,-20.755373,-32.906898,-1,10,1,NONE,AAA_V_IN,AAA_V_OUT
V_B,mission_parallel,96,37.2886809260,127.1074179201,-20.612498,-32.958954,-1,10,1,NONE,AAA_V_IN,AAA_V_OUT
V_B,mission_parallel,97,37.2886804082,127.1074196363,-20.460501,-33.016594,-1,10,1,NONE,AAA_V_IN,AAA_V_OUT
V_B,mission_parallel,98,37.2886798134,127.1074213619,-20.307670,-33.082814,-1,10,1,NONE,AAA_V_IN,AAA_V_OUT
V_B,mission_parallel,99,37.2886789935,127.1074235209,-20.116464,-33.174083,-1,10,1,NONE,AAA_V_IN,AAA_V_OUT
V_B,mission_parallel,100,37.2886783210,127.1074253645,-19.953179,-33.248947,-1,10,1,NONE,AAA_V_IN,AAA_V_OUT
V_B,mission_parallel,101,37.2886777322,127.1074271792,-19.792466,-33.314496,-1,10,1,NONE,AAA_V_IN,AAA_V_OUT
V_B,mission_parallel,102,37.2886772295,127.1074288225,-19.646920,-33.370447,-1,10,1,NONE,AAA_V_IN,AAA_V_OUT
V_B,mission_parallel,103,37.2886767903,127.1074303174,-19.514526,-33.419338,-1,10,1,NONE,AAA_V_IN,AAA_V_OUT
V_B,mission_parallel,104,37.2886762006,127.1074320935,-19.357229,-33.484991,-1,10,1,NONE,AAA_V_IN,AAA_V_OUT
V_B,mission_parallel,105,37.2886757365,127.1074336554,-19.218895,-33.536658,-1,10,1,NONE,AAA_V_IN,AAA_V_OUT
V_B,mission_parallel,106,37.2886751675,127.1074352550,-19.077229,-33.599991,-1,10,1,NONE,AAA_V_IN,AAA_V_OUT
V_B,mission_parallel,107,37.2886745986,127.1074373439,-18.892229,-33.663325,-1,10,1,NONE,AAA_V_IN,AAA_V_OUT
V_B,mission_parallel,108,37.2886740079,127.1074396860,-18.684797,-33.729083,-1,10,1,NONE,AAA_V_IN,AAA_V_OUT
V_B,mission_parallel,109,37.2886736935,127.1074413797,-18.534797,-33.764083,-1,10,1,NONE,AAA_V_IN,AAA_V_OUT
V_B,mission_parallel,110,37.2886733830,127.1074433218,-18.362789,-33.798642,-1,10,1,NONE,AAA_V_IN,AAA_V_OUT
V_B,mission_parallel,111,37.2886729786,127.1074456646,-18.155305,-33.843657,-1,10,1,NONE,AAA_V_IN,AAA_V_OUT
V_B,mission_parallel,112,37.2886726360,127.1074475917,-17.984630,-33.881801,-1,10,1,NONE,AAA_V_IN,AAA_V_OUT
V_B,mission_parallel,113,37.2886723105,127.1074495944,-17.807257,-33.918035,-1,10,1,NONE,AAA_V_IN,AAA_V_OUT
V_B,mission_parallel,114,37.2886720845,127.1074511187,-17.672260,-33.943190,-1,10,1,NONE,AAA_V_IN,AAA_V_OUT
V_B,mission_parallel,115,37.2886718996,127.1074524317,-17.555970,-33.963772,-1,10,1,NONE,AAA_V_IN,AAA_V_OUT
V_B,mission_parallel,116,37.2886717196,127.1074537488,-17.439326,-33.983809,-1,10,1,NONE,AAA_V_IN,AAA_V_OUT
V_B,mission_parallel,117,37.2886715955,127.1074547916,-17.346966,-33.997633,-1,10,1,NONE,AAA_V_IN,AAA_V_OUT
V_B,mission_parallel,118,37.2886714945,127.1074560888,-17.232079,-34.008873,-1,10,1,NONE,AAA_V_IN,AAA_V_OUT
V_B,mission_parallel,119,37.2886714277,127.1074575663,-17.101230,-34.016303,-1,10,1,NONE,AAA_V_IN,AAA_V_OUT
V_B,mission_parallel,120,37.2886713266,127.1074596866,-16.913446,-34.027561,-1,10,1,NONE,AAA_V_IN,AAA_V_OUT
V_B,mission_parallel,121,37.2886710792,127.1074626914,-16.647318,-34.055103,-1,10,1,NONE,AAA_V_IN,AAA_V_OUT
V_B,mission_parallel,122,37.2886708838,127.1074653448,-16.412328,-34.076855,-1,10,1,NONE,AAA_V_IN,AAA_V_OUT
V_B,mission_parallel,123,37.2886708156,127.1074672430,-16.244212,-34.084448,-1,10,1,NONE,AAA_V_IN,AAA_V_OUT
V_B,mission_parallel,124,37.2886707915,127.1074691516,-16.075172,-34.087128,-1,10,1,NONE,AAA_V_IN,AAA_V_OUT
V_B,mission_parallel,125,37.2886707840,127.1074709492,-15.915968,-34.087964,-1,10,1,NONE,AAA_V_IN,AAA_V_OUT
V_B,mission_parallel,126,37.2886708268,127.1074725098,-15.777757,-34.083200,-1,10,1,NONE,AAA_V_IN,AAA_V_OUT
V_B,mission_parallel,127,37.2886709903,127.1074743858,-15.611611,-34.065004,-1,10,1,NONE,AAA_V_IN,AAA_V_OUT
V_B,mission_parallel,128,37.2886711119,127.1074756202,-15.502278,-34.051463,-1,10,1,NONE,AAA_V_IN,AAA_V_OUT
V_B,mission_parallel,129,37.2886712599,127.1074785000,-15.247229,-34.034991,-1,10,1,NONE,AAA_V_IN,AAA_V_OUT
V_B,mission_parallel,130,37.2886713483,127.1074808058,-15.043017,-34.025152,-1,10,1,NONE,AAA_V_IN,AAA_V_OUT
V_B,mission_parallel,131,37.2886713155,127.1074832867,-14.823301,-34.028794,-1,10,1,NONE,AAA_V_IN,AAA_V_OUT
V_B,mission_parallel,132,37.2886713936,127.1074851234,-14.660629,-34.020108,-1,10,1,NONE,AAA_V_IN,AAA_V_OUT
V_B,mission_parallel,133,37.2886716120,127.1074877588,-14.427226,-33.995794,-1,10,1,NONE,AAA_V_IN,AAA_V_OUT
V_B,mission_parallel,134,37.2886718155,127.1074900845,-14.221249,-33.973141,-1,10,1,NONE,AAA_V_IN,AAA_V_OUT
V_B,mission_parallel,135,37.2886720793,127.1074920031,-14.051327,-33.943770,-1,10,1,NONE,AAA_V_IN,AAA_V_OUT
V_B,mission_parallel,136,37.2886723393,127.1074937126,-13.899926,-33.914831,-1,10,1,NONE,AAA_V_IN,AAA_V_OUT
V_B,mission_parallel,137,37.2886725175,127.1074953803,-13.752229,-33.894991,-1,10,1,NONE,AAA_V_IN,AAA_V_OUT
V_B,mission_parallel,138,37.2886727130,127.1074971501,-13.595482,-33.873227,-1,10,1,NONE,AAA_V_IN,AAA_V_OUT
V_B,mission_parallel,139,37.2886728317,127.1074992261,-13.411625,-33.860018,-1,10,1,NONE,AAA_V_IN,AAA_V_OUT
V_B,mission_parallel,140,37.2886731410,127.1075015573,-13.205157,-33.825589,-1,10,1,NONE,AAA_V_IN,AAA_V_OUT
V_B,mission_parallel,141,37.2886735771,127.1075039567,-12.992660,-33.777032,-1,10,1,NONE,AAA_V_IN,AAA_V_OUT
V_B,mission_parallel,142,37.2886738667,127.1075058047,-12.828987,-33.744797,-1,10,1,NONE,AAA_V_IN,AAA_V_OUT
V_B,mission_parallel,143,37.2886741782,127.1075074865,-12.680043,-33.710120,-1,10,1,NONE,AAA_V_IN,AAA_V_OUT
V_B,mission_parallel,144,37.2886744157,127.1075088812,-12.556519,-33.683680,-1,10,1,NONE,AAA_V_IN,AAA_V_OUT
V_B,mission_parallel,145,37.2886747483,127.1075107927,-12.387229,-33.646658,-1,10,1,NONE,AAA_V_IN,AAA_V_OUT
V_B,mission_parallel,146,37.2886749867,127.1075120970,-12.271709,-33.620120,-1,10,1,NONE,AAA_V_IN,AAA_V_OUT
V_B,mission_parallel,147,37.2886752304,127.1075137620,-12.124254,-33.592992,-1,10,1,NONE,AAA_V_IN,AAA_V_OUT
V_B,mission_parallel,148,37.2886755668,127.1075156019,-11.961303,-33.555539,-1,10,1,NONE,AAA_V_IN,AAA_V_OUT
V_B,mission_parallel,149,37.2886759203,127.1075174638,-11.796396,-33.516197,-1,10,1,NONE,AAA_V_IN,AAA_V_OUT
V_B,mission_parallel,150,37.2886763522,127.1075191729,-11.645032,-33.468115,-1,10,1,NONE,AAA_V_IN,AAA_V_OUT
V_B,mission_parallel,151,37.2886768742,127.1075207883,-11.501962,-33.410006,-1,10,1,NONE,AAA_V_IN,AAA_V_OUT
V_B,mission_parallel,152,37.2886774807,127.1075223469,-11.363931,-33.342488,-1,10,1,NONE,AAA_V_IN,AAA_V_OUT
V_B,mission_parallel,153,37.2886782676,127.1075240243,-11.215365,-33.254885,-1,10,1,NONE,AAA_V_IN,AAA_V_OUT
V_B,mission_parallel,154,37.2886797302,127.1075271326,-10.940082,-33.092074,-1,10,1,NONE,AAA_V_IN,AAA_V_OUT
V_B,mission_parallel,155,37.2886787053,127.1075250541,-11.124161,-33.206169,1,10,2,NONE,AAA_V_IN,AAA_V_OUT
V_B,mission_parallel,156,37.2886781681,127.1075239521,-11.221763,-33.265968,1,10,2,NONE,AAA_V_IN,AAA_V_OUT
V_B,mission_parallel,157,37.2886777332,127.1075230845,-11.298604,-33.314382,1,10,2,NONE,AAA_V_IN,AAA_V_OUT
V_B,mission_parallel,158,37.2886771221,127.1075216720,-11.423703,-33.382408,1,10,2,NONE,AAA_V_IN,AAA_V_OUT
V_B,mission_parallel,159,37.2886765131,127.1075199573,-11.575560,-33.450203,1,10,2,NONE,AAA_V_IN,AAA_V_OUT
V_B,mission_parallel,160,37.2886760114,127.1075181127,-11.738929,-33.506047,1,10,2,NONE,AAA_V_IN,AAA_V_OUT
V_B,mission_parallel,161,37.2886755351,127.1075160969,-11.917456,-33.559067,1,10,2,NONE,AAA_V_IN,AAA_V_OUT
V_B,mission_parallel,162,37.2886751845,127.1075140663,-12.097297,-33.598106,1,10,2,NONE,AAA_V_IN,AAA_V_OUT
V_B,mission_parallel,163,37.2886748370,127.1075120782,-12.273376,-33.636786,1,10,2,NONE,AAA_V_IN,AAA_V_OUT
V_B,mission_parallel,164,37.2886745675,127.1075100270,-12.455043,-33.666786,1,10,2,NONE,AAA_V_IN,AAA_V_OUT
V_B,mission_parallel,165,37.2886741612,127.1075075184,-12.677212,-33.712011,1,10,2,NONE,AAA_V_IN,AAA_V_OUT
V_B,mission_parallel,166,37.2886737973,127.1075053988,-12.864941,-33.752524,1,10,2,NONE,AAA_V_IN,AAA_V_OUT
V_B,mission_parallel,167,37.2886732939,127.1075030769,-13.070580,-33.808565,1,10,2,NONE,AAA_V_IN,AAA_V_OUT
V_B,mission_parallel,168,37.2886728949,127.1075007542,-13.276287,-33.852976,1,10,2,NONE,AAA_V_IN,AAA_V_OUT
V_B,mission_parallel,169,37.2886726875,127.1074984693,-13.478651,-33.876064,1,10,2,NONE,AAA_V_IN,AAA_V_OUT
V_B,mission_parallel,170,37.2886726513,127.1074959754,-13.699519,-33.880100,1,10,2,NONE,AAA_V_IN,AAA_V_OUT
V_B,mission_parallel,171,37.2886725241,127.1074934026,-13.927381,-33.894259,1,10,2,NONE,AAA_V_IN,AAA_V_OUT
V_B,mission_parallel,172,37.2886722088,127.1074909552,-14.144135,-33.929352,1,10,2,NONE,AAA_V_IN,AAA_V_OUT
V_B,mission_parallel,173,37.2886719420,127.1074881802,-14.389902,-33.959051,1,10,2,NONE,AAA_V_IN,AAA_V_OUT
V_B,mission_parallel,174,37.2886716820,127.1074857462,-14.605475,-33.988001,1,10,2,NONE,AAA_V_IN,AAA_V_OUT
V_B,mission_parallel,175,37.2886715915,127.1074832747,-14.824361,-33.998079,1,10,2,NONE,AAA_V_IN,AAA_V_OUT
V_B,mission_parallel,176,37.2886716129,127.1074805615,-15.064653,-33.995688,1,10,2,NONE,AAA_V_IN,AAA_V_OUT
V_B,mission_parallel,177,37.2886715729,127.1074780911,-15.283446,-34.000145,1,10,2,NONE,AAA_V_IN,AAA_V_OUT
V_B,mission_parallel,178,37.2886715852,127.1074757205,-15.493397,-33.998776,1,10,2,NONE,AAA_V_IN,AAA_V_OUT
V_B,mission_parallel,179,37.2886714580,127.1074731477,-15.721259,-34.012934,1,10,2,NONE,AAA_V_IN,AAA_V_OUT
V_B,mission_parallel,180,37.2886712297,127.1074706134,-15.945714,-34.038349,1,10,2,NONE,AAA_V_IN,AAA_V_OUT
V_B,mission_parallel,181,37.2886712341,127.1074682216,-16.157542,-34.037865,1,10,2,NONE,AAA_V_IN,AAA_V_OUT
V_B,mission_parallel,182,37.2886713556,127.1074658337,-16.369027,-34.024331,1,10,2,NONE,AAA_V_IN,AAA_V_OUT
V_B,mission_parallel,183,37.2886715561,127.1074633376,-16.590093,-34.002015,1,10,2,NONE,AAA_V_IN,AAA_V_OUT
V_B,mission_parallel,184,37.2886715685,127.1074609670,-16.800042,-34.000635,1,10,2,NONE,AAA_V_IN,AAA_V_OUT
V_B,mission_parallel,185,37.2886717690,127.1074584709,-17.021107,-33.978318,1,10,2,NONE,AAA_V_IN,AAA_V_OUT
V_B,mission_parallel,186,37.2886718057,127.1074559365,-17.245570,-33.974234,1,10,2,NONE,AAA_V_IN,AAA_V_OUT
V_B,mission_parallel,187,37.2886719818,127.1074536043,-17.452121,-33.954622,1,10,2,NONE,AAA_V_IN,AAA_V_OUT
V_B,mission_parallel,188,37.2886723462,127.1074511466,-17.669787,-33.914062,1,10,2,NONE,AAA_V_IN,AAA_V_OUT
V_B,mission_parallel,189,37.2886728987,127.1074485634,-17.898568,-33.852555,1,10,2,NONE,AAA_V_IN,AAA_V_OUT
V_B,mission_parallel,190,37.2886732631,127.1074461057,-18.116234,-33.811995,1,10,2,NONE,AAA_V_IN,AAA_V_OUT
V_B,mission_parallel,191,37.2886736517,127.1074434842,-18.348414,-33.768731,1,10,2,NONE,AAA_V_IN,AAA_V_OUT
V_B,mission_parallel,192,37.2886740092,127.1074406367,-18.600600,-33.728930,1,10,2,NONE,AAA_V_IN,AAA_V_OUT
V_B,mission_parallel,193,37.2886743804,127.1074385688,-18.783746,-33.687612,1,10,2,NONE,AAA_V_IN,AAA_V_OUT
V_B,mission_parallel,194,37.2886750967,127.1074360240,-19.009121,-33.607874,1,10,2,NONE,AAA_V_IN,AAA_V_OUT
V_B,mission_parallel,195,37.2886757065,127.1074335613,-19.227229,-33.539991,1,10,2,NONE,AAA_V_IN,AAA_V_OUT
V_B,mission_parallel,196,37.2886765051,127.1074310983,-19.445371,-33.451089,1,10,2,NONE,AAA_V_IN,AAA_V_OUT
V_B,mission_parallel,197,37.2886772214,127.1074285534,-19.670755,-33.371350,1,10,2,NONE,AAA_V_IN,AAA_V_OUT
V_B,mission_parallel,198,37.2886779377,127.1074260087,-19.896129,-33.291612,1,10,2,NONE,AAA_V_IN,AAA_V_OUT
V_B,mission_parallel,199,37.2886787936,127.1074236661,-20.103599,-33.196335,1,10,2,NONE,AAA_V_IN,AAA_V_OUT
V_B,mission_parallel,200,37.2886797596,127.1074210735,-20.333217,-33.088800,1,10,2,NONE,AAA_V_IN,AAA_V_OUT
V_B,mission_parallel,201,37.2886806506,127.1074185447,-20.557175,-32.989612,1,10,2,NONE,AAA_V_IN,AAA_V_OUT
V_B,mission_parallel,202,37.2886813740,127.1074160687,-20.776464,-32.909083,1,10,2,NONE,AAA_V_IN,AAA_V_OUT
V_B,mission_parallel,203,37.2886823629,127.1074133129,-21.020537,-32.799002,1,10,2,NONE,AAA_V_IN,AAA_V_OUT
V_B,mission_parallel,204,37.2886832188,127.1074109702,-21.228015,-32.703722,1,10,2,NONE,AAA_V_IN,AAA_V_OUT
V_B,mission_parallel,205,37.2886843109,127.1074084221,-21.453684,-32.582146,1,10,2,NONE,AAA_V_IN,AAA_V_OUT
V_B,mission_parallel,206,37.2886853069,127.1074060341,-21.665184,-32.471272,1,10,2,NONE,AAA_V_IN,AAA_V_OUT
V_B,mission_parallel,207,37.2886861871,127.1074035277,-21.887159,-32.373291,1,10,2,NONE,AAA_V_IN,AAA_V_OUT
V_B,mission_parallel,208,37.2886870430,127.1074011852,-22.094621,-32.278015,1,10,2,NONE,AAA_V_IN,AAA_V_OUT
V_B,mission_parallel,209,37.2886877902,127.1073987391,-22.311263,-32.194831,1,10,2,NONE,AAA_V_IN,AAA_V_OUT
V_B,mission_parallel,210,37.2886887791,127.1073963362,-22.524075,-32.084755,1,10,2,NONE,AAA_V_IN,AAA_V_OUT
V_B,mission_parallel,211,37.2886897987,127.1073940320,-22.728147,-31.971245,1,10,2,NONE,AAA_V_IN,AAA_V_OUT
V_B,mission_parallel,212,37.2886909867,127.1073898679,-23.096944,-31.838999,1,10,2,NONE,AAA_V_IN,AAA_V_OUT
V_B,mission_parallel,213,37.2886916772,127.1073863965,-23.404389,-31.762137,1,10,2,NONE,AAA_V_IN,AAA_V_OUT
V_B,mission_parallel,214,37.2886926745,127.1073822501,-23.771615,-31.651116,1,10,2,NONE,AAA_V_IN,AAA_V_OUT
V_B,mission_parallel,215,37.2886937485,127.1073790680,-24.053439,-31.531554,1,10,2,NONE,AAA_V_IN,AAA_V_OUT
V_B,mission_parallel,216,37.2886945924,127.1073760787,-24.318183,-31.437612,1,10,2,NONE,AAA_V_IN,AAA_V_OUT
V_B,mission_parallel,217,37.2886958966,127.1073710645,-24.762270,-31.292430,1,10,2,NONE,AAA_V_IN,AAA_V_OUT
V_B,mission_parallel,218,37.2886975844,127.1073655681,-25.249058,-31.104547,1,10,2,NONE,AAA_V_IN,AAA_V_OUT
V_B,mission_parallel,219,37.2886985817,127.1073615181,-25.607743,-30.993526,1,10,2,NONE,AAA_V_IN,AAA_V_OUT
V_B,mission_parallel,220,37.2886995790,127.1073575646,-25.957889,-30.882504,1,10,2,NONE,AAA_V_IN,AAA_V_OUT
V_B,mission_parallel,221,37.2887004229,127.1073538039,-26.290954,-30.788562,1,10,2,NONE,AAA_V_IN,AAA_V_OUT
V_B,mission_parallel,222,37.2887014838,127.1073503540,-26.596493,-30.670464,1,10,2,NONE,AAA_V_IN,AAA_V_OUT
V_B,mission_parallel,223,37.2887026477,127.1073466682,-26.922924,-30.540899,1,10,2,NONE,AAA_V_IN,AAA_V_OUT
V_B,mission_parallel,224,37.2887036450,127.1073441611,-27.144967,-30.429877,1,10,2,NONE,AAA_V_IN,AAA_V_OUT
V_B,mission_parallel,225,37.2887047190,127.1073411719,-27.409711,-30.310315,1,10,2,NONE,AAA_V_IN,AAA_V_OUT
V_B,mission_parallel,226,37.2887056397,127.1073392433,-27.580514,-30.207833,1,10,2,NONE,AAA_V_IN,AAA_V_OUT
V_B,mission_parallel,227,37.2887062977,127.1073375041,-27.734549,-30.134580,1,10,2,NONE,AAA_V_IN,AAA_V_OUT
V_B,mission_parallel,228,37.2887068692,127.1073359401,-27.873066,-30.070957,1,10,2,NONE,AAA_V_IN,AAA_V_OUT
V_B,mission_parallel,229,37.2887074879,127.1073344959,-28.000968,-30.002086,1,10,2,NONE,AAA_V_IN,AAA_V_OUT
V_B,mission_parallel,230,37.2887084012,127.1073318668,-28.233815,-29.900421,1,10,2,NONE,AAA_V_IN,AAA_V_OUT
V_B,mission_parallel,231,37.2887091377,127.1073288304,-28.502737,-29.818432,1,10,2,NONE,AAA_V_IN,AAA_V_OUT
V_B,mission_parallel,232,37.2887100804,127.1073249793,-28.843809,-29.713487,1,10,2,NONE,AAA_V_IN,AAA_V_OUT
V_B,mission_parallel,233,37.2887104340,127.1073226834,-29.047141,-29.674133,1,10,2,NONE,AAA_V_IN,AAA_V_OUT
V_B,mission_parallel,234,37.2887108169,127.1073204616,-29.243913,-29.631498,1,10,2,NONE,AAA_V_IN,AAA_V_OUT
V_B,mission_parallel,235,37.2887111999,127.1073183139,-29.434126,-29.588864,1,10,2,NONE,AAA_V_IN,AAA_V_OUT
V_B,mission_parallel,236,37.2887117597,127.1073154997,-29.683371,-29.526553,1,10,2,NONE,AAA_V_IN,AAA_V_OUT
V_B,mission_parallel,237,37.2887121427,127.1073137593,-29.837510,-29.483919,1,10,2,NONE,AAA_V_IN,AAA_V_OUT
END_A,,0,37.2887205210,127.1073104861,-30.127399,-28.551239,1,11,2,NONE,,
END_A,,1,37.2887208083,127.1073092918,-30.233173,-28.519257,1,11,2,NONE,,
END_A,,2,37.2887210270,127.1073080880,-30.339787,-28.494911,1,11,2,NONE,,
END_A,,3,37.2887211881,127.1073068766,-30.447075,-28.476977,1,11,2,NONE,,
END_A,,4,37.2887213025,127.1073056590,-30.554912,-28.464242,1,11,2,NONE,,
END_A,,5,37.2887213810,127.1073044371,-30.663130,-28.455504,1,11,2,NONE,,
END_A,,6,37.2887214345,127.1073032123,-30.771604,-28.449548,1,11,2,NONE,,
END_A,,7,37.2887214738,127.1073019863,-30.880185,-28.445173,1,11,2,NONE,,
END_A,,8,37.2887215100,127.1073007608,-30.988721,-28.441143,1,11,2,NONE,,
END_A,,9,37.2887215537,127.1072995373,-31.097081,-28.436279,1,11,2,NONE,,
END_A,,10,37.2887216160,127.1072983176,-31.205104,-28.429344,1,11,2,NONE,,
END_A,,11,37.2887217077,127.1072971033,-31.312648,-28.419136,1,11,2,NONE,,
END_A,,12,37.2887218396,127.1072958960,-31.419573,-28.404452,1,11,2,NONE,,
END_A,,13,37.2887220227,127.1072946973,-31.525736,-28.384070,1,11,2,NONE,,
END_A,,14,37.2887222678,127.1072935089,-31.630986,-28.356785,1,11,2,NONE,,
END_A,,15,37.2887225859,127.1072923324,-31.735183,-28.321374,1,11,2,NONE,,
END_A,,16,37.2887229877,127.1072911695,-31.838176,-28.276646,1,11,2,NONE,,
END_A,,17,37.2887236544,127.1072893362,-32.000542,-28.202429,1,11,2,NONE,,
END_A,,18,37.2887246544,127.1072871695,-32.192436,-28.091109,1,11,2,NONE,,
END_A,,19,37.2887254877,127.1072851695,-32.369566,-27.998346,1,11,2,NONE,,
END_A,,20,37.2887263211,127.1072830029,-32.561451,-27.905572,1,11,2,NONE,,
END_A,,21,37.2887269877,127.1072808362,-32.753345,-27.831366,1,11,2,NONE,,
END_A,,22,37.2887278211,127.1072788362,-32.930475,-27.738592,1,11,2,NONE,,
END_A,,23,37.2887286544,127.1072768362,-33.107606,-27.645829,1,11,2,NONE,,
END_A,,24,37.2887298211,127.1072750029,-33.269972,-27.515952,1,11,2,NONE,,
END_A,,25,37.2887309877,127.1072730029,-33.447102,-27.386086,1,11,2,NONE,,
END_A,,26,37.2887321544,127.1072711695,-33.609477,-27.256209,1,11,2,NONE,,
END_A,,27,37.2887334877,127.1072691695,-33.786607,-27.107786,1,11,2,NONE,,
END_A,,28,37.2887348211,127.1072675029,-33.934210,-26.959352,1,11,2,NONE,,
END_A,,29,37.2887361544,127.1072660029,-34.067058,-26.810929,1,11,2,NONE,,
END_A,,30,37.2887378211,127.1072645029,-34.199905,-26.625392,1,11,2,NONE,,
END_A,,31,37.2887394877,127.1072630029,-34.332753,-26.439866,1,11,2,NONE,,
END_A,,32,37.2887408211,127.1072616695,-34.450846,-26.291432,1,11,2,NONE,,
END_A,,33,37.2887424877,127.1072600029,-34.598448,-26.105906,1,11,2,NONE,,
END_A,,34,37.2887441544,127.1072588362,-34.701777,-25.920369,1,11,2,NONE,,
END_A,,35,37.2887458211,127.1072578362,-34.790342,-25.734832,1,11,2,NONE,,
END_A,,36,37.2887479877,127.1072568362,-34.878907,-25.493646,1,11,2,NONE,,
END_A,,37,37.2887498211,127.1072560029,-34.952709,-25.289552,1,11,2,NONE,,
END_A,,38,37.2887516544,127.1072551695,-35.026519,-25.085469,1,11,2,NONE,,
END_A,,39,37.2887536544,127.1072541695,-35.115084,-24.862829,1,11,2,NONE,,
END_A,,40,37.2887556544,127.1072536695,-35.159366,-24.640189,1,11,2,NONE,,
END_A,,41,37.2887576544,127.1072531695,-35.203649,-24.417549,1,11,2,NONE,,
END_A,,42,37.2887599877,127.1072530029,-35.218404,-24.157806,1,11,2,NONE,,
END_A,,43,37.2887618211,127.1072526695,-35.247931,-23.953712,1,11,2,NONE,,
END_A,,44,37.2887639877,127.1072523362,-35.277450,-23.712526,1,11,2,NONE,,
END_A,,45,37.2887659877,127.1072520029,-35.306969,-23.489886,1,11,2,NONE,,
END_A,,46,37.2887681544,127.1072520029,-35.306969,-23.248689,1,11,2,NONE,,
END_A,,47,37.2887703211,127.1072521695,-35.292214,-23.007492,1,11,2,NONE,,
END_A,,48,37.2887724877,127.1072523362,-35.277450,-22.766306,1,11,2,NONE,,
END_A,,49,37.2887746544,127.1072523362,-35.277450,-22.525109,1,11,2,NONE,,
END_A,,50,37.2887769877,127.1072523362,-35.277450,-22.265366,1,11,2,NONE,,
END_A,,51,37.2887788211,127.1072525029,-35.262686,-22.061272,1,11,2,NONE,,
END_A,,52,37.2887809877,127.1072528362,-35.233168,-21.820086,1,11,2,NONE,,
END_A,,53,37.2887831544,127.1072535029,-35.174121,-21.578889,1,11,2,NONE,,
END_A,,54,37.2887851544,127.1072541695,-35.115084,-21.356249,1,11,2,NONE,,
END_A,,55,37.2887871544,127.1072548362,-35.056037,-21.133609,1,11,2,NONE,,
END_A,,56,37.2887894877,127.1072553362,-35.011755,-20.873866,1,11,2,NONE,,
END_A,,57,37.2887913211,127.1072563362,-34.923190,-20.669772,1,11,2,NONE,,
END_A,,58,37.2887933211,127.1072573362,-34.834625,-20.447132,1,11,2,NONE,,
END_A,,59,37.2887954877,127.1072583362,-34.746060,-20.205946,1,11,2,NONE,,
END_A,,60,37.2887976544,127.1072590029,-34.687013,-19.964749,1,11,2,NONE,,
END_A,,61,37.2887999877,127.1072596695,-34.627976,-19.705006,1,11,2,NONE,,
END_A,,62,37.2888021544,127.1072603362,-34.568929,-19.463809,1,11,2,NONE,,
END_A,,63,37.2888041544,127.1072613362,-34.480364,-19.241169,1,11,2,NONE,,
END_A,,64,37.2888061544,127.1072625029,-34.377035,-19.018529,1,11,2,NONE,,
END_A,,65,37.2888083211,127.1072633362,-34.303234,-18.777332,1,11,2,NONE,,
END_A,,66,37.2888103211,127.1072643362,-34.214669,-18.554692,1,11,2,NONE,,
END_A,,67,37.2888124877,127.1072655029,-34.111340,-18.313506,1,11,2,NONE,,
END_A,,68,37.2888144877,127.1072666695,-34.008020,-18.090866,1,11,2,NONE,,
END_A,,69,37.2888163211,127.1072678362,-33.904691,-17.886772,1,11,2,NONE,,
END_A,,70,37.2888183211,127.1072693362,-33.771844,-17.664132,1,11,2,NONE,,
END_A,,71,37.2888203211,127.1072705029,-33.668515,-17.441492,1,11,2,NONE,,
END_A,,72,37.2888221544,127.1072718362,-33.550431,-17.237409,1,11,2,NONE,,
END_A,,73,37.2888239877,127.1072731695,-33.432347,-17.033326,1,11,2,NONE,,
END_A,,74,37.2888256544,127.1072746695,-33.299500,-16.847789,1,11,2,NONE,,
END_A,,75,37.2888273211,127.1072765029,-33.137124,-16.662252,1,11,2,NONE,,
END_A,,76,37.2888289877,127.1072783362,-32.974758,-16.476726,1,11,2,NONE,,
END_A,,77,37.2888304877,127.1072800029,-32.827146,-16.309746,1,11,2,NONE,,
END_A,,78,37.2888323211,127.1072816695,-32.679544,-16.105652,1,11,2,NONE,,
END_A,,79,37.2888336544,127.1072835029,-32.517169,-15.957229,1,11,2,NONE,,
END_A,,80,37.2888349877,127.1072855029,-32.340039,-15.808806,1,11,2,NONE,,
END_A,,81,37.2888363211,127.1072878362,-32.133390,-15.660372,1,11,2,NONE,,
END_A,,82,37.2888376544,127.1072898362,-31.956259,-15.511949,1,11,2,NONE,,
END_A,,83,37.2888389877,127.1072918362,-31.779129,-15.363526,1,11,2,NONE,,
END_A,,84,37.2888403211,127.1072940029,-31.587235,-15.215092,1,11,2,NONE,,
END_A,,85,37.2888413211,127.1072960029,-31.410105,-15.103772,1,11,2,NONE,,
END_A,,86,37.2888423211,127.1072983362,-31.203456,-14.992452,1,11,2,NONE,,
END_A,,87,37.2888431544,127.1073008362,-30.982044,-14.899689,1,11,2,NONE,,
END_A,,88,37.2888441544,127.1073030029,-30.790150,-14.788369,1,11,2,NONE,,
END_A,,89,37.2888451544,127.1073053362,-30.583501,-14.677049,1,11,2,NONE,,
END_A,,90,37.2888459877,127.1073076695,-30.376852,-14.584286,1,11,2,NONE,,
END_A,,91,37.2888464877,127.1073100029,-30.170194,-14.528626,1,11,2,NONE,,
END_A,,92,37.2888468211,127.1073126695,-29.934026,-14.491512,1,11,2,NONE,,
END_A,,93,37.2888471544,127.1073151695,-29.712614,-14.454409,1,11,2,NONE,,
END_A,,94,37.2888476544,127.1073175029,-29.505956,-14.398749,1,11,2,NONE,,
END_A,,95,37.2888479877,127.1073200029,-29.284543,-14.361646,1,11,2,NONE,,
END_A,,96,37.2888483211,127.1073223362,-29.077894,-14.324532,1,11,2,NONE,,
END_A,,97,37.2888483211,127.1073246695,-28.871245,-14.324532,1,11,2,NONE,,
END_A,,98,37.2888483211,127.1073271695,-28.649833,-14.324532,1,11,2,NONE,,
END_A,,99,37.2888481544,127.1073295029,-28.443175,-14.343089,1,11,2,NONE,,
END_A,,100,37.2888478211,127.1073318362,-28.236526,-14.380192,1,11,2,NONE,,
END_A,,101,37.2888478211,127.1073343362,-28.015113,-14.380192,1,11,2,NONE,,
END_A,,102,37.2888473211,127.1073366695,-27.808464,-14.435852,1,11,2,NONE,,
END_A,,103,37.2888468211,127.1073390029,-27.601807,-14.491512,1,11,2,NONE,,
END_A,,104,37.2888461544,127.1073416695,-27.365639,-14.565729,1,11,2,NONE,,
END_A,,105,37.2888454877,127.1073440029,-27.158981,-14.639946,1,11,2,NONE,,
END_A,,106,37.2888451544,127.1073466695,-26.922813,-14.677049,1,11,2,NONE,,
END_A,,107,37.2888444877,127.1073491695,-26.701401,-14.751266,1,11,2,NONE,,
END_A,,108,37.2888438211,127.1073515029,-26.494743,-14.825472,1,11,2,NONE,,
END_A,,109,37.2888429877,127.1073540029,-26.273330,-14.918246,1,11,2,NONE,,
END_A,,110,37.2888421544,127.1073565029,-26.051918,-15.011009,1,11,2,NONE,,
END_A,,111,37.2888414877,127.1073588362,-25.845269,-15.085226,1,11,2,NONE,,
END_A,,112,37.2888408211,127.1073613362,-25.623856,-15.159432,1,11,2,NONE,,
END_A,,113,37.2888401544,127.1073638362,-25.402443,-15.233649,1,11,2,NONE,,
END_A,,114,37.2888393211,127.1073661695,-25.195794,-15.326412,1,11,2,NONE,,
END_A,,115,37.2888384877,127.1073688362,-24.959618,-15.419186,1,11,2,NONE,,
END_A,,116,37.2888378211,127.1073711695,-24.752969,-15.493392,1,11,2,NONE,,
END_A,,117,37.2888371544,127.1073738361,-24.516801,-15.567609,1,11,2,NONE,,
END_A,,118,37.2888364877,127.1073775029,-24.192051,-15.641826,1,11,2,NONE,,
END_A,,119,37.2888358211,127.1073798362,-23.985402,-15.716032,1,11,2,NONE,,
END_A,,120,37.2888349877,127.1073823362,-23.763989,-15.808806,1,11,2,NONE,,
END_A,,121,37.2888343211,127.1073846695,-23.557340,-15.883012,1,11,2,NONE,,
END_A,,122,37.2888338211,127.1073870028,-23.350691,-15.938672,1,11,2,NONE,,
END_A,,123,37.2888333211,127.1073895028,-23.129279,-15.994332,1,11,2,NONE,,
END_A,,124,37.2888328211,127.1073918361,-22.922630,-16.049992,1,11,2,NONE,,
END_A,,125,37.2888323211,127.1073941695,-22.715972,-16.105652,1,11,2,NONE,,
END_A,,126,37.2888314877,127.1073965029,-22.509314,-16.198426,1,11,2,NONE,,
END_A,,127,37.2888306544,127.1074000028,-22.199345,-16.291189,1,11,2,NONE,,
END_A,,128,37.2888299877,127.1074023361,-21.992696,-16.365406,1,11,2,NONE,,
END_A,,129,37.2888296544,127.1074048361,-21.771284,-16.402509,1,11,2,NONE,,
END_A,,130,37.2888289877,127.1074068361,-21.594153,-16.476726,1,11,2,NONE,,
END_A,,131,37.2888281544,127.1074091694,-21.387505,-16.569489,1,11,2,NONE,,
END_A,,132,37.2888274877,127.1074115028,-21.180847,-16.643706,1,11,2,NONE,,
END_A,,133,37.2888266544,127.1074135028,-21.003717,-16.736469,1,11,2,NONE,,
END_A,,134,37.2888259877,127.1074160028,-20.782304,-16.810686,1,11,2,NONE,,
END_A,,135,37.2888254877,127.1074181694,-20.590419,-16.866346,1,11,2,NONE,,
END_A,,136,37.2888248211,127.1074201694,-20.413289,-16.940552,1,11,2,NONE,,
END_A,,137,37.2888238211,127.1074221694,-20.236158,-17.051872,1,11,2,NONE,,
END_A,,138,37.2888224877,127.1074250028,-19.985218,-17.200306,1,11,2,NONE,,
END_A,,139,37.2888216544,127.1074270028,-19.808088,-17.293069,1,11,2,NONE,,
END_A,,140,37.2888206544,127.1074290028,-19.630958,-17.404389,1,11,2,NONE,,
END_A,,141,37.2888196544,127.1074310028,-19.453828,-17.515709,1,11,2,NONE,,
END_A,,142,37.2888183211,127.1074328361,-19.291461,-17.664132,1,11,2,NONE,,
END_A,,143,37.2888169877,127.1074346694,-19.129095,-17.812566,1,11,2,NONE,,
END_A,,144,37.2888158211,127.1074365028,-18.966720,-17.942432,1,11,2,NONE,,
END_A,,145,37.2888146544,127.1074385028,-18.789589,-18.072309,1,11,2,NONE,,
END_A,,146,37.2888134877,127.1074406694,-18.597704,-18.202186,1,11,2,NONE,,
END_A,,147,37.2888124877,127.1074426694,-18.420574,-18.313506,1,11,2,NONE,,
END_A,,148,37.2888113211,127.1074448361,-18.228680,-18.443372,1,11,2,NONE,,
END_A,,149,37.2888099877,127.1074470028,-18.036786,-18.591806,1,11,2,NONE,,
END_A,,150,37.2888088211,127.1074490028,-17.859656,-18.721672,1,11,2,NONE,,
END_A,,151,37.2888076544,127.1074511694,-17.667771,-18.851549,1,11,2,NONE,,
END_A,,152,37.2888064877,127.1074535028,-17.461113,-18.981426,1,11,2,NONE,,
END_A,,153,37.2888053211,127.1074555028,-17.283983,-19.111292,1,11,2,NONE,,
END_A,,154,37.2888041544,127.1074578361,-17.077334,-19.241169,1,11,2,NONE,,
END_A,,155,37.2888029877,127.1074601694,-16.870685,-19.371046,1,11,2,NONE,,
END_A,,156,37.2888018211,127.1074625028,-16.664027,-19.500912,1,11,2,NONE,,
END_A,,157,37.2888008211,127.1074650028,-16.442615,-19.612232,1,11,2,NONE,,
END_A,,158,37.2887999877,127.1074675028,-16.221202,-19.705006,1,11,2,NONE,,
END_A,,159,37.2887989877,127.1074698361,-16.014553,-19.816326,1,11,2,NONE,,
END_A,,160,37.2887979877,127.1074726694,-15.763622,-19.927646,1,11,2,NONE,,
END_A,,161,37.2887969877,127.1074750028,-15.556964,-20.038966,1,11,2,NONE,,
END_A,,162,37.2887961544,127.1074776694,-15.320796,-20.131729,1,11,2,NONE,,
END_A,,163,37.2887952400,127.1074801265,-15.103183,-20.233520,1,11,2,NONE,,
END_A,,164,37.2887944877,127.1074825028,-14.892726,-20.317266,1,11,2,NONE,,
END_A,,165,37.2887936544,127.1074850028,-14.671313,-20.410029,1,11,2,NONE,,
END_A,,166,37.2887923211,127.1074886694,-14.346580,-20.558452,1,11,2,NONE,,
END_A,,167,37.2887916544,127.1074911694,-14.125168,-20.632669,1,11,2,NONE,,
END_A,,168,37.2887909877,127.1074938361,-13.888991,-20.706886,1,11,2,NONE,,
END_A,,169,37.2887903211,127.1074961694,-13.682342,-20.781092,1,11,2,NONE,,
END_A,,170,37.2887893211,127.1074986694,-13.460929,-20.892412,1,11,2,NONE,,
END_A,,171,37.2887884877,127.1075011694,-13.239517,-20.985186,1,11,2,NONE,,
END_A,,172,37.2887876544,127.1075036694,-13.018104,-21.077949,1,11,2,NONE,,
END_A,,173,37.2887869877,127.1075061694,-12.796691,-21.152166,1,11,2,NONE,,
END_A,,174,37.2887863211,127.1075086694,-12.575279,-21.226372,1,11,2,NONE,,
END_A,,175,37.2887854877,127.1075111694,-12.353866,-21.319146,1,11,2,NONE,,
END_A,,176,37.2887844877,127.1075138361,-12.117689,-21.430466,1,11,2,NONE,,
END_A,,177,37.2887836544,127.1075163361,-11.896277,-21.523229,1,11,2,NONE,,
END_A,,178,37.2887829877,127.1075186694,-11.689628,-21.597446,1,11,2,NONE,,
END_A,,179,37.2887823211,127.1075215028,-11.438687,-21.671652,1,11,2,NONE,,
END_A,,180,37.2887816544,127.1075240028,-11.217275,-21.745869,1,11,2,NONE,,
END_A,,181,37.2887808211,127.1075263361,-11.010626,-21.838632,1,11,2,NONE,,
END_A,,182,37.2887798211,127.1075290028,-10.774449,-21.949952,1,11,2,NONE,,
END_A,,183,37.2887791544,127.1075313361,-10.567800,-22.024169,1,11,2,NONE,,
END_A,,184,37.2887784877,127.1075340028,-10.331624,-22.098386,1,11,2,NONE,,
END_A,,185,37.2887778471,127.1075364888,-10.111451,-22.169698,1,11,2,NONE,,
END_A,,186,37.2887770930,127.1075392270,-9.868942,-22.253644,1,11,2,NONE,,
END_A,,187,37.2887763211,127.1075416694,-9.652631,-22.339572,1,11,2,NONE,,
END_A,,188,37.2887754877,127.1075441694,-9.431218,-22.432346,1,11,2,NONE,,
END_A,,189,37.2887746544,127.1075466694,-9.209805,-22.525109,1,11,2,NONE,,
END_A,,190,37.2887739877,127.1075493361,-8.973629,-22.599326,1,11,2,NONE,,
END_A,,191,37.2887733211,127.1075518361,-8.752216,-22.673532,1,11,2,NONE,,
END_A,,192,37.2887726544,127.1075543361,-8.530803,-22.747749,1,11,2,NONE,,
END_A,,193,37.2887718211,127.1075568361,-8.309391,-22.840512,1,11,2,NONE,,
END_A,,194,37.2887711544,127.1075593361,-8.087978,-22.914729,1,11,2,NONE,,
END_A,,195,37.2887704877,127.1075618361,-7.866565,-22.988946,1,11,2,NONE,,
END_A,,196,37.2887698211,127.1075645028,-7.630389,-23.063152,1,11,2,NONE,,
END_A,,197,37.2887691715,127.1075665660,-7.447661,-23.135465,1,11,2,NONE,,
END_A,,198,37.2887684877,127.1075691694,-7.217091,-23.211586,1,11,2,NONE,,
END_A,,199,37.2887678211,127.1075715028,-7.010433,-23.285792,1,11,2,NONE,,
END_A,,200,37.2887671367,127.1075739394,-6.794636,-23.361979,1,11,2,NONE,,
END_A,,201,37.2887664877,127.1075761694,-6.597135,-23.434226,1,11,2,NONE,,
END_A,,202,37.2887659090,127.1075784935,-6.391301,-23.498647,1,11,2,NONE,,
END_A,,203,37.2887653211,127.1075805028,-6.213347,-23.564092,1,11,2,NONE,,
END_A,,204,37.2887644877,127.1075826694,-6.021462,-23.656866,1,11,2,NONE,,
END_A,,205,37.2887636544,127.1075848361,-5.829568,-23.749629,1,11,2,NONE,,
END_A,,206,37.2887629446,127.1075869430,-5.642971,-23.828644,1,11,2,NONE,,
END_A,,207,37.2887624056,127.1075887872,-5.479639,-23.888645,1,11,2,NONE,,
END_A,,208,37.2887619415,127.1075905373,-5.324641,-23.940309,1,11,2,NONE,,
END_A,,209,37.2887613875,127.1075923251,-5.166304,-24.001980,1,11,2,NONE,,
END_A,,210,37.2887608211,127.1075940028,-5.017719,-24.065032,1,11,2,NONE,,
END_A,,211,37.2887603095,127.1075955995,-4.876307,-24.121983,1,11,2,NONE,,
END_A,,212,37.2887598211,127.1075973361,-4.722505,-24.176352,1,11,2,NONE,,
END_A,,213,37.2887593828,127.1075990589,-4.569925,-24.225143,1,11,2,NONE,,
END_A,,214,37.2887590021,127.1076004716,-4.444809,-24.267523,1,11,2,NONE,,
END_A,,215,37.2887575697,127.1076052723,-4.019635,-24.426978,1,11,2,NONE,,
END_B,,0,37.2887204598,127.1073106021,-30.117126,-28.558052,1,11,2,NONE,,
END_B,,1,37.2887206469,127.1073095207,-30.212900,-28.537224,1,11,2,NONE,,
END_B,,2,37.2887207291,127.1073084271,-30.309755,-28.528073,1,11,2,NONE,,
END_B,,3,37.2887207200,127.1073073230,-30.407540,-28.529086,1,11,2,NONE,,
END_B,,4,37.2887206330,127.1073062102,-30.506095,-28.538771,1,11,2,NONE,,
END_B,,5,37.2887204817,127.1073050905,-30.605261,-28.555614,1,11,2,NONE,,
END_B,,6,37.2887202795,127.1073039656,-30.704888,-28.578123,1,11,2,NONE,,
END_B,,7,37.2887200398,127.1073028372,-30.804825,-28.604806,1,11,2,NONE,,
END_B,,8,37.2887197762,127.1073017072,-30.904903,-28.634150,1,11,2,NONE,,
END_B,,9,37.2887195022,127.1073005772,-31.004982,-28.664652,1,11,2,NONE,,
END_B,,10,37.2887192312,127.1072994491,-31.104892,-28.694820,1,11,2,NONE,,
END_B,,11,37.2887189768,127.1072983246,-31.204484,-28.723139,1,11,2,NONE,,
END_B,,12,37.2887187524,127.1072972055,-31.303597,-28.748120,1,11,2,NONE,,
END_B,,13,37.2887185714,127.1072960935,-31.402081,-28.768268,1,11,2,NONE,,
END_B,,14,37.2887184475,127.1072949904,-31.499777,-28.782061,1,11,2,NONE,,
END_B,,15,37.2887183940,127.1072938979,-31.596535,-28.788017,1,11,2,NONE,,
END_B,,16,37.2887184245,127.1072928178,-31.692194,-28.784621,1,11,2,NONE,,
END_B,,17,37.2887185524,127.1072917518,-31.786604,-28.770384,1,11,2,NONE,,
END_B,,18,37.2887187912,127.1072907018,-31.879598,-28.743800,1,11,2,NONE,,
END_B,,19,37.2887191544,127.1072896695,-31.971023,-28.703369,1,11,2,NONE,,
END_B,,20,37.2887199877,127.1072875029,-32.162908,-28.610606,1,11,2,NONE,,
END_B,,21,37.2887208211,127.1072851695,-32.369566,-28.517832,1,11,2,NONE,,
END_B,,22,37.2887219877,127.1072826695,-32.590979,-28.387966,1,11,2,NONE,,
END_B,,23,37.2887229877,127.1072803362,-32.797628,-28.276646,1,11,2,NONE,,
END_B,,24,37.2887239877,127.1072781695,-32.989522,-28.165326,1,11,2,NONE,,
END_B,,25,37.2887248211,127.1072755029,-33.225689,-28.072552,1,11,2,NONE,,
END_B,,26,37.2887258211,127.1072735029,-33.402820,-27.961232,1,11,2,NONE,,
END_B,,27,37.2887271544,127.1072713362,-33.594714,-27.812809,1,11,2,NONE,,
END_B,,28,37.2887283211,127.1072693362,-33.771844,-27.682932,1,11,2,NONE,,
END_B,,29,37.2887294877,127.1072671695,-33.963738,-27.553066,1,11,2,NONE,,
END_B,,30,37.2887306544,127.1072651695,-34.140868,-27.423189,1,11,2,NONE,,
END_B,,31,37.2887318211,127.1072631695,-34.317998,-27.293312,1,11,2,NONE,,
END_B,,32,37.2887331544,127.1072616695,-34.450846,-27.144889,1,11,2,NONE,,
END_B,,33,37.2887348211,127.1072601695,-34.583693,-26.959352,1,11,2,NONE,,
END_B,,34,37.2887366544,127.1072586695,-34.716541,-26.755269,1,11,2,NONE,,
END_B,,35,37.2887383211,127.1072575029,-34.819861,-26.569732,1,11,2,NONE,,
END_B,,36,37.2887401544,127.1072561695,-34.937954,-26.365649,1,11,2,NONE,,
END_B,,37,37.2887418211,127.1072551695,-35.026519,-26.180112,1,11,2,NONE,,
END_B,,38,37.2887436544,127.1072543362,-35.100320,-25.976029,1,11,2,NONE,,
END_B,,39,37.2887458211,127.1072536695,-35.159366,-25.734832,1,11,2,NONE,,
END_B,,40,37.2887479877,127.1072531695,-35.203649,-25.493646,1,11,2,NONE,,
END_B,,41,37.2887499877,127.1072526695,-35.247931,-25.271006,1,11,2,NONE,,
END_B,,42,37.2887519877,127.1072523362,-35.277450,-25.048366,1,11,2,NONE,,
END_B,,43,37.2887541544,127.1072520029,-35.306969,-24.807169,1,11,2,NONE,,
END_B,,44,37.2887563211,127.1072518362,-35.321733,-24.565972,1,11,2,NONE,,
END_B,,45,37.2887586544,127.1072520029,-35.306969,-24.306229,1,11,2,NONE,,
END_B,,46,37.2887606544,127.1072518362,-35.321733,-24.083589,1,11,2,NONE,,
END_B,,47,37.2887628211,127.1072516695,-35.336496,-23.842392,1,11,2,NONE,,
END_B,,48,37.2887649877,127.1072515029,-35.351251,-23.601206,1,11,2,NONE,,
END_B,,49,37.2887669877,127.1072515029,-35.351251,-23.378566,1,11,2,NONE,,
END_B,,50,37.2887691544,127.1072516695,-35.336496,-23.137369,1,11,2,NONE,,
END_B,,51,37.2887713211,127.1072520029,-35.306969,-22.896172,1,11,2,NONE,,
END_B,,52,37.2887733211,127.1072521695,-35.292214,-22.673532,1,11,2,NONE,,
END_B,,53,37.2887756544,127.1072525029,-35.262686,-22.413789,1,11,2,NONE,,
END_B,,54,37.2887776544,127.1072526695,-35.247931,-22.191149,1,11,2,NONE,,
END_B,,55,37.2887799877,127.1072533362,-35.188885,-21.931406,1,11,2,NONE,,
END_B,,56,37.2887821544,127.1072540029,-35.129839,-21.690209,1,11,2,NONE,,
END_B,,57,37.2887843211,127.1072548362,-35.056037,-21.449012,1,11,2,NONE,,
END_B,,58,37.2887863211,127.1072553362,-35.011755,-21.226372,1,11,2,NONE,,
END_B,,59,37.2887886544,127.1072560029,-34.952709,-20.966629,1,11,2,NONE,,
END_B,,60,37.2887908211,127.1072565029,-34.908426,-20.725432,1,11,2,NONE,,
END_B,,61,37.2887928211,127.1072573362,-34.834625,-20.502792,1,11,2,NONE,,
END_B,,62,37.2887949877,127.1072583362,-34.746060,-20.261606,1,11,2,NONE,,
END_B,,63,37.2887969877,127.1072593362,-34.657495,-20.038966,1,11,2,NONE,,
END_B,,64,37.2887991544,127.1072601695,-34.583693,-19.797769,1,11,2,NONE,,
END_B,,65,37.2888013211,127.1072608362,-34.524647,-19.556572,1,11,2,NONE,,
END_B,,66,37.2888033211,127.1072618362,-34.436082,-19.333932,1,11,2,NONE,,
END_B,,67,37.2888054877,127.1072628362,-34.347517,-19.092746,1,11,2,NONE,,
END_B,,68,37.2888074877,127.1072641695,-34.229433,-18.870106,1,11,2,NONE,,
END_B,,69,37.2888094877,127.1072651695,-34.140868,-18.647466,1,11,2,NONE,,
END_B,,70,37.2888116544,127.1072661695,-34.052303,-18.406269,1,11,2,NONE,,
END_B,,71,37.2888138211,127.1072671695,-33.963738,-18.165072,1,11,2,NONE,,
END_B,,72,37.2888158211,127.1072681695,-33.875173,-17.942432,1,11,2,NONE,,
END_B,,73,37.2888178211,127.1072696695,-33.742325,-17.719792,1,11,2,NONE,,
END_B,,74,37.2888198211,127.1072708362,-33.638996,-17.497152,1,11,2,NONE,,
END_B,,75,37.2888218211,127.1072720029,-33.535667,-17.274512,1,11,2,NONE,,
END_B,,76,37.2888239877,127.1072730029,-33.447102,-17.033326,1,11,2,NONE,,
END_B,,77,37.2888259877,127.1072741695,-33.343782,-16.810686,1,11,2,NONE,,
END_B,,78,37.2888278211,127.1072755029,-33.225689,-16.606592,1,11,2,NONE,,
END_B,,79,37.2888298211,127.1072768362,-33.107606,-16.383952,1,11,2,NONE,,
END_B,,80,37.2888316544,127.1072780029,-33.004277,-16.179869,1,11,2,NONE,,
END_B,,81,37.2888334877,127.1072793362,-32.886193,-15.975786,1,11,2,NONE,,
END_B,,82,37.2888354877,127.1072806695,-32.768109,-15.753146,1,11,2,NONE,,
END_B,,83,37.2888369877,127.1072821695,-32.635261,-15.586166,1,11,2,NONE,,
END_B,,84,37.2888384877,127.1072838362,-32.487650,-15.419186,1,11,2,NONE,,
END_B,,85,37.2888399877,127.1072858362,-32.310520,-15.252206,1,11,2,NONE,,
END_B,,86,37.2888413211,127.1072876695,-32.148153,-15.103772,1,11,2,NONE,,
END_B,,87,37.2888428211,127.1072895029,-31.985778,-14.936792,1,11,2,NONE,,
END_B,,88,37.2888441544,127.1072913362,-31.823412,-14.788369,1,11,2,NONE,,
END_B,,89,37.2888451544,127.1072935029,-31.631518,-14.677049,1,11,2,NONE,,
END_B,,90,37.2888459877,127.1072956695,-31.439633,-14.584286,1,11,2,NONE,,
END_B,,91,37.2888468211,127.1072980029,-31.232975,-14.491512,1,11,2,NONE,,
END_B,,92,37.2888476544,127.1073001695,-31.041090,-14.398749,1,11,2,NONE,,
END_B,,93,37.2888484877,127.1073023362,-30.849196,-14.305986,1,11,2,NONE,,
END_B,,94,37.2888491544,127.1073046695,-30.642547,-14.231769,1,11,2,NONE,,
END_B,,95,37.2888496544,127.1073070029,-30.435889,-14.176109,1,11,2,NONE,,
END_B,,96,37.2888499877,127.1073095029,-30.214477,-14.139006,1,11,2,NONE,,
END_B,,97,37.2888503211,127.1073120029,-29.993064,-14.101892,1,11,2,NONE,,
END_B,,98,37.2888506544,127.1073145029,-29.771651,-14.064789,1,11,2,NONE,,
END_B,,99,37.2888509877,127.1073170029,-29.550238,-14.027686,1,11,2,NONE,,
END_B,,100,37.2888511544,127.1073196695,-29.314071,-14.009129,1,11,2,NONE,,
END_B,,101,37.2888511544,127.1073221695,-29.092658,-14.009129,1,11,2,NONE,,
END_B,,102,37.2888508211,127.1073248362,-28.856481,-14.046232,1,11,2,NONE,,
END_B,,103,37.2888504877,127.1073273362,-28.635069,-14.083346,1,11,2,NONE,,
END_B,,104,37.2888501544,127.1073298362,-28.413656,-14.120449,1,11,2,NONE,,
END_B,,105,37.2888498211,127.1073326695,-28.162725,-14.157552,1,11,2,NONE,,
END_B,,106,37.2888493211,127.1073350029,-27.956067,-14.213212,1,11,2,NONE,,
END_B,,107,37.2888486544,127.1073375029,-27.734654,-14.287429,1,11,2,NONE,,
END_B,,108,37.2888479877,127.1073400029,-27.513241,-14.361646,1,11,2,NONE,,
END_B,,109,37.2888476544,127.1073425029,-27.291829,-14.398749,1,11,2,NONE,,
END_B,,110,37.2888471544,127.1073450029,-27.070416,-14.454409,1,11,2,NONE,,
END_B,,111,37.2888466544,127.1073476695,-26.834248,-14.510069,1,11,2,NONE,,
END_B,,112,37.2888461544,127.1073500029,-26.627591,-14.565729,1,11,2,NONE,,
END_B,,113,37.2888454877,127.1073525029,-26.406178,-14.639946,1,11,2,NONE,,
END_B,,114,37.2888448211,127.1073550029,-26.184765,-14.714152,1,11,2,NONE,,
END_B,,115,37.2888443211,127.1073575029,-25.963352,-14.769812,1,11,2,NONE,,
END_B,,116,37.2888439877,127.1073600029,-25.741940,-14.806926,1,11,2,NONE,,
END_B,,117,37.2888434877,127.1073625029,-25.520527,-14.862586,1,11,2,NONE,,
END_B,,118,37.2888428211,127.1073648362,-25.313878,-14.936792,1,11,2,NONE,,
END_B,,119,37.2888419877,127.1073673361,-25.092474,-15.029566,1,11,2,NONE,,
END_B,,120,37.2888413211,127.1073696695,-24.885816,-15.103772,1,11,2,NONE,,
END_B,,121,37.2888408211,127.1073723362,-24.649640,-15.159432,1,11,2,NONE,,
END_B,,122,37.2888404877,127.1073750028,-24.413472,-15.196546,1,11,2,NONE,,
END_B,,123,37.2888399877,127.1073771694,-24.221587,-15.252206,1,11,2,NONE,,
END_B,,124,37.2888391544,127.1073796695,-24.000166,-15.344969,1,11,2,NONE,,
END_B,,125,37.2888384877,127.1073821695,-23.778753,-15.419186,1,11,2,NONE,,
END_B,,126,37.2888378211,127.1073845029,-23.572095,-15.493392,1,11,2,NONE,,
END_B,,127,37.2888373211,127.1073870028,-23.350691,-15.549052,1,11,2,NONE,,
END_B,,128,37.2888369877,127.1073896694,-23.114524,-15.586166,1,11,2,NONE,,
END_B,,129,37.2888366544,127.1073920029,-22.907857,-15.623269,1,11,2,NONE,,
END_B,,130,37.2888361544,127.1073946694,-22.671698,-15.678929,1,11,2,NONE,,
END_B,,131,37.2888358211,127.1073971694,-22.450286,-15.716032,1,11,2,NONE,,
END_B,,132,37.2888356544,127.1073996694,-22.228873,-15.734589,1,11,2,NONE,,
END_B,,133,37.2888354877,127.1074023361,-21.992696,-15.753146,1,11,2,NONE,,
END_B,,134,37.2888354877,127.1074048361,-21.771284,-15.753146,1,11,2,NONE,,
END_B,,135,37.2888354877,127.1074073361,-21.549871,-15.753146,1,11,2,NONE,,
END_B,,136,37.2888351544,127.1074100028,-21.313694,-15.790249,1,11,2,NONE,,
END_B,,137,37.2888349877,127.1074125028,-21.092282,-15.808806,1,11,2,NONE,,
END_B,,138,37.2888349877,127.1074151694,-20.856114,-15.808806,1,11,2,NONE,,
END_B,,139,37.2888349877,127.1074178361,-20.619938,-15.808806,1,11,2,NONE,,
END_B,,140,37.2888349877,127.1074205028,-20.383761,-15.808806,1,11,2,NONE,,
END_B,,141,37.2888348211,127.1074230028,-20.162348,-15.827352,1,11,2,NONE,,
END_B,,142,37.2888346544,127.1074258361,-19.911417,-15.845909,1,11,2,NONE,,
END_B,,143,37.2888343211,127.1074285028,-19.675240,-15.883012,1,11,2,NONE,,
END_B,,144,37.2888341544,127.1074311694,-19.439073,-15.901569,1,11,2,NONE,,
END_B,,145,37.2888339877,127.1074340028,-19.188132,-15.920126,1,11,2,NONE,,
END_B,,146,37.2888338211,127.1074366694,-18.951965,-15.938672,1,11,2,NONE,,
END_B,,147,37.2888333211,127.1074393361,-18.715788,-15.994332,1,11,2,NONE,,
END_B,,148,37.2888328211,127.1074420028,-18.479612,-16.049992,1,11,2,NONE,,
END_B,,149,37.2888323211,127.1074446694,-18.243444,-16.105652,1,11,2,NONE,,
END_B,,150,37.2888319877,127.1074475028,-17.992504,-16.142766,1,11,2,NONE,,
END_B,,151,37.2888314877,127.1074501694,-17.756336,-16.198426,1,11,2,NONE,,
END_B,,152,37.2888308211,127.1074530028,-17.505396,-16.272632,1,11,2,NONE,,
END_B,,153,37.2888301544,127.1074556694,-17.269228,-16.346849,1,11,2,NONE,,
END_B,,154,37.2888294877,127.1074583361,-17.033052,-16.421066,1,11,2,NONE,,
END_B,,155,37.2888288211,127.1074610028,-16.796875,-16.495272,1,11,2,NONE,,
END_B,,156,37.2888283211,127.1074636694,-16.560707,-16.550932,1,11,2,NONE,,
END_B,,157,37.2888276544,127.1074663361,-16.324531,-16.625149,1,11,2,NONE,,
END_B,,158,37.2888269877,127.1074688361,-16.103118,-16.699366,1,11,2,NONE,,
END_B,,159,37.2888263211,127.1074715028,-15.866942,-16.773572,1,11,2,NONE,,
END_B,,160,37.2888258211,127.1074738361,-15.660293,-16.829232,1,11,2,NONE,,
END_B,,161,37.2888254877,127.1074765028,-15.424116,-16.866346,1,11,2,NONE,,
END_B,,162,37.2888251544,127.1074793361,-15.173185,-16.903449,1,11,2,NONE,,
END_B,,163,37.2888246544,127.1074820028,-14.937008,-16.959109,1,11,2,NONE,,
END_B,,164,37.2888239877,127.1074846694,-14.700841,-17.033326,1,11,2,NONE,,
END_B,,165,37.2888234877,127.1074876694,-14.435145,-17.088986,1,11,2,NONE,,
END_B,,166,37.2888229877,127.1074903361,-14.198969,-17.144646,1,11,2,NONE,,
END_B,,167,37.2888224877,127.1074931694,-13.948037,-17.200306,1,11,2,NONE,,
END_B,,168,37.2888219877,127.1074961694,-13.682342,-17.255966,1,11,2,NONE,,
END_B,,169,37.2888211544,127.1074988361,-13.446166,-17.348729,1,11,2,NONE,,
END_B,,170,37.2888204877,127.1075016694,-13.195234,-17.422946,1,11,2,NONE,,
END_B,,171,37.2888198211,127.1075043361,-12.959058,-17.497152,1,11,2,NONE,,
END_B,,172,37.2888191544,127.1075071694,-12.708126,-17.571369,1,11,2,NONE,,
END_B,,173,37.2888184877,127.1075100028,-12.457186,-17.645586,1,11,2,NONE,,
END_B,,174,37.2888178211,127.1075125028,-12.235773,-17.719792,1,11,2,NONE,,
END_B,,175,37.2888169877,127.1075150028,-12.014361,-17.812566,1,11,2,NONE,,
END_B,,176,37.2888159877,127.1075176694,-11.778193,-17.923886,1,11,2,NONE,,
END_B,,177,37.2888154877,127.1075201694,-11.556780,-17.979546,1,11,2,NONE,,
END_B,,178,37.2888148211,127.1075228361,-11.320604,-18.053752,1,11,2,NONE,,
END_B,,179,37.2888143211,127.1075256694,-11.069672,-18.109412,1,11,2,NONE,,
END_B,,180,37.2888136544,127.1075281694,-10.848259,-18.183629,1,11,2,NONE,,
END_B,,181,37.2888128211,127.1075308361,-10.612083,-18.276392,1,11,2,NONE,,
END_B,,182,37.2888121544,127.1075335028,-10.375906,-18.350609,1,11,2,NONE,,
END_B,,183,37.2888116544,127.1075363361,-10.124975,-18.406269,1,11,2,NONE,,
END_B,,184,37.2888111544,127.1075391694,-9.874044,-18.461929,1,11,2,NONE,,
END_B,,185,37.2888104877,127.1075418361,-9.637867,-18.536146,1,11,2,NONE,,
END_B,,186,37.2888098211,127.1075445028,-9.401691,-18.610352,1,11,2,NONE,,
END_B,,187,37.2888089877,127.1075471694,-9.165523,-18.703126,1,11,2,NONE,,
END_B,,188,37.2888081544,127.1075498361,-8.929346,-18.795889,1,11,2,NONE,,
END_B,,189,37.2888074877,127.1075525028,-8.693170,-18.870106,1,11,2,NONE,,
END_B,,190,37.2888068211,127.1075551694,-8.457002,-18.944312,1,11,2,NONE,,
END_B,,191,37.2888059877,127.1075578361,-8.220826,-19.037086,1,11,2,NONE,,
END_B,,192,37.2888051544,127.1075605028,-7.984649,-19.129849,1,11,2,NONE,,
END_B,,193,37.2888044877,127.1075633361,-7.733718,-19.204066,1,11,2,NONE,,
END_B,,194,37.2888036544,127.1075661694,-7.482786,-19.296829,1,11,2,NONE,,
END_B,,195,37.2888031544,127.1075690028,-7.231846,-19.352489,1,11,2,NONE,,
END_B,,196,37.2888023211,127.1075716694,-6.995678,-19.445252,1,11,2,NONE,,
END_B,,197,37.2888014877,127.1075743361,-6.759502,-19.538026,1,11,2,NONE,,
END_B,,198,37.2888001544,127.1075786694,-6.375723,-19.686449,1,11,2,NONE,,
END_B,,199,37.2887994877,127.1075813361,-6.139546,-19.760666,1,11,2,NONE,,
END_B,,200,37.2887988211,127.1075841694,-5.888615,-19.834872,1,11,2,NONE,,
END_B,,201,37.2887981544,127.1075868361,-5.652438,-19.909089,1,11,2,NONE,,
END_B,,202,37.2887973211,127.1075893361,-5.431026,-20.001852,1,11,2,NONE,,
END_B,,203,37.2887963211,127.1075920028,-5.194849,-20.113172,1,11,2,NONE,,
END_B,,204,37.2887956544,127.1075945028,-4.973436,-20.187389,1,11,2,NONE,,
END_B,,205,37.2887949877,127.1075968361,-4.766787,-20.261606,1,11,2,NONE,,
END_B,,206,37.2887941544,127.1076005028,-4.442046,-20.354369,1,11,2,NONE,,
END_B,,207,37.2887934877,127.1076026694,-4.250161,-20.428586,1,11,2,NONE,,
END_B,,208,37.2887928211,127.1076048361,-4.058267,-20.502792,1,11,2,NONE,,
END_B,,209,37.2887923211,127.1076070028,-3.866373,-20.558452,1,11,2,NONE,,
END_B,,210,37.2887918211,127.1076088361,-3.704006,-20.614112,1,11,2,NONE,,
END_B,,211,37.2887914877,127.1076110028,-3.512112,-20.651226,1,11,2,NONE,,
END_B,,212,37.2887911544,127.1076128361,-3.349746,-20.688329,1,11,2,NONE,,
END_AA,,0,37.2887130719,127.1073083969,-30.312429,-29.380473,1,11,2,NONE,,
END_AA,,1,37.2887140688,127.1073044277,-30.663962,-29.269498,1,11,2,NONE,,
END_AA,,2,37.2887142081,127.1073037461,-30.724328,-29.253991,1,11,2,NONE,,
END_AA,,3,37.2887144027,127.1073028993,-30.799325,-29.232328,1,11,2,NONE,,
END_AA,,4,37.2887146862,127.1073018012,-30.896578,-29.200769,1,11,2,NONE,,
END_AA,,5,37.2887151769,127.1072997119,-31.081617,-29.146144,1,11,2,NONE,,
END_AA,,6,37.2887155256,127.1072981570,-31.219327,-29.107327,1,11,2,NONE,,
END_AA,,7,37.2887157951,127.1072969526,-31.325995,-29.077326,1,11,2,NONE,,
END_AA,,8,37.2887163009,127.1072951950,-31.481657,-29.021021,1,11,2,NONE,,
END_AA,,9,37.2887167298,127.1072937040,-31.613707,-28.973275,1,11,2,NONE,,
END_AA,,10,37.2887170293,127.1072926126,-31.710367,-28.939935,1,11,2,NONE,,
END_AA,,11,37.2887173428,127.1072915229,-31.806877,-28.905036,1,11,2,NONE,,
END_AA,,12,37.2887176544,127.1072905029,-31.897213,-28.870349,1,11,2,NONE,,
END_AA,,13,37.2887184490,127.1072883449,-32.088337,-28.781894,1,11,2,NONE,,
END_AA,,14,37.2887191544,127.1072863362,-32.266237,-28.703369,1,11,2,NONE,,
END_AA,,15,37.2887199877,127.1072838362,-32.487650,-28.610606,1,11,2,NONE,,
END_AA,,16,37.2887208211,127.1072818362,-32.664780,-28.517832,1,11,2,NONE,,
END_AA,,17,37.2887219114,127.1072795999,-32.862838,-28.396460,1,11,2,NONE,,
END_AA,,18,37.2887231544,127.1072773362,-33.063323,-28.258089,1,11,2,NONE,,
END_AA,,19,37.2887241544,127.1072753362,-33.240453,-28.146769,1,11,2,NONE,,
END_AA,,20,37.2887254877,127.1072731695,-33.432347,-27.998346,1,11,2,NONE,,
END_AA,,21,37.2887267689,127.1072712152,-33.605430,-27.855723,1,11,2,NONE,,
END_AA,,22,37.2887282994,127.1072692497,-33.779505,-27.685347,1,11,2,NONE,,
END_AA,,23,37.2887298211,127.1072675029,-33.934210,-27.515952,1,11,2,NONE,,
END_AA,,24,37.2887314877,127.1072656695,-34.096585,-27.330426,1,11,2,NONE,,
END_AA,,25,37.2887331544,127.1072641695,-34.229433,-27.144889,1,11,2,NONE,,
END_AA,,26,37.2887349877,127.1072623362,-34.391799,-26.940806,1,11,2,NONE,,
END_AA,,27,37.2887368211,127.1072608362,-34.524647,-26.736712,1,11,2,NONE,,
END_AA,,28,37.2887388211,127.1072593362,-34.657495,-26.514072,1,11,2,NONE,,
END_AA,,29,37.2887408211,127.1072581695,-34.760823,-26.291432,1,11,2,NONE,,
END_AA,,30,37.2887428211,127.1072568362,-34.878907,-26.068792,1,11,2,NONE,,
END_AA,,31,37.2887448350,127.1072555331,-34.994316,-25.844604,1,11,2,NONE,,
END_AA,,32,37.2887469809,127.1072544876,-35.086911,-25.605723,1,11,2,NONE,,
END_AA,,33,37.2887491544,127.1072535029,-35.174121,-25.363769,1,11,2,NONE,,
END_AA,,34,37.2887514877,127.1072528362,-35.233168,-25.104026,1,11,2,NONE,,
END_AA,,35,37.2887538211,127.1072525029,-35.262686,-24.844272,1,11,2,NONE,,
END_AA,,36,37.2887559877,127.1072520029,-35.306969,-24.603086,1,11,2,NONE,,
END_AA,,37,37.2887583211,127.1072515029,-35.351251,-24.343332,1,11,2,NONE,,
END_AA,,38,37.2887604877,127.1072513362,-35.366015,-24.102146,1,11,2,NONE,,
END_AA,,39,37.2887628211,127.1072513362,-35.366015,-23.842392,1,11,2,NONE,,
END_AA,,40,37.2887651544,127.1072513362,-35.366015,-23.582649,1,11,2,NONE,,
END_AA,,41,37.2887673211,127.1072515029,-35.351251,-23.341452,1,11,2,NONE,,
END_AA,,42,37.2887696544,127.1072515029,-35.351251,-23.081709,1,11,2,NONE,,
END_AA,,43,37.2887719340,127.1072518739,-35.318394,-22.827944,1,11,2,NONE,,
END_AA,,44,37.2887741544,127.1072523362,-35.277450,-22.580769,1,11,2,NONE,,
END_AA,,45,37.2887763211,127.1072528362,-35.233168,-22.339572,1,11,2,NONE,,
END_AA,,46,37.2887786381,127.1072535257,-35.172102,-22.081643,1,11,2,NONE,,
END_AA,,47,37.2887808211,127.1072540029,-35.129839,-21.838632,1,11,2,NONE,,
END_AA,,48,37.2887829877,127.1072545029,-35.085556,-21.597446,1,11,2,NONE,,
END_AA,,49,37.2887853211,127.1072551695,-35.026519,-21.337692,1,11,2,NONE,,
END_AA,,50,37.2887873211,127.1072558362,-34.967472,-21.115052,1,11,2,NONE,,
END_AA,,51,37.2887896544,127.1072566695,-34.893671,-20.855309,1,11,2,NONE,,
END_AA,,52,37.2887918211,127.1072573362,-34.834625,-20.614112,1,11,2,NONE,,
END_AA,,53,37.2887939877,127.1072581695,-34.760823,-20.372926,1,11,2,NONE,,
END_AA,,54,37.2887963211,127.1072588362,-34.701777,-20.113172,1,11,2,NONE,,
END_AA,,55,37.2887981544,127.1072596695,-34.627976,-19.909089,1,11,2,NONE,,
END_AA,,56,37.2888001544,127.1072605029,-34.554166,-19.686449,1,11,2,NONE,,
END_AA,,57,37.2888023211,127.1072615029,-34.465601,-19.445252,1,11,2,NONE,,
END_AA,,58,37.2888041544,127.1072623362,-34.391799,-19.241169,1,11,2,NONE,,
END_AA,,59,37.2888063211,127.1072631695,-34.317998,-18.999972,1,11,2,NONE,,
END_AA,,60,37.2888083211,127.1072641695,-34.229433,-18.777332,1,11,2,NONE,,
END_AA,,61,37.2888101544,127.1072653362,-34.126104,-18.573249,1,11,2,NONE,,
END_AA,,62,37.2888119877,127.1072666695,-34.008020,-18.369166,1,11,2,NONE,,
END_AA,,63,37.2888138211,127.1072676695,-33.919455,-18.165072,1,11,2,NONE,,
END_AA,,64,37.2888158211,127.1072688362,-33.816126,-17.942432,1,11,2,NONE,,
END_AA,,65,37.2888176544,127.1072700029,-33.712797,-17.738349,1,11,2,NONE,,
END_AA,,66,37.2888194877,127.1072711695,-33.609477,-17.534266,1,11,2,NONE,,
END_AA,,67,37.2888211544,127.1072723362,-33.506148,-17.348729,1,11,2,NONE,,
END_AA,,68,37.2888229877,127.1072738362,-33.373301,-17.144646,1,11,2,NONE,,
END_AA,,69,37.2888246544,127.1072750029,-33.269972,-16.959109,1,11,2,NONE,,
END_AA,,70,37.2888264877,127.1072765029,-33.137124,-16.755026,1,11,2,NONE,,
END_AA,,71,37.2888283211,127.1072780029,-33.004277,-16.550932,1,11,2,NONE,,
END_AA,,72,37.2888301544,127.1072795029,-32.871429,-16.346849,1,11,2,NONE,,
END_AA,,73,37.2888318211,127.1072810029,-32.738581,-16.161312,1,11,2,NONE,,
END_AA,,74,37.2888336544,127.1072828362,-32.576215,-15.957229,1,11,2,NONE,,
END_AA,,75,37.2888353211,127.1072843362,-32.443367,-15.771692,1,11,2,NONE,,
END_AA,,76,37.2888371544,127.1072860029,-32.295756,-15.567609,1,11,2,NONE,,
END_AA,,77,37.2888386742,127.1072877969,-32.136870,-15.398425,1,11,2,NONE,,
END_AA,,78,37.2888401544,127.1072895029,-31.985778,-15.233649,1,11,2,NONE,,
END_AA,,79,37.2888416544,127.1072916695,-31.793893,-15.066669,1,11,2,NONE,,
END_AA,,80,37.2888431544,127.1072935029,-31.631518,-14.899689,1,11,2,NONE,,
END_AA,,81,37.2888444877,127.1072953362,-31.469151,-14.751266,1,11,2,NONE,,
END_AA,,82,37.2888458580,127.1072973646,-31.289506,-14.598724,1,11,2,NONE,,
END_AA,,83,37.2888469522,127.1072991885,-31.127972,-14.476918,1,11,2,NONE,,
END_AA,,84,37.2888481544,127.1073016695,-30.908242,-14.343089,1,11,2,NONE,,
END_AA,,85,37.2888491544,127.1073041695,-30.686830,-14.231769,1,11,2,NONE,,
END_AA,,86,37.2888501544,127.1073063362,-30.494936,-14.120449,1,11,2,NONE,,
END_AA,,87,37.2888513211,127.1073086695,-30.288287,-13.990572,1,11,2,NONE,,
END_AA,,88,37.2888522511,127.1073109051,-30.090291,-13.887044,1,11,2,NONE,,
END_AA,,89,37.2888529877,127.1073131695,-29.889744,-13.805046,1,11,2,NONE,,
END_AA,,90,37.2888536544,127.1073156695,-29.668331,-13.730829,1,11,2,NONE,,
END_AA,,91,37.2888543211,127.1073180029,-29.461673,-13.656612,1,11,2,NONE,,
END_AA,,92,37.2888549877,127.1073205029,-29.240261,-13.582406,1,11,2,NONE,,
END_AA,,93,37.2888556420,127.1073230468,-29.014960,-13.509569,1,11,2,NONE,,
END_AA,,94,37.2888561264,127.1073254823,-28.799260,-13.455646,1,11,2,NONE,,
END_AA,,95,37.2888564969,127.1073279178,-28.583559,-13.414402,1,11,2,NONE,,
END_AA,,96,37.2888568211,127.1073306695,-28.339855,-13.378312,1,11,2,NONE,,
END_AA,,97,37.2888571544,127.1073331695,-28.118442,-13.341209,1,11,2,NONE,,
END_AA,,98,37.2888573211,127.1073358362,-27.882266,-13.322652,1,11,2,NONE,,
END_AA,,99,37.2888573211,127.1073385029,-27.646089,-13.322652,1,11,2,NONE,,
END_AA,,100,37.2888571544,127.1073411695,-27.409921,-13.341209,1,11,2,NONE,,
END_AA,,101,37.2888568211,127.1073440029,-27.158981,-13.378312,1,11,2,NONE,,
END_AA,,102,37.2888564877,127.1073466695,-26.922813,-13.415426,1,11,2,NONE,,
END_AA,,103,37.2888563211,127.1073493362,-26.686637,-13.433972,1,11,2,NONE,,
END_AA,,104,37.2888559877,127.1073521695,-26.435705,-13.471086,1,11,2,NONE,,
END_AA,,105,37.2888554877,127.1073550029,-26.184765,-13.526746,1,11,2,NONE,,
END_AA,,106,37.2888549877,127.1073576695,-25.948598,-13.582406,1,11,2,NONE,,
END_AA,,107,37.2888543211,127.1073603362,-25.712421,-13.656612,1,11,2,NONE,,
END_AA,,108,37.2888538211,127.1073631695,-25.461490,-13.712272,1,11,2,NONE,,
END_AA,,109,37.2888534877,127.1073658362,-25.225313,-13.749386,1,11,2,NONE,,
END_AA,,110,37.2888529877,127.1073686695,-24.974382,-13.805046,1,11,2,NONE,,
END_AA,,111,37.2888523211,127.1073715029,-24.723441,-13.879252,1,11,2,NONE,,
END_AA,,112,37.2888516544,127.1073743362,-24.472510,-13.953469,1,11,2,NONE,,
END_AA,,113,37.2888511544,127.1073771694,-24.221587,-14.009129,1,11,2,NONE,,
END_AA,,114,37.2888506544,127.1073800029,-23.970638,-14.064789,1,11,2,NONE,,
END_AA,,115,37.2888501544,127.1073830029,-23.704943,-14.120449,1,11,2,NONE,,
END_AA,,116,37.2888496544,127.1073856695,-23.468775,-14.176109,1,11,2,NONE,,
END_AA,,117,37.2888489877,127.1073883361,-23.232607,-14.250326,1,11,2,NONE,,
END_AA,,118,37.2888483211,127.1073911695,-22.981667,-14.324532,1,11,2,NONE,,
END_AA,,119,37.2888478211,127.1073938361,-22.745500,-14.380192,1,11,2,NONE,,
END_AA,,120,37.2888473211,127.1073966695,-22.494559,-14.435852,1,11,2,NONE,,
END_AA,,121,37.2888469877,127.1073995028,-22.243628,-14.472966,1,11,2,NONE,,
END_AA,,122,37.2888463211,127.1074023361,-21.992696,-14.547172,1,11,2,NONE,,
END_AA,,123,37.2888454877,127.1074050028,-21.756520,-14.639946,1,11,2,NONE,,
END_AA,,124,37.2888446544,127.1074076695,-21.520343,-14.732709,1,11,2,NONE,,
END_AA,,125,37.2888439877,127.1074103361,-21.284176,-14.806926,1,11,2,NONE,,
END_AA,,126,37.2888433211,127.1074131695,-21.033235,-14.881132,1,11,2,NONE,,
END_AA,,127,37.2888424877,127.1074160028,-20.782304,-14.973906,1,11,2,NONE,,
END_AA,,128,37.2888414877,127.1074186694,-20.546136,-15.085226,1,11,2,NONE,,
END_AA,,129,37.2888406544,127.1074215028,-20.295196,-15.177989,1,11,2,NONE,,
END_AA,,130,37.2888401544,127.1074241694,-20.059028,-15.233649,1,11,2,NONE,,
END_AA,,131,37.2888394877,127.1074271694,-19.793333,-15.307866,1,11,2,NONE,,
END_AA,,132,37.2888386544,127.1074301694,-19.527638,-15.400629,1,11,2,NONE,,
END_AA,,133,37.2888379877,127.1074328361,-19.291461,-15.474846,1,11,2,NONE,,
END_AA,,134,37.2888371544,127.1074356694,-19.040530,-15.567609,1,11,2,NONE,,
END_AA,,135,37.2888366544,127.1074383361,-18.804353,-15.623269,1,11,2,NONE,,
END_AA,,136,37.2888359877,127.1074411694,-18.553422,-15.697486,1,11,2,NONE,,
END_AA,,137,37.2888351544,127.1074440028,-18.302482,-15.790249,1,11,2,NONE,,
END_AA,,138,37.2888344877,127.1074468361,-18.051550,-15.864466,1,11,2,NONE,,
END_AA,,139,37.2888336544,127.1074496694,-17.800619,-15.957229,1,11,2,NONE,,
END_AA,,140,37.2888329877,127.1074525028,-17.549678,-16.031446,1,11,2,NONE,,
END_AA,,141,37.2888324877,127.1074553361,-17.298747,-16.087106,1,11,2,NONE,,
END_AA,,142,37.2888318211,127.1074583361,-17.033052,-16.161312,1,11,2,NONE,,
END_AA,,143,37.2888309877,127.1074611694,-16.782120,-16.254086,1,11,2,NONE,,
END_AA,,144,37.2888301206,127.1074638903,-16.541143,-16.350612,1,11,2,NONE,,
END_AA,,145,37.2888294881,127.1074658663,-16.366139,-16.421021,1,11,2,NONE,,
END_AA,,146,37.2888287653,127.1074682967,-16.150890,-16.501484,1,11,2,NONE,,
END_AA,,147,37.2888281544,127.1074710028,-15.911224,-16.569489,1,11,2,NONE,,
END_AA,,148,37.2888273211,127.1074736694,-15.675057,-16.662252,1,11,2,NONE,,
END_AA,,149,37.2888264877,127.1074765028,-15.424116,-16.755026,1,11,2,NONE,,
END_AA,,150,37.2888256544,127.1074791694,-15.187949,-16.847789,1,11,2,NONE,,
END_AA,,151,37.2888248211,127.1074820028,-14.937008,-16.940552,1,11,2,NONE,,
END_AA,,152,37.2888242376,127.1074845848,-14.708333,-17.005507,1,11,2,NONE,,
END_AA,,153,37.2888234877,127.1074873361,-14.464664,-17.088986,1,11,2,NONE,,
END_AA,,154,37.2888227517,127.1074899855,-14.230020,-17.170917,1,11,2,NONE,,
END_AA,,155,37.2888218211,127.1074928361,-13.977556,-17.274512,1,11,2,NONE,,
END_AA,,156,37.2888209877,127.1074955028,-13.741380,-17.367286,1,11,2,NONE,,
END_AA,,157,37.2888201544,127.1074983361,-13.490448,-17.460049,1,11,2,NONE,,
END_AA,,158,37.2888194877,127.1075010028,-13.254272,-17.534266,1,11,2,NONE,,
END_AA,,159,37.2888186544,127.1075040028,-12.988576,-17.627029,1,11,2,NONE,,
END_AA,,160,37.2888178211,127.1075068361,-12.737645,-17.719792,1,11,2,NONE,,
END_AA,,161,37.2888169877,127.1075095028,-12.501468,-17.812566,1,11,2,NONE,,
END_AA,,162,37.2888163211,127.1075123361,-12.250537,-17.886772,1,11,2,NONE,,
END_AA,,163,37.2888156544,127.1075151694,-11.999606,-17.960989,1,11,2,NONE,,
END_AA,,164,37.2888148211,127.1075180028,-11.748665,-18.053752,1,11,2,NONE,,
END_AA,,165,37.2888139877,127.1075206694,-11.512498,-18.146526,1,11,2,NONE,,
END_AA,,166,37.2888129877,127.1075235028,-11.261557,-18.257846,1,11,2,NONE,,
END_AA,,167,37.2888121544,127.1075261694,-11.025390,-18.350609,1,11,2,NONE,,
END_AA,,168,37.2888114877,127.1075288361,-10.789213,-18.424826,1,11,2,NONE,,
END_AA,,169,37.2888108211,127.1075316694,-10.538282,-18.499032,1,11,2,NONE,,
END_AA,,170,37.2888100626,127.1075345483,-10.283312,-18.583468,1,11,2,NONE,,
END_AA,,171,37.2888090485,127.1075372505,-10.043991,-18.696358,1,11,2,NONE,,
END_AA,,172,37.2888082575,127.1075400546,-9.795646,-18.784412,1,11,2,NONE,,
END_AA,,173,37.2888074877,127.1075428361,-9.549302,-18.870106,1,11,2,NONE,,
END_AA,,174,37.2888068211,127.1075458361,-9.283607,-18.944312,1,11,2,NONE,,
END_AA,,175,37.2888063211,127.1075485028,-9.047430,-18.999972,1,11,2,NONE,,
END_AA,,176,37.2888054877,127.1075513361,-8.796499,-19.092746,1,11,2,NONE,,
END_AA,,177,37.2888046544,127.1075540028,-8.560322,-19.185509,1,11,2,NONE,,
END_AA,,178,37.2888038211,127.1075568361,-8.309391,-19.278272,1,11,2,NONE,,
END_AA,,179,37.2888031544,127.1075598361,-8.043696,-19.352489,1,11,2,NONE,,
END_AA,,180,37.2888024877,127.1075626694,-7.792764,-19.426706,1,11,2,NONE,,
END_AA,,181,37.2888017270,127.1075654957,-7.542453,-19.511387,1,11,2,NONE,,
END_AA,,182,37.2888008211,127.1075683361,-7.290892,-19.612232,1,11,2,NONE,,
END_AA,,183,37.2887999877,127.1075710028,-7.054716,-19.705006,1,11,2,NONE,,
END_AA,,184,37.2887991544,127.1075735028,-6.833303,-19.797769,1,11,2,NONE,,
END_AA,,185,37.2887983211,127.1075760028,-6.611890,-19.890532,1,11,2,NONE,,
END_AA,,186,37.2887973868,127.1075788536,-6.359409,-19.994538,1,11,2,NONE,,
END_AA,,187,37.2887963211,127.1075811694,-6.154310,-20.113172,1,11,2,NONE,,
END_AA,,188,37.2887954877,127.1075836694,-5.932897,-20.205946,1,11,2,NONE,,
END_AA,,189,37.2887946544,127.1075861694,-5.711485,-20.298709,1,11,2,NONE,,
END_AA,,190,37.2887939877,127.1075888361,-5.475308,-20.372926,1,11,2,NONE,,
END_AA,,191,37.2887933508,127.1075914467,-5.244100,-20.443826,1,11,2,NONE,,
END_AA,,192,37.2887926544,127.1075936694,-5.047246,-20.521349,1,11,2,NONE,,
END_AA,,193,37.2887919877,127.1075956694,-4.870116,-20.595566,1,11,2,NONE,,
END_AA,,194,37.2887913429,127.1075977687,-4.684192,-20.667345,1,11,2,NONE,,
END_AA,,195,37.2887907751,127.1075997571,-4.508089,-20.730553,1,11,2,NONE,,
END_AA,,196,37.2887903211,127.1076021694,-4.294443,-20.781092,1,11,2,NONE,,
END_AA,,197,37.2887898827,127.1076040398,-4.128791,-20.829895,1,11,2,NONE,,
END_AA,,198,37.2887892743,127.1076064870,-3.912055,-20.897622,1,11,2,NONE,,
END_AA,,199,37.2887887267,127.1076088068,-3.706601,-20.958580,1,11,2,NONE,,
END_AA,,200,37.2887878343,127.1076130895,-3.327304,-21.057922,1,11,2,NONE,,
END_AB,,0,37.2887130719,127.1073083969,-30.312429,-29.380473,1,11,2,NONE,,
END_AB,,1,37.2887132948,127.1073068512,-30.449325,-29.355660,1,11,2,NONE,,
END_AB,,2,37.2887134295,127.1073060985,-30.515987,-29.340665,1,11,2,NONE,,
END_AB,,3,37.2887135792,127.1073051764,-30.597653,-29.324000,1,11,2,NONE,,
END_AB,,4,37.2887137290,127.1073043672,-30.669320,-29.307324,1,11,2,NONE,,
END_AB,,5,37.2887139386,127.1073032569,-30.767654,-29.283992,1,11,2,NONE,,
END_AB,,6,37.2887142081,127.1073018267,-30.894320,-29.253991,1,11,2,NONE,,
END_AB,,7,37.2887144171,127.1073007267,-30.991741,-29.230725,1,11,2,NONE,,
END_AB,,8,37.2887148603,127.1072983389,-31.203217,-29.181388,1,11,2,NONE,,
END_AB,,9,37.2887152719,127.1072963491,-31.379444,-29.135569,1,11,2,NONE,,
END_AB,,10,37.2887155094,127.1072951552,-31.485182,-29.109130,1,11,2,NONE,,
END_AB,,11,37.2887157202,127.1072941299,-31.575988,-29.085664,1,11,2,NONE,,
END_AB,,12,37.2887159813,127.1072928572,-31.688704,-29.056598,1,11,2,NONE,,
END_AB,,13,37.2887161759,127.1072918786,-31.775374,-29.034936,1,11,2,NONE,,
END_AB,,14,37.2887163705,127.1072909001,-31.862035,-29.013273,1,11,2,NONE,,
END_AB,,15,37.2887166250,127.1072896957,-31.968703,-28.984942,1,11,2,NONE,,
END_AB,,16,37.2887168347,127.1072886418,-32.062042,-28.961598,1,11,2,NONE,,
END_AB,,17,37.2887170742,127.1072873622,-32.175369,-28.934937,1,11,2,NONE,,
END_AB,,18,37.2887172988,127.1072863460,-32.265369,-28.909934,1,11,2,NONE,,
END_AB,,19,37.2887175683,127.1072851228,-32.373702,-28.879934,1,11,2,NONE,,
END_AB,,20,37.2887177629,127.1072840878,-32.465367,-28.858271,1,11,2,NONE,,
END_AB,,21,37.2887179725,127.1072831468,-32.548707,-28.834938,1,11,2,NONE,,
END_AB,,22,37.2887182682,127.1072819836,-32.651726,-28.802021,1,11,2,NONE,,
END_AB,,23,37.2887185510,127.1072808754,-32.749873,-28.770539,1,11,2,NONE,,
END_AB,,24,37.2887188338,127.1072798090,-32.844319,-28.739058,1,11,2,NONE,,
END_AB,,25,37.2887196544,127.1072773362,-33.063323,-28.647709,1,11,2,NONE,,
END_AB,,26,37.2887203211,127.1072751695,-33.255217,-28.573492,1,11,2,NONE,,
END_AB,,27,37.2887212626,127.1072728461,-33.460989,-28.468684,1,11,2,NONE,,
END_AB,,28,37.2887221544,127.1072705029,-33.668515,-28.369409,1,11,2,NONE,,
END_AB,,29,37.2887228211,127.1072681695,-33.875173,-28.295192,1,11,2,NONE,,
END_AB,,30,37.2887234585,127.1072662596,-34.044323,-28.224236,1,11,2,NONE,,
END_AB,,31,37.2887243901,127.1072640641,-34.238768,-28.120531,1,11,2,NONE,,
END_AB,,32,37.2887254877,127.1072620029,-34.421318,-27.998346,1,11,2,NONE,,
END_AB,,33,37.2887265028,127.1072603004,-34.572100,-27.885345,1,11,2,NONE,,
END_AB,,34,37.2887279877,127.1072581695,-34.760823,-27.720046,1,11,2,NONE,,
END_AB,,35,37.2887293211,127.1072565029,-34.908426,-27.571612,1,11,2,NONE,,
END_AB,,36,37.2887306616,127.1072549685,-35.044320,-27.422387,1,11,2,NONE,,
END_AB,,37,37.2887323584,127.1072534421,-35.179506,-27.233500,1,11,2,NONE,,
END_AB,,38,37.2887339877,127.1072521695,-35.292214,-27.052126,1,11,2,NONE,,
END_AB,,39,37.2887359018,127.1072509539,-35.399874,-26.839048,1,11,2,NONE,,
END_AB,,40,37.2887376544,127.1072496695,-35.513627,-26.643949,1,11,2,NONE,,
END_AB,,41,37.2887394877,127.1072485029,-35.616947,-26.439866,1,11,2,NONE,,
END_AB,,42,37.2887413211,127.1072475029,-35.705512,-26.235772,1,11,2,NONE,,
END_AB,,43,37.2887433211,127.1072466695,-35.779322,-26.013132,1,11,2,NONE,,
END_AB,,44,37.2887453211,127.1072461695,-35.823604,-25.790492,1,11,2,NONE,,
END_AB,,45,37.2887474877,127.1072456695,-35.867887,-25.549306,1,11,2,NONE,,
END_AB,,46,37.2887493211,127.1072451695,-35.912170,-25.345212,1,11,2,NONE,,
END_AB,,47,37.2887516544,127.1072448362,-35.941688,-25.085469,1,11,2,NONE,,
END_AB,,48,37.2887536544,127.1072448362,-35.941688,-24.862829,1,11,2,NONE,,
END_AB,,49,37.2887558211,127.1072450029,-35.926924,-24.621632,1,11,2,NONE,,
END_AB,,50,37.2887581544,127.1072453362,-35.897406,-24.361889,1,11,2,NONE,,
END_AB,,51,37.2887604877,127.1072456695,-35.867887,-24.102146,1,11,2,NONE,,
END_AB,,52,37.2887626544,127.1072458362,-35.853123,-23.860949,1,11,2,NONE,,
END_AB,,53,37.2887649877,127.1072461695,-35.823604,-23.601206,1,11,2,NONE,,
END_AB,,54,37.2887671544,127.1072466695,-35.779322,-23.360009,1,11,2,NONE,,
END_AB,,55,37.2887693211,127.1072471695,-35.735039,-23.118812,1,11,2,NONE,,
END_AB,,56,37.2887716544,127.1072478362,-35.675993,-22.859069,1,11,2,NONE,,
END_AB,,57,37.2887738211,127.1072483362,-35.631710,-22.617872,1,11,2,NONE,,
END_AB,,58,37.2887759877,127.1072488362,-35.587428,-22.376686,1,11,2,NONE,,
END_AB,,59,37.2887780725,127.1072492811,-35.548025,-22.144606,1,11,2,NONE,,
END_AB,,60,37.2887801544,127.1072498362,-35.498863,-21.912849,1,11,2,NONE,,
END_AB,,61,37.2887823211,127.1072506695,-35.425062,-21.671652,1,11,2,NONE,,
END_AB,,62,37.2887843211,127.1072515029,-35.351251,-21.449012,1,11,2,NONE,,
END_AB,,63,37.2887864877,127.1072521695,-35.292214,-21.207826,1,11,2,NONE,,
END_AB,,64,37.2887884877,127.1072528362,-35.233168,-20.985186,1,11,2,NONE,,
END_AB,,65,37.2887906544,127.1072538362,-35.144602,-20.743989,1,11,2,NONE,,
END_AB,,66,37.2887924877,127.1072548362,-35.056037,-20.539906,1,11,2,NONE,,
END_AB,,67,37.2887944877,127.1072558362,-34.967472,-20.317266,1,11,2,NONE,,
END_AB,,68,37.2887966544,127.1072566695,-34.893671,-20.076069,1,11,2,NONE,,
END_AB,,69,37.2887988211,127.1072575029,-34.819861,-19.834872,1,11,2,NONE,,
END_AB,,70,37.2888008211,127.1072585029,-34.731296,-19.612232,1,11,2,NONE,,
END_AB,,71,37.2888028211,127.1072595029,-34.642731,-19.389592,1,11,2,NONE,,
END_AB,,72,37.2888048211,127.1072608362,-34.524647,-19.166952,1,11,2,NONE,,
END_AB,,73,37.2888069877,127.1072620029,-34.421318,-18.925766,1,11,2,NONE,,
END_AB,,74,37.2888089877,127.1072631695,-34.317998,-18.703126,1,11,2,NONE,,
END_AB,,75,37.2888111544,127.1072641695,-34.229433,-18.461929,1,11,2,NONE,,
END_AB,,76,37.2888133211,127.1072653362,-34.126104,-18.220732,1,11,2,NONE,,
END_AB,,77,37.2888153211,127.1072666695,-34.008020,-17.998092,1,11,2,NONE,,
END_AB,,78,37.2888174877,127.1072678362,-33.904691,-17.756906,1,11,2,NONE,,
END_AB,,79,37.2888194877,127.1072690029,-33.801362,-17.534266,1,11,2,NONE,,
END_AB,,80,37.2888216544,127.1072700029,-33.712797,-17.293069,1,11,2,NONE,,
END_AB,,81,37.2888238211,127.1072713362,-33.594714,-17.051872,1,11,2,NONE,,
END_AB,,82,37.2888258211,127.1072725029,-33.491385,-16.829232,1,11,2,NONE,,
END_AB,,83,37.2888278211,127.1072740029,-33.358537,-16.606592,1,11,2,NONE,,
END_AB,,84,37.2888298211,127.1072755029,-33.225689,-16.383952,1,11,2,NONE,,
END_AB,,85,37.2888318211,127.1072768362,-33.107606,-16.161312,1,11,2,NONE,,
END_AB,,86,37.2888337264,127.1072782292,-32.984234,-15.949214,1,11,2,NONE,,
END_AB,,87,37.2888356544,127.1072800029,-32.827146,-15.734589,1,11,2,NONE,,
END_AB,,88,37.2888374877,127.1072816695,-32.679544,-15.530506,1,11,2,NONE,,
END_AB,,89,37.2888391737,127.1072834017,-32.526131,-15.342820,1,11,2,NONE,,
END_AB,,90,37.2888409877,127.1072850029,-32.384321,-15.140886,1,11,2,NONE,,
END_AB,,91,37.2888427656,127.1072868401,-32.221609,-14.942970,1,11,2,NONE,,
END_AB,,92,37.2888445021,127.1072888434,-32.044187,-14.749663,1,11,2,NONE,,
END_AB,,93,37.2888458211,127.1072908362,-31.867694,-14.602832,1,11,2,NONE,,
END_AB,,94,37.2888471544,127.1072930029,-31.675800,-14.454409,1,11,2,NONE,,
END_AB,,95,37.2888483211,127.1072951695,-31.483915,-14.324532,1,11,2,NONE,,
END_AB,,96,37.2888496544,127.1072973362,-31.292021,-14.176109,1,11,2,NONE,,
END_AB,,97,37.2888511544,127.1072995029,-31.100127,-14.009129,1,11,2,NONE,,
END_AB,,98,37.2888523211,127.1073016695,-30.908242,-13.879252,1,11,2,NONE,,
END_AB,,99,37.2888534877,127.1073040029,-30.701584,-13.749386,1,11,2,NONE,,
END_AB,,100,37.2888546544,127.1073066695,-30.465417,-13.619509,1,11,2,NONE,,
END_AB,,101,37.2888556544,127.1073090029,-30.258759,-13.508189,1,11,2,NONE,,
END_AB,,102,37.2888566544,127.1073115029,-30.037346,-13.396869,1,11,2,NONE,,
END_AB,,103,37.2888573802,127.1073139853,-29.817492,-13.316073,1,11,2,NONE,,
END_AB,,104,37.2888579877,127.1073165029,-29.594521,-13.248446,1,11,2,NONE,,
END_AB,,105,37.2888584877,127.1073193362,-29.343589,-13.192786,1,11,2,NONE,,
END_AB,,106,37.2888588211,127.1073218362,-29.122177,-13.155672,1,11,2,NONE,,
END_AB,,107,37.2888590899,127.1073239781,-28.932479,-13.125749,1,11,2,NONE,,
END_AB,,108,37.2888595173,127.1073269150,-28.672372,-13.078171,1,11,2,NONE,,
END_AB,,109,37.2888596544,127.1073295029,-28.443175,-13.062909,1,11,2,NONE,,
END_AB,,110,37.2888596544,127.1073321695,-28.207007,-13.062909,1,11,2,NONE,,
END_AB,,111,37.2888594877,127.1073350029,-27.956067,-13.081466,1,11,2,NONE,,
END_AB,,112,37.2888594877,127.1073376695,-27.719899,-13.081466,1,11,2,NONE,,
END_AB,,113,37.2888592609,127.1073402028,-27.495537,-13.106713,1,11,2,NONE,,
END_AB,,114,37.2888591184,127.1073429248,-27.254463,-13.122576,1,11,2,NONE,,
END_AB,,115,37.2888588211,127.1073456695,-27.011379,-13.155672,1,11,2,NONE,,
END_AB,,116,37.2888583211,127.1073483362,-26.775202,-13.211332,1,11,2,NONE,,
END_AB,,117,37.2888579877,127.1073510029,-26.539026,-13.248446,1,11,2,NONE,,
END_AB,,118,37.2888578211,127.1073535029,-26.317613,-13.266992,1,11,2,NONE,,
END_AB,,119,37.2888574877,127.1073561695,-26.081445,-13.304106,1,11,2,NONE,,
END_AB,,120,37.2888569877,127.1073588362,-25.845269,-13.359766,1,11,2,NONE,,
END_AB,,121,37.2888564877,127.1073611695,-25.638620,-13.415426,1,11,2,NONE,,
END_AB,,122,37.2888559877,127.1073640029,-25.387679,-13.471086,1,11,2,NONE,,
END_AB,,123,37.2888556544,127.1073663362,-25.181030,-13.508189,1,11,2,NONE,,
END_AB,,124,37.2888551544,127.1073690029,-24.944854,-13.563849,1,11,2,NONE,,
END_AB,,125,37.2888544877,127.1073715029,-24.723441,-13.638066,1,11,2,NONE,,
END_AB,,126,37.2888536544,127.1073740029,-24.502029,-13.730829,1,11,2,NONE,,
END_AB,,127,37.2888529877,127.1073765029,-24.280616,-13.805046,1,11,2,NONE,,
END_AB,,128,37.2888523211,127.1073788362,-24.073967,-13.879252,1,11,2,NONE,,
END_AB,,129,37.2888518211,127.1073813362,-23.852554,-13.934912,1,11,2,NONE,,
END_AB,,130,37.2888513211,127.1073840029,-23.616378,-13.990572,1,11,2,NONE,,
END_AB,,131,37.2888507216,127.1073865260,-23.392919,-14.057308,1,11,2,NONE,,
END_AB,,132,37.2888499877,127.1073890029,-23.173552,-14.139006,1,11,2,NONE,,
END_AB,,133,37.2888492553,127.1073914265,-22.958906,-14.220537,1,11,2,NONE,,
END_AB,,134,37.2888486544,127.1073938361,-22.745500,-14.287429,1,11,2,NONE,,
END_AB,,135,37.2888479877,127.1073961694,-22.538851,-14.361646,1,11,2,NONE,,
END_AB,,136,37.2888473749,127.1073986688,-22.317491,-14.429863,1,11,2,NONE,,
END_AB,,137,37.2888466544,127.1074010029,-22.110771,-14.510069,1,11,2,NONE,,
END_AB,,138,37.2888456544,127.1074035028,-21.889367,-14.621389,1,11,2,NONE,,
END_AB,,139,37.2888449877,127.1074056694,-21.697482,-14.695606,1,11,2,NONE,,
END_AB,,140,37.2888443211,127.1074081694,-21.476070,-14.769812,1,11,2,NONE,,
END_AB,,141,37.2888436544,127.1074106694,-21.254657,-14.844029,1,11,2,NONE,,
END_AB,,142,37.2888428211,127.1074130029,-21.047990,-14.936792,1,11,2,NONE,,
END_AB,,143,37.2888421544,127.1074153361,-20.841350,-15.011009,1,11,2,NONE,,
END_AB,,144,37.2888411544,127.1074178361,-20.619938,-15.122329,1,11,2,NONE,,
END_AB,,145,37.2888404877,127.1074201694,-20.413289,-15.196546,1,11,2,NONE,,
END_AB,,146,37.2888398211,127.1074225028,-20.206631,-15.270752,1,11,2,NONE,,
END_AB,,147,37.2888389877,127.1074248361,-19.999982,-15.363526,1,11,2,NONE,,
END_AB,,148,37.2888381544,127.1074270028,-19.808088,-15.456289,1,11,2,NONE,,
END_AB,,149,37.2888373211,127.1074291694,-19.616203,-15.549052,1,11,2,NONE,,
END_AB,,150,37.2888364877,127.1074313361,-19.424309,-15.641826,1,11,2,NONE,,
END_AB,,151,37.2888356544,127.1074335028,-19.232415,-15.734589,1,11,2,NONE,,
END_AB,,152,37.2888348211,127.1074356694,-19.040530,-15.827352,1,11,2,NONE,,
END_AB,,153,37.2888338973,127.1074376789,-18.862558,-15.930189,1,11,2,NONE,,
END_AB,,154,37.2888328211,127.1074396694,-18.686269,-16.049992,1,11,2,NONE,,
END_AB,,155,37.2888314877,127.1074416694,-18.509139,-16.198426,1,11,2,NONE,,
END_AB,,156,37.2888303211,127.1074435028,-18.346764,-16.328292,1,11,2,NONE,,
END_AB,,157,37.2888291544,127.1074455028,-18.169634,-16.458169,1,11,2,NONE,,
END_AB,,158,37.2888280605,127.1074472640,-18.013653,-16.579942,1,11,2,NONE,,
END_AB,,159,37.2888266544,127.1074491694,-17.844901,-16.736469,1,11,2,NONE,,
END_AB,,160,37.2888251544,127.1074508361,-17.697290,-16.903449,1,11,2,NONE,,
END_AB,,161,37.2888234877,127.1074525028,-17.549678,-17.088986,1,11,2,NONE,,
END_AB,,162,37.2888221544,127.1074541694,-17.402076,-17.237409,1,11,2,NONE,,
END_AB,,163,37.2888208211,127.1074560028,-17.239700,-17.385832,1,11,2,NONE,,
END_AB,,164,37.2888191544,127.1074578361,-17.077334,-17.571369,1,11,2,NONE,,
END_AB,,165,37.2888178211,127.1074595028,-16.929723,-17.719792,1,11,2,NONE,,
END_AB,,166,37.2888163211,127.1074610028,-16.796875,-17.886772,1,11,2,NONE,,
END_AB,,167,37.2888146544,127.1074628361,-16.634509,-18.072309,1,11,2,NONE,,
END_AB,,168,37.2888131544,127.1074645028,-16.486897,-18.239289,1,11,2,NONE,,
END_AB,,169,37.2888116544,127.1074661694,-16.339295,-18.406269,1,11,2,NONE,,
END_AB,,170,37.2888099877,127.1074680028,-16.176919,-18.591806,1,11,2,NONE,,
END_AB,,171,37.2888083211,127.1074696694,-16.029317,-18.777332,1,11,2,NONE,,
END_AB,,172,37.2888066544,127.1074711694,-15.896469,-18.962869,1,11,2,NONE,,
END_AB,,173,37.2888051383,127.1074727860,-15.753295,-19.131641,1,11,2,NONE,,
END_AB,,174,37.2888036544,127.1074746694,-15.586491,-19.296829,1,11,2,NONE,,
END_AB,,175,37.2888023211,127.1074768361,-15.394598,-19.445252,1,11,2,NONE,,
END_AB,,176,37.2888008211,127.1074788361,-15.217467,-19.612232,1,11,2,NONE,,
END_AB,,177,37.2887994877,127.1074808361,-15.040337,-19.760666,1,11,2,NONE,,
END_AB,,178,37.2887981544,127.1074830028,-14.848443,-19.909089,1,11,2,NONE,,
END_AB,,179,37.2887969877,127.1074853361,-14.641794,-20.038966,1,11,2,NONE,,
END_AB,,180,37.2887959877,127.1074876694,-14.435145,-20.150286,1,11,2,NONE,,
END_AB,,181,37.2887949877,127.1074901694,-14.213733,-20.261606,1,11,2,NONE,,
END_AB,,182,37.2887939877,127.1074925028,-14.007075,-20.372926,1,11,2,NONE,,
END_AB,,183,37.2887928211,127.1074950028,-13.785662,-20.502792,1,11,2,NONE,,
END_AB,,184,37.2887918929,127.1074973205,-13.580395,-20.606119,1,11,2,NONE,,
END_AB,,185,37.2887911544,127.1075000028,-13.342837,-20.688329,1,11,2,NONE,,
END_AB,,186,37.2887901544,127.1075026694,-13.106669,-20.799649,1,11,2,NONE,,
END_AB,,187,37.2887891544,127.1075050028,-12.900011,-20.910969,1,11,2,NONE,,
END_AB,,188,37.2887881544,127.1075073361,-12.693362,-21.022289,1,11,2,NONE,,
END_AB,,189,37.2887869877,127.1075098361,-12.471950,-21.152166,1,11,2,NONE,,
END_AB,,190,37.2887861544,127.1075123361,-12.250537,-21.244929,1,11,2,NONE,,
END_AB,,191,37.2887853211,127.1075146694,-12.043888,-21.337692,1,11,2,NONE,,
END_AB,,192,37.2887843499,127.1075173496,-11.806516,-21.445806,1,11,2,NONE,,
END_AB,,193,37.2887834877,127.1075195028,-11.615818,-21.541786,1,11,2,NONE,,
END_AB,,194,37.2887824877,127.1075218361,-11.409169,-21.653106,1,11,2,NONE,,
END_AB,,195,37.2887814877,127.1075243361,-11.187756,-21.764426,1,11,2,NONE,,
END_AB,,196,37.2887804877,127.1075270028,-10.951579,-21.875746,1,11,2,NONE,,
END_AB,,197,37.2887796544,127.1075296694,-10.715412,-21.968509,1,11,2,NONE,,
END_AB,,198,37.2887789877,127.1075325028,-10.464472,-22.042726,1,11,2,NONE,,
END_AB,,199,37.2887781544,127.1075351694,-10.228304,-22.135489,1,11,2,NONE,,
END_AB,,200,37.2887771544,127.1075378361,-9.992127,-22.246809,1,11,2,NONE,,
END_AB,,201,37.2887763211,127.1075405028,-9.755951,-22.339572,1,11,2,NONE,,
END_AB,,202,37.2887756544,127.1075431694,-9.519783,-22.413789,1,11,2,NONE,,
END_AB,,203,37.2887749877,127.1075460028,-9.268843,-22.488006,1,11,2,NONE,,
END_AB,,204,37.2887741544,127.1075486694,-9.032675,-22.580769,1,11,2,NONE,,
END_AB,,205,37.2887733211,127.1075515028,-8.781735,-22.673532,1,11,2,NONE,,
END_AB,,206,37.2887725116,127.1075542552,-8.537968,-22.763645,1,11,2,NONE,,
END_AB,,207,37.2887716544,127.1075570028,-8.294627,-22.859069,1,11,2,NONE,,
END_AB,,208,37.2887709877,127.1075598361,-8.043696,-22.933286,1,11,2,NONE,,
END_AB,,209,37.2887703211,127.1075623361,-7.822283,-23.007492,1,11,2,NONE,,
END_AB,,210,37.2887694877,127.1075650028,-7.586106,-23.100266,1,11,2,NONE,,
END_AB,,211,37.2887688435,127.1075675599,-7.359637,-23.171978,1,11,2,NONE,,
END_AB,,212,37.2887681544,127.1075703361,-7.113762,-23.248689,1,11,2,NONE,,
END_AB,,213,37.2887674877,127.1075730028,-6.877586,-23.322906,1,11,2,NONE,,
END_AB,,214,37.2887668211,127.1075756694,-6.641418,-23.397112,1,11,2,NONE,,
END_AB,,215,37.2887659877,127.1075783361,-6.405241,-23.489886,1,11,2,NONE,,
END_AB,,216,37.2887651544,127.1075810028,-6.169065,-23.582649,1,11,2,NONE,,
END_AB,,217,37.2887643211,127.1075835028,-5.947652,-23.675412,1,11,2,NONE,,
END_AB,,218,37.2887636544,127.1075861694,-5.711485,-23.749629,1,11,2,NONE,,
END_AB,,219,37.2887629877,127.1075890028,-5.460544,-23.823846,1,11,2,NONE,,
END_AB,,220,37.2887623211,127.1075915028,-5.239132,-23.898052,1,11,2,NONE,,
END_AB,,221,37.2887616544,127.1075941694,-5.002964,-23.972269,1,11,2,NONE,,
END_AB,,222,37.2887609877,127.1075965028,-4.796306,-24.046486,1,11,2,NONE,,
END_AB,,223,37.2887604161,127.1075987171,-4.600196,-24.110116,1,11,2,NONE,,
END_AB,,224,37.2887598904,127.1076005172,-4.440770,-24.168637,1,11,2,NONE,,
END_AB,,225,37.2887594010,127.1076021805,-4.293460,-24.223117,1,11,2,NONE,,
END_AB,,226,37.2887586940,127.1076040945,-4.123947,-24.301821,1,11,2,NONE,,
END_AB,,227,37.2887581544,127.1076058361,-3.969702,-24.361889,1,11,2,NONE,,
END_BA,,0,37.2887130719,127.1073083758,-30.314298,-29.380473,1,11,2,NONE,,
END_BA,,1,37.2887132798,127.1073072652,-30.412659,-29.357329,1,11,2,NONE,,
END_BA,,2,37.2887135622,127.1073058405,-30.538837,-29.325893,1,11,2,NONE,,
END_BA,,3,37.2887137205,127.1073051241,-30.602285,-29.308271,1,11,2,NONE,,
END_BA,,4,37.2887139263,127.1073040695,-30.695686,-29.285361,1,11,2,NONE,,
END_BA,,5,37.2887140733,127.1073032192,-30.770993,-29.268997,1,11,2,NONE,,
END_BA,,6,37.2887142230,127.1073024665,-30.837656,-29.252332,1,11,2,NONE,,
END_BA,,7,37.2887144329,127.1073014231,-30.930065,-29.228966,1,11,2,NONE,,
END_BA,,8,37.2887146872,127.1073001142,-31.045988,-29.200658,1,11,2,NONE,,
END_BA,,9,37.2887150028,127.1072986971,-31.171493,-29.165525,1,11,2,NONE,,
END_BA,,10,37.2887156154,127.1072961999,-31.392658,-29.097330,1,11,2,NONE,,
END_BA,,11,37.2887157951,127.1072951837,-31.482658,-29.077326,1,11,2,NONE,,
END_BA,,12,37.2887160346,127.1072939981,-31.587660,-29.050665,1,11,2,NONE,,
END_BA,,13,37.2887162864,127.1072927549,-31.697765,-29.022635,1,11,2,NONE,,
END_BA,,14,37.2887165738,127.1072915384,-31.805504,-28.990641,1,11,2,NONE,,
END_BA,,15,37.2887168460,127.1072903789,-31.908195,-28.960340,1,11,2,NONE,,
END_BA,,16,37.2887170728,127.1072895615,-31.980588,-28.935093,1,11,2,NONE,,
END_BA,,17,37.2887172543,127.1072888962,-32.039511,-28.914888,1,11,2,NONE,,
END_BA,,18,37.2887175568,127.1072877557,-32.140519,-28.881214,1,11,2,NONE,,
END_BA,,19,37.2887178290,127.1072868242,-32.223017,-28.850912,1,11,2,NONE,,
END_BA,,20,37.2887181315,127.1072859118,-32.303824,-28.817238,1,11,2,NONE,,
END_BA,,21,37.2887184877,127.1072848362,-32.399085,-28.777586,1,11,2,NONE,,
END_BA,,22,37.2887191544,127.1072826695,-32.590979,-28.703369,1,11,2,NONE,,
END_BA,,23,37.2887198211,127.1072805029,-32.782864,-28.629152,1,11,2,NONE,,
END_BA,,24,37.2887206970,127.1072782199,-32.985058,-28.531647,1,11,2,NONE,,
END_BA,,25,37.2887216544,127.1072761695,-33.166652,-28.425069,1,11,2,NONE,,
END_BA,,26,37.2887228211,127.1072740029,-33.358537,-28.295192,1,11,2,NONE,,
END_BA,,27,37.2887239877,127.1072718362,-33.550431,-28.165326,1,11,2,NONE,,
END_BA,,28,37.2887249877,127.1072696695,-33.742325,-28.054006,1,11,2,NONE,,
END_BA,,29,37.2887259877,127.1072675029,-33.934210,-27.942686,1,11,2,NONE,,
END_BA,,30,37.2887273211,127.1072651695,-34.140868,-27.794252,1,11,2,NONE,,
END_BA,,31,37.2887286544,127.1072633362,-34.303234,-27.645829,1,11,2,NONE,,
END_BA,,32,37.2887299877,127.1072616695,-34.450846,-27.497406,1,11,2,NONE,,
END_BA,,33,37.2887316544,127.1072598362,-34.613212,-27.311869,1,11,2,NONE,,
END_BA,,34,37.2887329877,127.1072583362,-34.746060,-27.163446,1,11,2,NONE,,
END_BA,,35,37.2887343214,127.1072570176,-34.862842,-27.014978,1,11,2,NONE,,
END_BA,,36,37.2887362677,127.1072553867,-35.007282,-26.798316,1,11,2,NONE,,
END_BA,,37,37.2887377982,127.1072544039,-35.094324,-26.627941,1,11,2,NONE,,
END_BA,,38,37.2887396544,127.1072535029,-35.174121,-26.421309,1,11,2,NONE,,
END_BA,,39,37.2887414877,127.1072526695,-35.247931,-26.217226,1,11,2,NONE,,
END_BA,,40,37.2887433211,127.1072518362,-35.321733,-26.013132,1,11,2,NONE,,
END_BA,,41,37.2887452176,127.1072512466,-35.373951,-25.802013,1,11,2,NONE,,
END_BA,,42,37.2887473303,127.1072505357,-35.436912,-25.566828,1,11,2,NONE,,
END_BA,,43,37.2887493211,127.1072500029,-35.484099,-25.345212,1,11,2,NONE,,
END_BA,,44,37.2887516544,127.1072496695,-35.513627,-25.085469,1,11,2,NONE,,
END_BA,,45,37.2887536544,127.1072491695,-35.557909,-24.862829,1,11,2,NONE,,
END_BA,,46,37.2887558211,127.1072486695,-35.602192,-24.621632,1,11,2,NONE,,
END_BA,,47,37.2887578937,127.1072482565,-35.638769,-24.390910,1,11,2,NONE,,
END_BA,,48,37.2887601063,127.1072480265,-35.659139,-24.144603,1,11,2,NONE,,
END_BA,,49,37.2887623211,127.1072478362,-35.675993,-23.898052,1,11,2,NONE,,
END_BA,,50,37.2887646544,127.1072480029,-35.661229,-23.638309,1,11,2,NONE,,
END_BA,,51,37.2887666544,127.1072480029,-35.661229,-23.415669,1,11,2,NONE,,
END_BA,,52,37.2887688211,127.1072481695,-35.646474,-23.174472,1,11,2,NONE,,
END_BA,,53,37.2887708361,127.1072482984,-35.635058,-22.950162,1,11,2,NONE,,
END_BA,,54,37.2887729877,127.1072485029,-35.616947,-22.710646,1,11,2,NONE,,
END_BA,,55,37.2887751544,127.1072488362,-35.587428,-22.469449,1,11,2,NONE,,
END_BA,,56,37.2887771544,127.1072491695,-35.557909,-22.246809,1,11,2,NONE,,
END_BA,,57,37.2887791544,127.1072496695,-35.513627,-22.024169,1,11,2,NONE,,
END_BA,,58,37.2887811544,127.1072501695,-35.469344,-21.801529,1,11,2,NONE,,
END_BA,,59,37.2887831544,127.1072508362,-35.410298,-21.578889,1,11,2,NONE,,
END_BA,,60,37.2887851544,127.1072515029,-35.351251,-21.356249,1,11,2,NONE,,
END_BA,,61,37.2887873211,127.1072523362,-35.277450,-21.115052,1,11,2,NONE,,
END_BA,,62,37.2887891544,127.1072528362,-35.233168,-20.910969,1,11,2,NONE,,
END_BA,,63,37.2887911544,127.1072535029,-35.174121,-20.688329,1,11,2,NONE,,
END_BA,,64,37.2887933211,127.1072543362,-35.100320,-20.447132,1,11,2,NONE,,
END_BA,,65,37.2887951544,127.1072550029,-35.041274,-20.243049,1,11,2,NONE,,
END_BA,,66,37.2887971544,127.1072560029,-34.952709,-20.020409,1,11,2,NONE,,
END_BA,,67,37.2887993342,127.1072569821,-34.865986,-19.777754,1,11,2,NONE,,
END_BA,,68,37.2888012506,127.1072579042,-34.784320,-19.564420,1,11,2,NONE,,
END_BA,,69,37.2888033211,127.1072590029,-34.687013,-19.333932,1,11,2,NONE,,
END_BA,,70,37.2888054877,127.1072598362,-34.613212,-19.092746,1,11,2,NONE,,
END_BA,,71,37.2888073211,127.1072608362,-34.524647,-18.888652,1,11,2,NONE,,
END_BA,,72,37.2888091544,127.1072620029,-34.421318,-18.684569,1,11,2,NONE,,
END_BA,,73,37.2888109877,127.1072633362,-34.303234,-18.480486,1,11,2,NONE,,
END_BA,,74,37.2888128211,127.1072643362,-34.214669,-18.276392,1,11,2,NONE,,
END_BA,,75,37.2888146055,127.1072656386,-34.099322,-18.077752,1,11,2,NONE,,
END_BA,,76,37.2888162075,127.1072669371,-33.984320,-17.899418,1,11,2,NONE,,
END_BA,,77,37.2888176544,127.1072683362,-33.860409,-17.738349,1,11,2,NONE,,
END_BA,,78,37.2888191544,127.1072701695,-33.698042,-17.571369,1,11,2,NONE,,
END_BA,,79,37.2888204877,127.1072718362,-33.550431,-17.422946,1,11,2,NONE,,
END_BA,,80,37.2888219877,127.1072735029,-33.402820,-17.255966,1,11,2,NONE,,
END_BA,,81,37.2888235287,127.1072754243,-33.232651,-17.084422,1,11,2,NONE,,
END_BA,,82,37.2888248211,127.1072773362,-33.063323,-16.940552,1,11,2,NONE,,
END_BA,,83,37.2888259877,127.1072795029,-32.871429,-16.810686,1,11,2,NONE,,
END_BA,,84,37.2888271544,127.1072816695,-32.679544,-16.680809,1,11,2,NONE,,
END_BA,,85,37.2888283211,127.1072836695,-32.502414,-16.550932,1,11,2,NONE,,
END_BA,,86,37.2888294877,127.1072860029,-32.295756,-16.421066,1,11,2,NONE,,
END_BA,,87,37.2888304913,127.1072883052,-32.091853,-16.309345,1,11,2,NONE,,
END_BA,,88,37.2888313211,127.1072906695,-31.882458,-16.216972,1,11,2,NONE,,
END_BA,,89,37.2888319877,127.1072930029,-31.675800,-16.142766,1,11,2,NONE,,
END_BA,,90,37.2888326544,127.1072955029,-31.454388,-16.068549,1,11,2,NONE,,
END_BA,,91,37.2888333211,127.1072978362,-31.247739,-15.994332,1,11,2,NONE,,
END_BA,,92,37.2888338211,127.1073003362,-31.026326,-15.938672,1,11,2,NONE,,
END_BA,,93,37.2888342181,127.1073029225,-30.797270,-15.894478,1,11,2,NONE,,
END_BA,,94,37.2888344003,127.1073051111,-30.603437,-15.874195,1,11,2,NONE,,
END_BA,,95,37.2888344813,127.1073077579,-30.369023,-15.865178,1,11,2,NONE,,
END_BA,,96,37.2888344877,127.1073105029,-30.125911,-15.864466,1,11,2,NONE,,
END_BA,,97,37.2888343211,127.1073128362,-29.919263,-15.883012,1,11,2,NONE,,
END_BA,,98,37.2888343211,127.1073153362,-29.697850,-15.883012,1,11,2,NONE,,
END_BA,,99,37.2888341544,127.1073180029,-29.461673,-15.901569,1,11,2,NONE,,
END_BA,,100,37.2888338211,127.1073203362,-29.255024,-15.938672,1,11,2,NONE,,
END_BA,,101,37.2888334877,127.1073228362,-29.033612,-15.975786,1,11,2,NONE,,
END_BA,,102,37.2888331544,127.1073253362,-28.812199,-16.012889,1,11,2,NONE,,
END_BA,,103,37.2888328211,127.1073278362,-28.590786,-16.049992,1,11,2,NONE,,
END_BA,,104,37.2888324877,127.1073303362,-28.369374,-16.087106,1,11,2,NONE,,
END_BA,,105,37.2888319877,127.1073326695,-28.162725,-16.142766,1,11,2,NONE,,
END_BA,,106,37.2888313389,127.1073351999,-27.938620,-16.214990,1,11,2,NONE,,
END_BA,,107,37.2888306544,127.1073376695,-27.719899,-16.291189,1,11,2,NONE,,
END_BA,,108,37.2888298994,127.1073403534,-27.482199,-16.375235,1,11,2,NONE,,
END_BA,,109,37.2888293211,127.1073430029,-27.247546,-16.439612,1,11,2,NONE,,
END_BA,,110,37.2888286544,127.1073458362,-26.996615,-16.513829,1,11,2,NONE,,
END_BA,,111,37.2888279877,127.1073483362,-26.775202,-16.588046,1,11,2,NONE,,
END_BA,,112,37.2888274877,127.1073508362,-26.553789,-16.643706,1,11,2,NONE,,
END_BA,,113,37.2888266544,127.1073535029,-26.317613,-16.736469,1,11,2,NONE,,
END_BA,,114,37.2888259815,127.1073558825,-26.106863,-16.811376,1,11,2,NONE,,
END_BA,,115,37.2888253211,127.1073586695,-25.860032,-16.884892,1,11,2,NONE,,
END_BA,,116,37.2888248211,127.1073613362,-25.623856,-16.940552,1,11,2,NONE,,
END_BA,,117,37.2888241544,127.1073636695,-25.417207,-17.014769,1,11,2,NONE,,
END_BA,,118,37.2888234877,127.1073660029,-25.210549,-17.088986,1,11,2,NONE,,
END_BA,,119,37.2888226544,127.1073685029,-24.989137,-17.181749,1,11,2,NONE,,
END_BA,,120,37.2888219877,127.1073708362,-24.782488,-17.255966,1,11,2,NONE,,
END_BA,,121,37.2888213211,127.1073733362,-24.561075,-17.330172,1,11,2,NONE,,
END_BA,,122,37.2888207517,127.1073758552,-24.337979,-17.393557,1,11,2,NONE,,
END_BA,,123,37.2888200592,127.1073783288,-24.118905,-17.470647,1,11,2,NONE,,
END_BA,,124,37.2888193211,127.1073806694,-23.911609,-17.552812,1,11,2,NONE,,
END_BA,,125,37.2888186544,127.1073830029,-23.704943,-17.627029,1,11,2,NONE,,
END_BA,,126,37.2888179877,127.1073855029,-23.483530,-17.701246,1,11,2,NONE,,
END_BA,,127,37.2888173211,127.1073880028,-23.262126,-17.775452,1,11,2,NONE,,
END_BA,,128,37.2888168211,127.1073901695,-23.070232,-17.831112,1,11,2,NONE,,
END_BA,,129,37.2888162507,127.1073924379,-22.869331,-17.894609,1,11,2,NONE,,
END_BA,,130,37.2888154877,127.1073950028,-22.642171,-17.979546,1,11,2,NONE,,
END_BA,,131,37.2888148211,127.1073973361,-22.435522,-18.053752,1,11,2,NONE,,
END_BA,,132,37.2888143211,127.1073996694,-22.228873,-18.109412,1,11,2,NONE,,
END_BA,,133,37.2888139877,127.1074021695,-22.007451,-18.146526,1,11,2,NONE,,
END_BA,,134,37.2888134877,127.1074045028,-21.800802,-18.202186,1,11,2,NONE,,
END_BA,,135,37.2888131544,127.1074068361,-21.594153,-18.239289,1,11,2,NONE,,
END_BA,,136,37.2888128211,127.1074095028,-21.357977,-18.276392,1,11,2,NONE,,
END_BA,,137,37.2888126544,127.1074118361,-21.151328,-18.294949,1,11,2,NONE,,
END_BA,,138,37.2888124877,127.1074145028,-20.915151,-18.313506,1,11,2,NONE,,
END_BA,,139,37.2888123211,127.1074170028,-20.693739,-18.332052,1,11,2,NONE,,
END_BA,,140,37.2888121544,127.1074193361,-20.487090,-18.350609,1,11,2,NONE,,
END_BA,,141,37.2888121544,127.1074218361,-20.265677,-18.350609,1,11,2,NONE,,
END_BA,,142,37.2888121544,127.1074245028,-20.029501,-18.350609,1,11,2,NONE,,
END_BA,,143,37.2888122126,127.1074272534,-19.785894,-18.344130,1,11,2,NONE,,
END_BA,,144,37.2888124877,127.1074298361,-19.557156,-18.313506,1,11,2,NONE,,
END_BA,,145,37.2888128211,127.1074323361,-19.335744,-18.276392,1,11,2,NONE,,
END_BA,,146,37.2888131544,127.1074346694,-19.129095,-18.239289,1,11,2,NONE,,
END_BA,,147,37.2888134877,127.1074373361,-18.892918,-18.202186,1,11,2,NONE,,
END_BA,,148,37.2888136544,127.1074400028,-18.656742,-18.183629,1,11,2,NONE,,
END_BA,,149,37.2888139877,127.1074426694,-18.420574,-18.146526,1,11,2,NONE,,
END_BA,,150,37.2888144877,127.1074451694,-18.199161,-18.090866,1,11,2,NONE,,
END_BA,,151,37.2888149051,127.1074480135,-17.947274,-18.044401,1,11,2,NONE,,
END_BA,,152,37.2888151544,127.1074501694,-17.756336,-18.016649,1,11,2,NONE,,
END_BA,,153,37.2888153211,127.1074530028,-17.505396,-17.998092,1,11,2,NONE,,
END_BA,,154,37.2888154877,127.1074555028,-17.283983,-17.979546,1,11,2,NONE,,
END_BA,,155,37.2888156544,127.1074580028,-17.062570,-17.960989,1,11,2,NONE,,
END_BA,,156,37.2888159877,127.1074606694,-16.826403,-17.923886,1,11,2,NONE,,
END_BA,,157,37.2888161544,127.1074630028,-16.619745,-17.905329,1,11,2,NONE,,
END_BA,,158,37.2888161544,127.1074656694,-16.383577,-17.905329,1,11,2,NONE,,
END_BA,,159,37.2888161544,127.1074681694,-16.162165,-17.905329,1,11,2,NONE,,
END_BA,,160,37.2888163211,127.1074706694,-15.940752,-17.886772,1,11,2,NONE,,
END_BA,,161,37.2888164877,127.1074733361,-15.704575,-17.868226,1,11,2,NONE,,
END_BA,,162,37.2888164923,127.1074759463,-15.473403,-17.867714,1,11,2,NONE,,
END_BA,,163,37.2888164877,127.1074783361,-15.261750,-17.868226,1,11,2,NONE,,
END_BA,,164,37.2888164877,127.1074811694,-15.010818,-17.868226,1,11,2,NONE,,
END_BA,,165,37.2888163211,127.1074840028,-14.759878,-17.886772,1,11,2,NONE,,
END_BA,,166,37.2888161544,127.1074866694,-14.523710,-17.905329,1,11,2,NONE,,
END_BA,,167,37.2888159441,127.1074895547,-14.268174,-17.928739,1,11,2,NONE,,
END_BA,,168,37.2888158211,127.1074921694,-14.036603,-17.942432,1,11,2,NONE,,
END_BA,,169,37.2888154877,127.1074948361,-13.800426,-17.979546,1,11,2,NONE,,
END_BA,,170,37.2888149877,127.1074976694,-13.549495,-18.035206,1,11,2,NONE,,
END_BA,,171,37.2888146544,127.1075003361,-13.313318,-18.072309,1,11,2,NONE,,
END_BA,,172,37.2888143211,127.1075031694,-13.062387,-18.109412,1,11,2,NONE,,
END_BA,,173,37.2888141544,127.1075060028,-12.811446,-18.127969,1,11,2,NONE,,
END_BA,,174,37.2888138211,127.1075085028,-12.590034,-18.165072,1,11,2,NONE,,
END_BA,,175,37.2888133211,127.1075113361,-12.339102,-18.220732,1,11,2,NONE,,
END_BA,,176,37.2888128211,127.1075141694,-12.088171,-18.276392,1,11,2,NONE,,
END_BA,,177,37.2888123211,127.1075168361,-11.851994,-18.332052,1,11,2,NONE,,
END_BA,,178,37.2888119877,127.1075196694,-11.601063,-18.369166,1,11,2,NONE,,
END_BA,,179,37.2888114877,127.1075223361,-11.364886,-18.424826,1,11,2,NONE,,
END_BA,,180,37.2888108211,127.1075248361,-11.143473,-18.499032,1,11,2,NONE,,
END_BA,,181,37.2888101544,127.1075276694,-10.892542,-18.573249,1,11,2,NONE,,
END_BA,,182,37.2888096544,127.1075303361,-10.656365,-18.628909,1,11,2,NONE,,
END_BA,,183,37.2888089877,127.1075330028,-10.420189,-18.703126,1,11,2,NONE,,
END_BA,,184,37.2888084877,127.1075358361,-10.169258,-18.758786,1,11,2,NONE,,
END_BA,,185,37.2888079877,127.1075383361,-9.947845,-18.814446,1,11,2,NONE,,
END_BA,,186,37.2888073211,127.1075410028,-9.711668,-18.888652,1,11,2,NONE,,
END_BA,,187,37.2888066147,127.1075436490,-9.477307,-18.967288,1,11,2,NONE,,
END_BA,,188,37.2888059877,127.1075465028,-9.224560,-19.037086,1,11,2,NONE,,
END_BA,,189,37.2888053211,127.1075491694,-8.988393,-19.111292,1,11,2,NONE,,
END_BA,,190,37.2888048211,127.1075518361,-8.752216,-19.166952,1,11,2,NONE,,
END_BA,,191,37.2888039877,127.1075546694,-8.501285,-19.259726,1,11,2,NONE,,
END_BA,,192,37.2888033211,127.1075571694,-8.279872,-19.333932,1,11,2,NONE,,
END_BA,,193,37.2888024877,127.1075598361,-8.043696,-19.426706,1,11,2,NONE,,
END_BA,,194,37.2888018211,127.1075625028,-7.807519,-19.500912,1,11,2,NONE,,
END_BA,,195,37.2888013211,127.1075651694,-7.571351,-19.556572,1,11,2,NONE,,
END_BA,,196,37.2888008211,127.1075676694,-7.349939,-19.612232,1,11,2,NONE,,
END_BA,,197,37.2888001544,127.1075703361,-7.113762,-19.686449,1,11,2,NONE,,
END_BA,,198,37.2887993211,127.1075730028,-6.877586,-19.779212,1,11,2,NONE,,
END_BA,,199,37.2887986544,127.1075756694,-6.641418,-19.853429,1,11,2,NONE,,
END_BA,,200,37.2887979877,127.1075783361,-6.405241,-19.927646,1,11,2,NONE,,
END_BA,,201,37.2887974877,127.1075810028,-6.169065,-19.983306,1,11,2,NONE,,
END_BA,,202,37.2887968211,127.1075833361,-5.962416,-20.057512,1,11,2,NONE,,
END_BA,,203,37.2887959877,127.1075856694,-5.755767,-20.150286,1,11,2,NONE,,
END_BA,,204,37.2887953211,127.1075881694,-5.534354,-20.224492,1,11,2,NONE,,
END_BA,,205,37.2887946544,127.1075906694,-5.312942,-20.298709,1,11,2,NONE,,
END_BA,,206,37.2887939877,127.1075930028,-5.106284,-20.372926,1,11,2,NONE,,
END_BA,,207,37.2887934877,127.1075951694,-4.914399,-20.428586,1,11,2,NONE,,
END_BA,,208,37.2887929249,127.1075971824,-4.736117,-20.491237,1,11,2,NONE,,
END_BA,,209,37.2887921544,127.1075995028,-4.530611,-20.577009,1,11,2,NONE,,
END_BA,,210,37.2887916544,127.1076015028,-4.353481,-20.632669,1,11,2,NONE,,
END_BA,,211,37.2887911544,127.1076035028,-4.176351,-20.688329,1,11,2,NONE,,
END_BA,,212,37.2887908211,127.1076053361,-4.013984,-20.725432,1,11,2,NONE,,
END_BA,,213,37.2887904877,127.1076073361,-3.836854,-20.762546,1,11,2,NONE,,
END_BA,,214,37.2887899638,127.1076094696,-3.647900,-20.820866,1,11,2,NONE,,
END_BA,,215,37.2887893211,127.1076116694,-3.453075,-20.892412,1,11,2,NONE,,
END_BA,,216,37.2887888211,127.1076135028,-3.290700,-20.948072,1,11,2,NONE,,
END_BB,,0,37.2887131392,127.1073083758,-30.314298,-29.372981,1,11,2,NONE,,
END_BB,,1,37.2887134894,127.1073070770,-30.429327,-29.333997,1,11,2,NONE,,
END_BB,,2,37.2887136092,127.1073066066,-30.470988,-29.320661,1,11,2,NONE,,
END_BB,,3,37.2887139421,127.1073052037,-30.595236,-29.283602,1,11,2,NONE,,
END_BB,,4,37.2887143696,127.1073033333,-30.760888,-29.236013,1,11,2,NONE,,
END_BB,,5,37.2887150820,127.1073005078,-31.011128,-29.156708,1,11,2,NONE,,
END_BB,,6,37.2887153827,127.1072992542,-31.122153,-29.123235,1,11,2,NONE,,
END_BB,,7,37.2887155885,127.1072984185,-31.196167,-29.100325,1,11,2,NONE,,
END_BB,,8,37.2887158102,127.1072974435,-31.282518,-29.075645,1,11,2,NONE,,
END_BB,,9,37.2887161109,127.1072962695,-31.386494,-29.042171,1,11,2,NONE,,
END_BB,,10,37.2887164604,127.1072950025,-31.498706,-29.003265,1,11,2,NONE,,
END_BB,,11,37.2887171787,127.1072925839,-31.712909,-28.923304,1,11,2,NONE,,
END_BB,,12,37.2887174358,127.1072915574,-31.803821,-28.894683,1,11,2,NONE,,
END_BB,,13,37.2887176475,127.1072906260,-31.886311,-28.871117,1,11,2,NONE,,
END_BB,,14,37.2887178744,127.1072897326,-31.965435,-28.845858,1,11,2,NONE,,
END_BB,,15,37.2887181163,127.1072888772,-32.041193,-28.818930,1,11,2,NONE,,
END_BB,,16,37.2887186003,127.1072872804,-32.182614,-28.765051,1,11,2,NONE,,
END_BB,,17,37.2887194327,127.1072851618,-32.370248,-28.672389,1,11,2,NONE,,
END_BB,,18,37.2887201544,127.1072830029,-32.561451,-28.592049,1,11,2,NONE,,
END_BB,,19,37.2887208211,127.1072808362,-32.753345,-28.517832,1,11,2,NONE,,
END_BB,,20,37.2887216544,127.1072783362,-32.974758,-28.425069,1,11,2,NONE,,
END_BB,,21,37.2887224877,127.1072761695,-33.166652,-28.332306,1,11,2,NONE,,
END_BB,,22,37.2887233587,127.1072740380,-33.355428,-28.235346,1,11,2,NONE,,
END_BB,,23,37.2887244877,127.1072718362,-33.550431,-28.109666,1,11,2,NONE,,
END_BB,,24,37.2887254877,127.1072698362,-33.727561,-27.998346,1,11,2,NONE,,
END_BB,,25,37.2887264877,127.1072676695,-33.919455,-27.887026,1,11,2,NONE,,
END_BB,,26,37.2887277005,127.1072656323,-34.099880,-27.752017,1,11,2,NONE,,
END_BB,,27,37.2887289877,127.1072636695,-34.273715,-27.608726,1,11,2,NONE,,
END_BB,,28,37.2887303211,127.1072620029,-34.421318,-27.460292,1,11,2,NONE,,
END_BB,,29,37.2887319877,127.1072603362,-34.568929,-27.274766,1,11,2,NONE,,
END_BB,,30,37.2887334877,127.1072588362,-34.701777,-27.107786,1,11,2,NONE,,
END_BB,,31,37.2887351544,127.1072573362,-34.834625,-26.922249,1,11,2,NONE,,
END_BB,,32,37.2887369877,127.1072558362,-34.967472,-26.718166,1,11,2,NONE,,
END_BB,,33,37.2887387464,127.1072547176,-35.066541,-26.522387,1,11,2,NONE,,
END_BB,,34,37.2887406544,127.1072535029,-35.174121,-26.309989,1,11,2,NONE,,
END_BB,,35,37.2887426544,127.1072525029,-35.262686,-26.087349,1,11,2,NONE,,
END_BB,,36,37.2887444877,127.1072515029,-35.351251,-25.883266,1,11,2,NONE,,
END_BB,,37,37.2887464877,127.1072503362,-35.454580,-25.660626,1,11,2,NONE,,
END_BB,,38,37.2887484877,127.1072495029,-35.528382,-25.437986,1,11,2,NONE,,
END_BB,,39,37.2887506544,127.1072488362,-35.587428,-25.196789,1,11,2,NONE,,
END_BB,,40,37.2887528211,127.1072483362,-35.631710,-24.955592,1,11,2,NONE,,
END_BB,,41,37.2887548211,127.1072478362,-35.675993,-24.732952,1,11,2,NONE,,
END_BB,,42,37.2887569877,127.1072473362,-35.720276,-24.491766,1,11,2,NONE,,
END_BB,,43,37.2887593211,127.1072468362,-35.764558,-24.232012,1,11,2,NONE,,
END_BB,,44,37.2887611544,127.1072465029,-35.794077,-24.027929,1,11,2,NONE,,
END_BB,,45,37.2887633211,127.1072463362,-35.808841,-23.786732,1,11,2,NONE,,
END_BB,,46,37.2887656544,127.1072461695,-35.823604,-23.526989,1,11,2,NONE,,
END_BB,,47,37.2887676544,127.1072461695,-35.823604,-23.304349,1,11,2,NONE,,
END_BB,,48,37.2887696544,127.1072461695,-35.823604,-23.081709,1,11,2,NONE,,
END_BB,,49,37.2887716544,127.1072463362,-35.808841,-22.859069,1,11,2,NONE,,
END_BB,,50,37.2887736544,127.1072465029,-35.794077,-22.636429,1,11,2,NONE,,
END_BB,,51,37.2887754877,127.1072468362,-35.764558,-22.432346,1,11,2,NONE,,
END_BB,,52,37.2887776544,127.1072473362,-35.720276,-22.191149,1,11,2,NONE,,
END_BB,,53,37.2887794877,127.1072478362,-35.675993,-21.987066,1,11,2,NONE,,
END_BB,,54,37.2887816544,127.1072483362,-35.631710,-21.745869,1,11,2,NONE,,
END_BB,,55,37.2887834956,127.1072489048,-35.581352,-21.540907,1,11,2,NONE,,
END_BB,,56,37.2887854877,127.1072496695,-35.513627,-21.319146,1,11,2,NONE,,
END_BB,,57,37.2887874877,127.1072506695,-35.425062,-21.096506,1,11,2,NONE,,
END_BB,,58,37.2887893211,127.1072513362,-35.366015,-20.892412,1,11,2,NONE,,
END_BB,,59,37.2887911544,127.1072521695,-35.292214,-20.688329,1,11,2,NONE,,
END_BB,,60,37.2887933211,127.1072528362,-35.233168,-20.447132,1,11,2,NONE,,
END_BB,,61,37.2887950223,127.1072535759,-35.167656,-20.257754,1,11,2,NONE,,
END_BB,,62,37.2887969877,127.1072545029,-35.085556,-20.038966,1,11,2,NONE,,
END_BB,,63,37.2887989877,127.1072556695,-34.982236,-19.816326,1,11,2,NONE,,
END_BB,,64,37.2888009877,127.1072566695,-34.893671,-19.593686,1,11,2,NONE,,
END_BB,,65,37.2888029877,127.1072576695,-34.805106,-19.371046,1,11,2,NONE,,
END_BB,,66,37.2888049877,127.1072588362,-34.701777,-19.148406,1,11,2,NONE,,
END_BB,,67,37.2888068211,127.1072601695,-34.583693,-18.944312,1,11,2,NONE,,
END_BB,,68,37.2888088211,127.1072618362,-34.436082,-18.721672,1,11,2,NONE,,
END_BB,,69,37.2888106544,127.1072635029,-34.288470,-18.517589,1,11,2,NONE,,
END_BB,,70,37.2888123211,127.1072650029,-34.155623,-18.332052,1,11,2,NONE,,
END_BB,,71,37.2888141544,127.1072668362,-33.993256,-18.127969,1,11,2,NONE,,
END_BB,,72,37.2888156544,127.1072685029,-33.845645,-17.960989,1,11,2,NONE,,
END_BB,,73,37.2888171544,127.1072703362,-33.683279,-17.794009,1,11,2,NONE,,
END_BB,,74,37.2888186544,127.1072721695,-33.520912,-17.627029,1,11,2,NONE,,
END_BB,,75,37.2888199877,127.1072741695,-33.343782,-17.478606,1,11,2,NONE,,
END_BB,,76,37.2888213211,127.1072760029,-33.181407,-17.330172,1,11,2,NONE,,
END_BB,,77,37.2888226544,127.1072780029,-33.004277,-17.181749,1,11,2,NONE,,
END_BB,,78,37.2888238880,127.1072801854,-32.810983,-17.044425,1,11,2,NONE,,
END_BB,,79,37.2888249877,127.1072823362,-32.620498,-16.922006,1,11,2,NONE,,
END_BB,,80,37.2888261544,127.1072850029,-32.384321,-16.792129,1,11,2,NONE,,
END_BB,,81,37.2888269877,127.1072873362,-32.177672,-16.699366,1,11,2,NONE,,
END_BB,,82,37.2888279877,127.1072895029,-31.985778,-16.588046,1,11,2,NONE,,
END_BB,,83,37.2888289877,127.1072920029,-31.764365,-16.476726,1,11,2,NONE,,
END_BB,,84,37.2888296544,127.1072943362,-31.557717,-16.402509,1,11,2,NONE,,
END_BB,,85,37.2888301544,127.1072966695,-31.351068,-16.346849,1,11,2,NONE,,
END_BB,,86,37.2888304877,127.1072995029,-31.100127,-16.309746,1,11,2,NONE,,
END_BB,,87,37.2888308211,127.1073018362,-30.893478,-16.272632,1,11,2,NONE,,
END_BB,,88,37.2888311496,127.1073043918,-30.667142,-16.236063,1,11,2,NONE,,
END_BB,,89,37.2888314310,127.1073069563,-30.440016,-16.204738,1,11,2,NONE,,
END_BB,,90,37.2888314877,127.1073095029,-30.214477,-16.198426,1,11,2,NONE,,
END_BB,,91,37.2888314877,127.1073121695,-29.978309,-16.198426,1,11,2,NONE,,
END_BB,,92,37.2888313211,127.1073150029,-29.727369,-16.216972,1,11,2,NONE,,
END_BB,,93,37.2888311544,127.1073175029,-29.505956,-16.235529,1,11,2,NONE,,
END_BB,,94,37.2888309877,127.1073201695,-29.269788,-16.254086,1,11,2,NONE,,
END_BB,,95,37.2888308211,127.1073228362,-29.033612,-16.272632,1,11,2,NONE,,
END_BB,,96,37.2888304877,127.1073253362,-28.812199,-16.309746,1,11,2,NONE,,
END_BB,,97,37.2888301544,127.1073281695,-28.561268,-16.346849,1,11,2,NONE,,
END_BB,,98,37.2888298211,127.1073308362,-28.325091,-16.383952,1,11,2,NONE,,
END_BB,,99,37.2888294877,127.1073333362,-28.103678,-16.421066,1,11,2,NONE,,
END_BB,,100,37.2888291544,127.1073360029,-27.867502,-16.458169,1,11,2,NONE,,
END_BB,,101,37.2888286544,127.1073388362,-27.616570,-16.513829,1,11,2,NONE,,
END_BB,,102,37.2888281544,127.1073416695,-27.365639,-16.569489,1,11,2,NONE,,
END_BB,,103,37.2888276544,127.1073445029,-27.114699,-16.625149,1,11,2,NONE,,
END_BB,,104,37.2888273211,127.1073471695,-26.878531,-16.662252,1,11,2,NONE,,
END_BB,,105,37.2888268211,127.1073500029,-26.627591,-16.717912,1,11,2,NONE,,
END_BB,,106,37.2888263211,127.1073526695,-26.391423,-16.773572,1,11,2,NONE,,
END_BB,,107,37.2888258211,127.1073555029,-26.140483,-16.829232,1,11,2,NONE,,
END_BB,,108,37.2888251544,127.1073581695,-25.904315,-16.903449,1,11,2,NONE,,
END_BB,,109,37.2888244877,127.1073610029,-25.653375,-16.977666,1,11,2,NONE,,
END_BB,,110,37.2888239877,127.1073636695,-25.417207,-17.033326,1,11,2,NONE,,
END_BB,,111,37.2888234877,127.1073665029,-25.166267,-17.088986,1,11,2,NONE,,
END_BB,,112,37.2888228211,127.1073691695,-24.930099,-17.163192,1,11,2,NONE,,
END_BB,,113,37.2888219877,127.1073720029,-24.679159,-17.255966,1,11,2,NONE,,
END_BB,,114,37.2888213211,127.1073746695,-24.442991,-17.330172,1,11,2,NONE,,
END_BB,,115,37.2888206606,127.1073771378,-24.224386,-17.403699,1,11,2,NONE,,
END_BB,,116,37.2888199877,127.1073801695,-23.955883,-17.478606,1,11,2,NONE,,
END_BB,,117,37.2888193211,127.1073828361,-23.719715,-17.552812,1,11,2,NONE,,
END_BB,,118,37.2888186544,127.1073853362,-23.498294,-17.627029,1,11,2,NONE,,
END_BB,,119,37.2888178211,127.1073878362,-23.276881,-17.719792,1,11,2,NONE,,
END_BB,,120,37.2888169877,127.1073905028,-23.040714,-17.812566,1,11,2,NONE,,
END_BB,,121,37.2888161544,127.1073930029,-22.819292,-17.905329,1,11,2,NONE,,
END_BB,,122,37.2888154877,127.1073956695,-22.583124,-17.979546,1,11,2,NONE,,
END_BB,,123,37.2888148211,127.1073983361,-22.346957,-18.053752,1,11,2,NONE,,
END_BB,,124,37.2888139877,127.1074010029,-22.110771,-18.146526,1,11,2,NONE,,
END_BB,,125,37.2888129877,127.1074036694,-21.874612,-18.257846,1,11,2,NONE,,
END_BB,,126,37.2888123211,127.1074061694,-21.653200,-18.332052,1,11,2,NONE,,
END_BB,,127,37.2888114877,127.1074090028,-21.402259,-18.424826,1,11,2,NONE,,
END_BB,,128,37.2888108211,127.1074116694,-21.166092,-18.499032,1,11,2,NONE,,
END_BB,,129,37.2888098211,127.1074143361,-20.929915,-18.610352,1,11,2,NONE,,
END_BB,,130,37.2888089877,127.1074170028,-20.693739,-18.703126,1,11,2,NONE,,
END_BB,,131,37.2888081544,127.1074196694,-20.457571,-18.795889,1,11,2,NONE,,
END_BB,,132,37.2888073913,127.1074222646,-20.227727,-18.880837,1,11,2,NONE,,
END_BB,,133,37.2888066637,127.1074250997,-19.976636,-18.961834,1,11,2,NONE,,
END_BB,,134,37.2888059877,127.1074278361,-19.734287,-19.037086,1,11,2,NONE,,
END_BB,,135,37.2888053211,127.1074303361,-19.512874,-19.111292,1,11,2,NONE,,
END_BB,,136,37.2888044877,127.1074330028,-19.276697,-19.204066,1,11,2,NONE,,
END_BB,,137,37.2888036544,127.1074356694,-19.040530,-19.296829,1,11,2,NONE,,
END_BB,,138,37.2888029877,127.1074383361,-18.804353,-19.371046,1,11,2,NONE,,
END_BB,,139,37.2888023211,127.1074411694,-18.553422,-19.445252,1,11,2,NONE,,
END_BB,,140,37.2888014877,127.1074438361,-18.317245,-19.538026,1,11,2,NONE,,
END_BB,,141,37.2888006544,127.1074468361,-18.051550,-19.630789,1,11,2,NONE,,
END_BB,,142,37.2887998211,127.1074498361,-17.785855,-19.723552,1,11,2,NONE,,
END_BB,,143,37.2887993211,127.1074526694,-17.534923,-19.779212,1,11,2,NONE,,
END_BB,,144,37.2887984877,127.1074556694,-17.269228,-19.871986,1,11,2,NONE,,
END_BB,,145,37.2887978211,127.1074583361,-17.033052,-19.946192,1,11,2,NONE,,
END_BB,,146,37.2887971544,127.1074611694,-16.782120,-20.020409,1,11,2,NONE,,
END_BB,,147,37.2887961544,127.1074641694,-16.516425,-20.131729,1,11,2,NONE,,
END_BB,,148,37.2887954877,127.1074668361,-16.280248,-20.205946,1,11,2,NONE,,
END_BB,,149,37.2887948211,127.1074696694,-16.029317,-20.280152,1,11,2,NONE,,
END_BB,,150,37.2887939877,127.1074723361,-15.793140,-20.372926,1,11,2,NONE,,
END_BB,,151,37.2887931544,127.1074751694,-15.542209,-20.465689,1,11,2,NONE,,
END_BB,,152,37.2887924877,127.1074780028,-15.291269,-20.539906,1,11,2,NONE,,
END_BB,,153,37.2887918444,127.1074805228,-15.068085,-20.611518,1,11,2,NONE,,
END_BB,,154,37.2887911544,127.1074835028,-14.804161,-20.688329,1,11,2,NONE,,
END_BB,,155,37.2887903211,127.1074865028,-14.538465,-20.781092,1,11,2,NONE,,
END_BB,,156,37.2887896544,127.1074891694,-14.302298,-20.855309,1,11,2,NONE,,
END_BB,,157,37.2887888211,127.1074920028,-14.051357,-20.948072,1,11,2,NONE,,
END_BB,,158,37.2887878211,127.1074948361,-13.800426,-21.059392,1,11,2,NONE,,
END_BB,,159,37.2887871544,127.1074975028,-13.564249,-21.133609,1,11,2,NONE,,
END_BB,,160,37.2887863211,127.1075003361,-13.313318,-21.226372,1,11,2,NONE,,
END_BB,,161,37.2887856544,127.1075030028,-13.077142,-21.300589,1,11,2,NONE,,
END_BB,,162,37.2887848592,127.1075058260,-12.827105,-21.389111,1,11,2,NONE,,
END_BB,,163,37.2887839877,127.1075085028,-12.590034,-21.486126,1,11,2,NONE,,
END_BB,,164,37.2887833211,127.1075111694,-12.353866,-21.560332,1,11,2,NONE,,
END_BB,,165,37.2887826544,127.1075138361,-12.117689,-21.634549,1,11,2,NONE,,
END_BB,,166,37.2887819877,127.1075166694,-11.866758,-21.708766,1,11,2,NONE,,
END_BB,,167,37.2887813211,127.1075193361,-11.630581,-21.782972,1,11,2,NONE,,
END_BB,,168,37.2887804877,127.1075223361,-11.364886,-21.875746,1,11,2,NONE,,
END_BB,,169,37.2887796544,127.1075251694,-11.113955,-21.968509,1,11,2,NONE,,
END_BB,,170,37.2887789877,127.1075278361,-10.877778,-22.042726,1,11,2,NONE,,
END_BB,,171,37.2887783211,127.1075308361,-10.612083,-22.116932,1,11,2,NONE,,
END_BB,,172,37.2887774877,127.1075336694,-10.361152,-22.209706,1,11,2,NONE,,
END_BB,,173,37.2887766544,127.1075365028,-10.110211,-22.302469,1,11,2,NONE,,
END_BB,,174,37.2887758211,127.1075393361,-9.859280,-22.395232,1,11,2,NONE,,
END_BB,,175,37.2887754877,127.1075410028,-9.711668,-22.432346,1,11,2,NONE,,
END_BB,,176,37.2887748211,127.1075436694,-9.475501,-22.506552,1,11,2,NONE,,
END_BB,,177,37.2887741544,127.1075465028,-9.224560,-22.580769,1,11,2,NONE,,
END_BB,,178,37.2887733211,127.1075491694,-8.988393,-22.673532,1,11,2,NONE,,
END_BB,,179,37.2887724877,127.1075518361,-8.752216,-22.766306,1,11,2,NONE,,
END_BB,,180,37.2887714877,127.1075546694,-8.501285,-22.877626,1,11,2,NONE,,
END_BB,,181,37.2887708211,127.1075573361,-8.265108,-22.951832,1,11,2,NONE,,
END_BB,,182,37.2887699877,127.1075600028,-8.028932,-23.044606,1,11,2,NONE,,
END_BB,,183,37.2887693211,127.1075628361,-7.778000,-23.118812,1,11,2,NONE,,
END_BB,,184,37.2887684877,127.1075656694,-7.527069,-23.211586,1,11,2,NONE,,
END_BB,,185,37.2887673211,127.1075683361,-7.290892,-23.341452,1,11,2,NONE,,
END_BB,,186,37.2887664877,127.1075711694,-7.039961,-23.434226,1,11,2,NONE,,
END_BB,,187,37.2887656544,127.1075740028,-6.789021,-23.526989,1,11,2,NONE,,
END_BB,,188,37.2887649877,127.1075768361,-6.538089,-23.601206,1,11,2,NONE,,
END_BB,,189,37.2887644877,127.1075793361,-6.316676,-23.656866,1,11,2,NONE,,
END_BB,,190,37.2887638211,127.1075816694,-6.110027,-23.731072,1,11,2,NONE,,
END_BB,,191,37.2887629877,127.1075841694,-5.888615,-23.823846,1,11,2,NONE,,
END_BB,,192,37.2887623211,127.1075866694,-5.667202,-23.898052,1,11,2,NONE,,
END_BB,,193,37.2887616544,127.1075891694,-5.445789,-23.972269,1,11,2,NONE,,
END_BB,,194,37.2887611544,127.1075915028,-5.239132,-24.027929,1,11,2,NONE,,
END_BB,,195,37.2887604877,127.1075938361,-5.032483,-24.102146,1,11,2,NONE,,
END_BB,,196,37.2887596544,127.1075961694,-4.825834,-24.194909,1,11,2,NONE,,
END_BB,,197,37.2887589877,127.1075983361,-4.633940,-24.269126,1,11,2,NONE,,
END_BB,,198,37.2887584877,127.1076003361,-4.456810,-24.324786,1,11,2,NONE,,
END_BB,,199,37.2887581544,127.1076020028,-4.309198,-24.361889,1,11,2,NONE,,
END_BB,,200,37.2887574948,127.1076050088,-4.042972,-24.435316,1,11,2,NONE,,
